/*
Navicat MySQL Data Transfer

Source Server         : project_fyk
Source Server Version : 50562
Source Host           : localhost:3306
Source Database       : project_fyk

Target Server Type    : MYSQL
Target Server Version : 50562
File Encoding         : 65001

Date: 2019-08-08 17:36:50
*/

SET FOREIGN_KEY_CHECKS=0;

-- ----------------------------
-- Table structure for `act_evt_log`
-- ----------------------------
DROP TABLE IF EXISTS `act_evt_log`;
CREATE TABLE `act_evt_log` (
  `LOG_NR_` bigint(20) NOT NULL AUTO_INCREMENT,
  `TYPE_` varchar(64) COLLATE utf8_bin DEFAULT NULL,
  `PROC_DEF_ID_` varchar(64) COLLATE utf8_bin DEFAULT NULL,
  `PROC_INST_ID_` varchar(64) COLLATE utf8_bin DEFAULT NULL,
  `EXECUTION_ID_` varchar(64) COLLATE utf8_bin DEFAULT NULL,
  `TASK_ID_` varchar(64) COLLATE utf8_bin DEFAULT NULL,
  `TIME_STAMP_` timestamp NOT NULL DEFAULT CURRENT_TIMESTAMP ON UPDATE CURRENT_TIMESTAMP,
  `USER_ID_` varchar(255) COLLATE utf8_bin DEFAULT NULL,
  `DATA_` longblob,
  `LOCK_OWNER_` varchar(255) COLLATE utf8_bin DEFAULT NULL,
  `LOCK_TIME_` timestamp NULL DEFAULT NULL,
  `IS_PROCESSED_` tinyint(4) DEFAULT '0',
  PRIMARY KEY (`LOG_NR_`)
) ENGINE=InnoDB DEFAULT CHARSET=utf8 COLLATE=utf8_bin;

-- ----------------------------
-- Records of act_evt_log
-- ----------------------------

-- ----------------------------
-- Table structure for `act_ge_bytearray`
-- ----------------------------
DROP TABLE IF EXISTS `act_ge_bytearray`;
CREATE TABLE `act_ge_bytearray` (
  `ID_` varchar(64) COLLATE utf8_bin NOT NULL DEFAULT '',
  `REV_` int(11) DEFAULT NULL,
  `NAME_` varchar(255) COLLATE utf8_bin DEFAULT NULL,
  `DEPLOYMENT_ID_` varchar(64) COLLATE utf8_bin DEFAULT NULL,
  `BYTES_` longblob,
  `GENERATED_` tinyint(4) DEFAULT NULL,
  PRIMARY KEY (`ID_`),
  KEY `ACT_FK_BYTEARR_DEPL` (`DEPLOYMENT_ID_`),
  CONSTRAINT `ACT_FK_BYTEARR_DEPL` FOREIGN KEY (`DEPLOYMENT_ID_`) REFERENCES `act_re_deployment` (`ID_`)
) ENGINE=InnoDB DEFAULT CHARSET=utf8 COLLATE=utf8_bin;

-- ----------------------------
-- Records of act_ge_bytearray
-- ----------------------------
INSERT INTO `act_ge_bytearray` VALUES ('2', '1', 'E:\\workspaceIDEA\\project_base\\project_web\\target\\classes\\processes\\test.bpmn', '1', 0x3C3F786D6C2076657273696F6E3D22312E302220656E636F64696E673D225554462D3822207374616E64616C6F6E653D22796573223F3E0D0A3C646566696E6974696F6E7320786D6C6E733D22687474703A2F2F7777772E6F6D672E6F72672F737065632F42504D4E2F32303130303532342F4D4F44454C2220786D6C6E733A61637469766974693D22687474703A2F2F61637469766974692E6F72672F62706D6E2220786D6C6E733A62706D6E64693D22687474703A2F2F7777772E6F6D672E6F72672F737065632F42504D4E2F32303130303532342F44492220786D6C6E733A6F6D6764633D22687474703A2F2F7777772E6F6D672E6F72672F737065632F44442F32303130303532342F44432220786D6C6E733A6F6D6764693D22687474703A2F2F7777772E6F6D672E6F72672F737065632F44442F32303130303532342F44492220786D6C6E733A746E733D22687474703A2F2F7777772E61637469766974692E6F72672F746573742220786D6C6E733A7873643D22687474703A2F2F7777772E77332E6F72672F323030312F584D4C536368656D612220786D6C6E733A7873693D22687474703A2F2F7777772E77332E6F72672F323030312F584D4C536368656D612D696E7374616E6365222065787072657373696F6E4C616E67756167653D22687474703A2F2F7777772E77332E6F72672F313939392F5850617468222069643D226D3135363035303131393735313322206E616D653D2222207461726765744E616D6573706163653D22687474703A2F2F7777772E61637469766974692E6F72672F746573742220747970654C616E67756167653D22687474703A2F2F7777772E77332E6F72672F323030312F584D4C536368656D61223E0D0A20203C70726F636573732069643D226D7950726F636573735F3122206973436C6F7365643D2266616C73652220697345786563757461626C653D2274727565222070726F63657373547970653D224E6F6E65223E0D0A202020203C73746172744576656E742069643D225F3222206E616D653D2253746172744576656E74222F3E0D0A202020203C656E644576656E742069643D225F3322206E616D653D22456E644576656E74222F3E0D0A202020203C757365725461736B2061637469766974693A6578636C75736976653D2274727565222069643D225F3522206E616D653D22557365725461736B222F3E0D0A202020203C73657175656E6365466C6F772069643D225F362220736F757263655265663D225F3222207461726765745265663D225F35222F3E0D0A202020203C73657175656E6365466C6F772069643D225F372220736F757263655265663D225F3522207461726765745265663D225F33222F3E0D0A20203C2F70726F636573733E0D0A20203C62706D6E64693A42504D4E4469616772616D20646F63756D656E746174696F6E3D226261636B67726F756E643D233343334634313B636F756E743D313B686F72697A6F6E74616C636F756E743D313B6F7269656E746174696F6E3D303B77696474683D3834322E343B6865696768743D313139352E323B696D61676561626C6557696474683D3833322E343B696D61676561626C654865696768743D313138352E323B696D61676561626C65583D352E303B696D61676561626C65593D352E30222069643D224469616772616D2D5F3122206E616D653D224E6577204469616772616D223E0D0A202020203C62706D6E64693A42504D4E506C616E652062706D6E456C656D656E743D226D7950726F636573735F31223E0D0A2020202020203C62706D6E64693A42504D4E53686170652062706D6E456C656D656E743D225F32222069643D2253686170652D5F32223E0D0A20202020202020203C6F6D6764633A426F756E6473206865696768743D2233322E30222077696474683D2233322E302220783D223139302E302220793D223130352E30222F3E0D0A20202020202020203C62706D6E64693A42504D4E4C6162656C3E0D0A202020202020202020203C6F6D6764633A426F756E6473206865696768743D2233322E30222077696474683D2233322E302220783D22302E302220793D22302E30222F3E0D0A20202020202020203C2F62706D6E64693A42504D4E4C6162656C3E0D0A2020202020203C2F62706D6E64693A42504D4E53686170653E0D0A2020202020203C62706D6E64693A42504D4E53686170652062706D6E456C656D656E743D225F33222069643D2253686170652D5F33223E0D0A20202020202020203C6F6D6764633A426F756E6473206865696768743D2233322E30222077696474683D2233322E302220783D223137352E302220793D223437302E30222F3E0D0A20202020202020203C62706D6E64693A42504D4E4C6162656C3E0D0A202020202020202020203C6F6D6764633A426F756E6473206865696768743D2233322E30222077696474683D2233322E302220783D22302E302220793D22302E30222F3E0D0A20202020202020203C2F62706D6E64693A42504D4E4C6162656C3E0D0A2020202020203C2F62706D6E64693A42504D4E53686170653E0D0A2020202020203C62706D6E64693A42504D4E53686170652062706D6E456C656D656E743D225F35222069643D2253686170652D5F35223E0D0A20202020202020203C6F6D6764633A426F756E6473206865696768743D2235352E30222077696474683D2238352E302220783D223136302E302220793D223236352E30222F3E0D0A20202020202020203C62706D6E64693A42504D4E4C6162656C3E0D0A202020202020202020203C6F6D6764633A426F756E6473206865696768743D2235352E30222077696474683D2238352E302220783D22302E302220793D22302E30222F3E0D0A20202020202020203C2F62706D6E64693A42504D4E4C6162656C3E0D0A2020202020203C2F62706D6E64693A42504D4E53686170653E0D0A2020202020203C62706D6E64693A42504D4E456467652062706D6E456C656D656E743D225F36222069643D2242504D4E456467655F5F362220736F75726365456C656D656E743D225F322220746172676574456C656D656E743D225F35223E0D0A20202020202020203C6F6D6764693A776179706F696E7420783D223230362E302220793D223133372E30222F3E0D0A20202020202020203C6F6D6764693A776179706F696E7420783D223230362E302220793D223236352E30222F3E0D0A20202020202020203C62706D6E64693A42504D4E4C6162656C3E0D0A202020202020202020203C6F6D6764633A426F756E6473206865696768743D22302E30222077696474683D22302E302220783D22302E302220793D22302E30222F3E0D0A20202020202020203C2F62706D6E64693A42504D4E4C6162656C3E0D0A2020202020203C2F62706D6E64693A42504D4E456467653E0D0A2020202020203C62706D6E64693A42504D4E456467652062706D6E456C656D656E743D225F37222069643D2242504D4E456467655F5F372220736F75726365456C656D656E743D225F352220746172676574456C656D656E743D225F33223E0D0A20202020202020203C6F6D6764693A776179706F696E7420783D223139312E302220793D223332302E30222F3E0D0A20202020202020203C6F6D6764693A776179706F696E7420783D223139312E302220793D223437302E30222F3E0D0A20202020202020203C62706D6E64693A42504D4E4C6162656C3E0D0A202020202020202020203C6F6D6764633A426F756E6473206865696768743D22302E30222077696474683D22302E302220783D22302E302220793D22302E30222F3E0D0A20202020202020203C2F62706D6E64693A42504D4E4C6162656C3E0D0A2020202020203C2F62706D6E64693A42504D4E456467653E0D0A202020203C2F62706D6E64693A42504D4E506C616E653E0D0A20203C2F62706D6E64693A42504D4E4469616772616D3E0D0A3C2F646566696E6974696F6E733E0D0A, '0');
INSERT INTO `act_ge_bytearray` VALUES ('3', '1', 'E:\\workspaceIDEA\\project_base\\project_web\\target\\classes\\processes\\test.myProcess_1.png', '1', 0x89504E470D0A1A0A0000000D49484452000000FF0000020008060000004D53BA2F0000161A4944415478DAEDDD0D7454657EC7F155A1A2C7963D2DAD6FEB4B2B6BD152CFB6E84AEBE266755DA425AEA8933BF76680D1DA20100828880D6FD1ACB51BE2063416A15674432BD4965D378B10DE62E0B804036EC88AB1BCCA81104CB00B644920046EFFFF390967088417093393F97F3FE73C8790C1C4F34B7EF33CCF9D7BEF7CED6B00000000000000000000000000000000000000000000000000000000000000000000000000000000000000000000000000000000000000000000000000000000000000000000000000000000000000000000000000000000000000000000000000000000000000000000000000000000000000000000000000000000000000000000000000000000000000000000000000000000000000000000000040A2F37DBF474949C9F8C2C2C2753366CCD8FFCC33CF1C0D87C37E3018F443A1D0F1F1E3C71F9E366DDAB6E79F7F7ED1D8B163BF47624017B767CF9E7E4545451F6665651D1B356A943F6FDE3CBFBCBCDCAFADADF59B9A9A7CD5DCDCECD7D5D5F9151515FEFCF9F3FD9123471E1F3366CC97D9D9D92F040281AB4811E85A33FD55A5A5A5CB3233338FE7E7E7FB55555591929FAB4D9B36F9B24AF09F7CF2C9434F3FFDF4601205BAC86C3F6BD6AC03E3C68DF32B2B2BFD0BF1D9679FF9B20D68193162C42F659BD083748104D5D0D0F0DD2953A634BFF2CA2BFEC18307FDCEA0DB03F97A47478F1E5DC6360048D0195F8B9F9797E7B7B4B4F89D6DF6ECD9CDB20258919292D28DB48104DAE3EB525F67FC8B51FC363367CE6C0C8542EF90389020F4E09EEEF13B6BA97FA62DC0A851A30E0483C11452071260B9AF47F5F5887E2CE841C0F4F4F4BDECFF8138D3D7F1F5E5BC58CACDCDDD2AB3FF04D207E2B7D7EFA127F0C46AD66F535D5D7DC4F3BC9D1CFC03E264F9F2E513F4CCBD8B7990AF23E170B8CE719CFEFC148038D073F5F594DD78282828A894A57F2E3F05200EF4221D3D573F1ED6AE5DBB4BCAFF2E3F05200EF4EA3CBD48271EF6EDDBF7A594BF9A9F02100743870E3D71755EACE9854252FE267E0A401CE8F5F8F1A4DF9F9F021007C3870F3F1EC7997F1F333F10BF3D7F53BCF6FC7575755BD8F30371327DFAF4CDF13ADA5F5252F23E47FB8138C9CDCD7D275EAFF34F9D3AB598D7F98138193366CCB7F59E7B7138C3AF494FEFE50C3F208EB2B2B2EA637D6EBF6C3574C9BF8373FB81389A3265CAF4FCFCFCE3B12CFF8811238AB9AA0F8833BDB16646464683DE713716D6AD5B57A2B33ED7F303092033337390ECFF9B2FF69D7C1A1B1BF7CA5E7F3377F20112C8534F3DF5F3828282C317F1E05FC3C8912375AF5F44DA4002D1836FB20228292C2C3C72119E001AB2B3B317EAEBFADCBF1F48D02700D9FFBFFFF2CB2FFFEED0A1439DB6D41F3D7AB41EE07B977D3E90E04F0043870E9D2FDB80031B376E6CB9D0837BAD7BFC22667CA08BD08372A150A866DAB469DBE549E07CB6024D1515154BF418821ED5E7E01ED005E96CED384EA6EBBA5B870D1BB62F3F3FBFB2ACAC6CE7DEBD7BEBDADEB853AFCED38B74962D5B56A2A7ECEA997BADA59FC0321F488E95C09D32A6C813C13BF284F06BBD1C57AFC76FFDB35AF7F4F2D84B7ACA2E67EE01494C66F5DF93C21F2109C05EF9AF92F237900460AFFC7F28E5FF9224007BE5BF46CA5F4B1280BDF2DF28E5DF491280BDF2F796F26F2109C05EF96F775D77134900C6789EF72D7DBD9F24007BE5FFB62CFBD79104608C2CF9BF23E55F431280BDF2DF27E55F491280BDF23F28E55F4212803152FC8764BC471280BDF23FC6DB6D0136CBEFC9F80F9200EC953F2C631E4900F6CA9F21630E4900C6E8EDBDA4FCAF920460AFFC4FBBAEFB324900F6CAFF9CDEB38F24007BE59F26E57F9E240063A4F83F922780C92401D82B7F9E947F224900F6CA3F53CA9F45128031C160F05FA5FC234902B057FE3764FC034900F6CAFF5319434902B057FE05321C9200EC957F918C212401D82BFF2F65FC3D4900F6CABFCC75DD074802B057FE0FA4FCDF2509C05EF97F25E5FF1B9200EC957FBDE779FD480230C6719CAAF4F4F4BF2409C01859F27F160804FE9C24007BCBFEED52FE3F2509C05EF9774BF9AF2709C05EF9EBA4FC7F4C1280BDF2EF97F2F72409C05EF91BA5FC57900460AFFC2D52FECB480230242727E75229FF3192008C0987C33DA4FC4D240118939E9EFE0752FE03240118E3BA6E2F297F3D4900C648F1AF9351431280BDF2DF2C63074900C6388E73AB94FF7F4902B057FEBE52FEDF900460AFFC7F2DE5DF401280BDF2F797F2AF2509C098B4B4B47B5DD72D2309C05EF9BF2FE55F4E1280319EE7FD9D2CFD179304608CCCFA0F4BF97F461280BDF2A70583C1852401D82B7F48CA5F4412803152FC2764FC3B4900F6CAFF948CD92401D82BFF5819B34802B057FE093266900460AFFCD9325E2409C05EF973644C2709C05EF9FFD975DD7F2209C018C771F2A5FCCF900460AFFCAF48F9C7900460AFFCAF4BF9479004608C14FF4D7902789C24007BE59F2FE54F2709C05EF9FF4BCA1F2009C0986030F87329FF0F4902B057FEF7A5FC834802B057FE1532EE2709C05EF957CB18401280BDF297CBB89B24007BE5FF58C65F910460AFFC9FB8AEFB172401D82BFF66CFF3BE491280BDF27F2EE5BF8924007BE5DF130A85AE2509C05EF9F70D1B36EC8F480230C675DD830F3DF4D0EF9304606FE63F3C68D0A0CB4902B057FEE3F2C725240118929292D24DCA7F94240063525353AF94F21F2209C0987038FC75C7717E4B12803143870EFD1399F9BF2009C098F4F4F46F48F9779104608CE7797F26E5DF46128031AEEBF691F257930460AFFC7748F9379204608C14FF4E19152401D82BFFDFCAF89024007BE54F91514A1280318EE3FC40CA5F421280BDF20F96F217930460AFFC8F48F9FF8724007BE50FBAAEFB0E4900F6CA3F4CCAFF364900C648F19F9427807F2309C05EF94749F95F2309C05EF9C749F90B4802B057FE67A5FC3F2609C09860303845462E4900F6CAFF828CA92401D82BFFBFC898441280BDF2FF44C6789200EC95BF50C6689200EC957FAE8C7F2409C05EF9DF725D77384900F6CAFF9F527E972400631CC7F96FE9FEA32401D82BFF2FA4FCA92401D82BFF52CFF306920490C46486EF257BFC9BF5CD39A33EB72A2D2DED7BA40324F72CFF9C94DF3FDDD077EA953F77E8BBF7443F3900480252EA1E52EEDA8E9E005AC70C92029290947BC2198ADFA45B0352029277DFDFD041F973480848EED97FC6E9F6FCECF581E49FFDFBB42FBFDEC89364001BB37F51D4ACBF252525A51BA90006040281DE52FCA3AD4F005CD20B189BFD8B651C9327829EA401D82AFF9DB2E43F9A9191D19D34804EE0FB7EB7EDDBB7BF5B5E5E7E6CE5CA95FEF2E5CB195F61AC58B1C25FBD7AF53E19217EABD02568F1D7AC59E3D7D5D5F9478E1C615CC0A8AFAFF7CBCACA0EC813C163FC6621E1E98C4FF13BF509E088AC04AAF9CD42C2D3A53EA5EDDC21E53FCA6F16129EEE57296CA797DFE7370B4953FEDFEDAFF5B757CCF337AD782132F463FD1C65A7FC48E2F237FCB6C6FFA464AABF71F1C493867E4E1FA3F0941F495AFE5D9B7E714AF1DBC6EE4DC5149EF22359CB5F5DFAE30ECBAF8F5178CA8F242DFF27CB733A2CBF3E46E1293F283F83F22399CAAF47F73B2ABF3E46E1293F92B4FC5B3E2CECB0FCFA1885A7FC48D2F27F5953E57FB26CFAA94B7EF99C3E46E1293F92B4FC3A76ACFFE929E5D7CF5176CA8F642EFFE1C3FE965FCD3E75C92F9FD3C7283CE54712965FCFE0DBFCE1AB1DEEF9F531CEF2A3FC48A6F2CB8C5EBB6595FF9BA5D91D16BF6DE8BFD17FCB2A80F2A38B97FF6CB33DAB00CA8F242DFFB9CCF6675A05507ECA8F2E5AFEAF5AFCB641F9293F92E5683F83F283F233283F283F83F283F233283F283F83F283F2537E80F2537E80F2537E2069CA2F5F26323AFA7B678DB6AFDB7E74D6FF37E507E54FD0F277F6D7A7FCA0FC17B1FCEFBDF79EDFB76F5FBF7BF7EEFE15575CE1DF7BEFBDFEB66DDB4EBCABEDB061C3FCCB2FBF3CF2D8A38F3EEAEFDEBDFBA4AFA1FFFEAEBBEE3A6B69CBCACAFCDB6FBF3DF27DAEBEFA6AFFADB7DE3AEBF78FFE3A797979918F274F9E4CF941F93BA3FC3D7BF68C7CBC63C70EFFA38F3E8A7CDC56E670381CF9FBC71F7FEC575656463E1E3870E0495F43DF4874CF9E3D672DBF165FBFFEAE5DBB228FE9F73DDBF76FFB3AAFBFFE7AE4CF279E7882991F94FF7CC665975D764AF9F573FAF13DF7DC13F9BBCEBC83060DF25F7BEDB5C88CAF8FE98CDF7EFFAE9F8B2E665353D3392DD7B5DC93264D8A143BFAF1337DFFF6DF7BD6AC59941F94FF7C862EA7DB975F3FA71F6B79F57B8C1D3BD6BFE1861B228FDD7AEBAD2795FF5C0B7EA6C7FAF4E913F95C7171F1498F9FE9FBB7FDBBCCCCCCC8FFAF6E0F283F28FF790C9D51B544FAB5D6AC597362AFAE8FDD7DF7DD91BFAF5DBB36B27CD78FAFBFFEFAC8639EE745FE3E77EEDCC8D25F3F1E3060C0572A7FDB1349DBD7697BFC4CDF3FFADF8542A1C8C7A5A5A5941F94FF5CC7CE9D3BFD071E782052405DEEA7A4A49C38A8A68F0D19322432B3EAD25B97E57A704E1FDBBB776F64DFAF8FE97FABFB7DFDF75FA5FCBA9CD7AFA1FBF6E8C7CFF4FDA3FFDDE2C58B231FA7A5A5517E507E06E507E567507E507E06E507E567507E507E06E507E5A7FC941F949FF203949FF203949FF203949FF203949FF203949FF203949FF203949FF203949FF203174CEF9147613B753449F98FF29B8584B77AF5EADABABA3A4ADB49A3A6A6668194BF9ADF2C24BC55AB56FDF0830F3ED8FFC5175F34266AA10E1F3EDC25667C2DFE8A152B76CA788CDF2C7409F2CB3A5866AB0A5DAEEA7E35D186DEEB6FD9B2657E22FEBF450DCDAE9AE2039D241008F40C0683FB4902304666FD9BA4FC3B490230C675DD3BA4FC1B490230468A3F40C66A9200ECCDFCA952FE629200EC953F24E52F2209C018C77132A5FC852401D82BFF6429FF8B2401D85BF6E7C913C04492008C91597FAE8C0C9200EC957FA1CCFE692401D8DBF32FF53C6F204900F666FE727902E84F1280BDF257CBB2BF0F4900F6CABF27140A5D4B1280BDF237A6A6A65E49128021191919DDA5FCCD240118237BFD5E52FE7A92008C090402BDA5FC5B490230C6F3BC7E52FEF524011823C5BF5FC64A92008C711CE71129FF229200EC95FF71D775DF2409C0DEB27FBC3C0114900460AFFC3932A69304606FD95F20CBFE712401D89BF9E7E9BE9F24007BE55F2463084900F6CABF5296FDF7910460AFFC1BF42C3F9200EC957FABECF96F2109C05EF9F7E9957D2401D82B7FB35ED34F1280217AF71E29FF219200ECCDFAD7E9FDFB480230C6719CDBA4FC9F920460AFFCFDA5FC6B490230C675DD07F5DD7A4802B0B7E777642C2009C05EF93364CC2109C0DEB2FF5919792401D89BF95F94914D1280BDF217CA184D1280BD65FF7C19219200ECCDFCC58EE30C2609C05EF9D7C8184012803132EB57C9B2FF0E9200ECCDFC3B0381C08D2401D82BFF01297F4F92000CC9C9C9B954CADF221F5E421A80213AE34BF9F79304608CE77937E99E9F240063F428BF947F234900C6E8EBFB32569304606FE64FD533FC4802B057FE9094BF882400631CC7C9D4ABFA4802B057FEC97A3D3F4900F696FD79F204309124006364D69FABF7F02309C05EF917CAEC9F461280BD3DFF52CFF3069204606FE62FD777EC2109C05EF9AB65D9DF8724007BE5DF130A85AE2509C05EF91B535353AF2409C0908C8C8CEE52FE6692008C91BD7E2F297F3D4900C6040281DE52FEAD240118E3795E3F29FF7A92008C91E2DF2F63254900C6388EF388947F114900F6CAFFB8EBBA6F9204606FD93F5E9E000A4802B057FE1C19D34902B0B7EC2F9065FF389200ECCDFCF374DF4F1280BDF22F92318424007BE55F29CBFEFB4802B057FE0D7A961F4900F6CABF55F6FCB7900460AFFCFBF4CA3E9200EC95BF59AFE92709C010BD7B8F94FF104900F666FDEBF4FE7D240118E338CE6D52FE4F4902B057FEFE52FEB5240118E3BAEE83FA6E3D2401D8DBF33B3216900460AFFC1932E69004606FD9FFAC8C3C9200ECCDFC2FCAC82609C05EF90B658C2609C0DEB27FBE8C104900F666FE62C77106930460AFFC6B640C2009C01899F5AB64D97F074900F666FE9D8140E0469200EC95FF8094BF27490086E4E4E45C2AE56F910F2F210DC0109DF1A5FCFB490230C6F3BC9B74CF4F1280317A945FCABF91240063F4F57D19AB4902B037F3A7EA197E2401D82B7F48CA5F441280318EE364EA557D2401D82BFF64BD9E9F24007BCBFE3C7902984812803132EBCFD57BF8910460AFFC0B65F64F2309C0DE9E7FA9E779034902B037F397EB3BF6900460AFFCD5B2ECEF431280BDF2EF098542D7920460AFFC8DA9A9A9579204604846464677297F334900C6C85EBF9794BF9E2400630281406F29FF5692008CF13CAF9F947F3D4900C648F1EF97B1922400631CC77944CABF8824007BE57FDC75DD374902B0B7EC1F2F4F00052401D82B7F8E8CE92401D85BF617C8B27F1C4900F666FE79BAEF2709C05EF917C918421280BDF2AF9465FF7D2401D82BFF063DCB8F24007BE5DF2A7BFE5B4802B057FE7D7A651F4900F6CADFACD7F493046088DEBD47CA7F8824007BB3FE757AFF3E92008C711CE73629FFA72401D82B7F7F29FF5A92008C715DF7417DB71E920092BBE87AA3CE3B65DC1C0E87BFDEBAE777642C201D20F9CBDF24C38F1A0DF2F983F2E71619A53296E86A80B4802423E57EB55DF9DB8FFAB655018024E279DEB7CE547ED9FF67921290BCB37F4507C5FF754A4A4A3712029277EFFFF0E9CA2F9FFF0EE900C93FFB57B79BF57F462A800152F6E7A2CADFA82FFF910A60407A7AFA37A4F0475B67FD992402D85AFA17E91380E779DF240D2009E9117C3D71478A9EAB27F1B4EEF78F462DFB6BE4F1E5325E92110A87C33D480DE8C20281C035FA861C52E8AD6739B1A7FDA895319BE30040179CE9F5809E2CE70F9D67E9DB8FA3BA1A602500748DD9BEB7147663FB228F1A35CA9F33678E5F5E5EEED7D4D4F84D4D4DBED23FEBEAEAFC0D1B36F86FBFFDB63F6EDCB8D39EFC23A32FE902094AAFCD4F4F4FAF8F2EEEC4891323C56E6969F1CF556565A59F9D9DDDFE49A041BEFE60520612B0F8B2CC6F6C2BAB3C09F8C5C5C5E755FAF6962E5DEACB92FFA46D004F0040822DF5A5F8FF17BDC4DFBC79B3DF193EFFFC737FCC9831ED57006C0180786B7D196F6374F1750FDF99F4EB453F01E831000E0202F15FEE3F17BDD4EFAC19FF742B80765B8019A40FC46FB97F4DF4CB79BAC7BF98F41840F4FE5FB71BFC148038D01378A28FEA373737FB17DBA44993A29F0066F35300E2B3D73F71E69EBE9C170B555555279D0928B3FF55FC3480D8EEF507471FE4BB9097F4CE57F489407A2D003F0D20B64BFEDCB602BEF1C61B7E2CCD9F3F3FBAFC2FF1D300625BFE256D05D453766349B718514BFF527E1A406CCBBFA5AD80B5B5B5312DBFBEEE1F55FE5DFC3480D896FFC4F5F86D17E9C48A7EBFE8F3FEF96900B12DFF89F2C503E50798F9293FC09E1F402CCACFD17EC068F9799D1FB028FA2DB7627D865F5656D671CEF003E244CFEDD7FD36E7F6033697FE33A2AFEA8BC5ECDFEEDE7E5CD507C443EB7DF91BB89E1FB039FBE7C6EA4E3EC3870F3FCE9D7C8004A1F7D2D37BEA5DEC7BF86566661EE31E7E4082D1BBE9462FFF3BFBEEBDD1C5E7EEBD4082494B4BFB7EF4134067DDB7BFDD529FFBF6035DE109A0ED55007D079EF37D396FEAD4A9BC630FD0D5B600D1C700A2B7027A2660454545E45A80F6EFD5A74F107AE65EF4093CBC571FD0C5E8C1B8D657019A2EF45D7AF5A83E07F7802E46CF039019BB20FA4CC0731CB57A028FEBBA7D4811E8C25A6FF3FD70EB6A6049F4E5C051652FD58B74F45C7D4ED905000000000000000000000089E6FF013296F0AAA90F09070000000049454E44AE426082, '1');
INSERT INTO `act_ge_bytearray` VALUES ('35002', '1', 'cs4.bpmn20.xml', '35001', 0x3C3F786D6C2076657273696F6E3D22312E302220656E636F64696E673D225554462D38223F3E0A3C646566696E6974696F6E7320786D6C6E733D22687474703A2F2F7777772E6F6D672E6F72672F737065632F42504D4E2F32303130303532342F4D4F44454C2220786D6C6E733A7873693D22687474703A2F2F7777772E77332E6F72672F323030312F584D4C536368656D612D696E7374616E63652220786D6C6E733A7873643D22687474703A2F2F7777772E77332E6F72672F323030312F584D4C536368656D612220786D6C6E733A61637469766974693D22687474703A2F2F61637469766974692E6F72672F62706D6E2220786D6C6E733A62706D6E64693D22687474703A2F2F7777772E6F6D672E6F72672F737065632F42504D4E2F32303130303532342F44492220786D6C6E733A6F6D6764633D22687474703A2F2F7777772E6F6D672E6F72672F737065632F44442F32303130303532342F44432220786D6C6E733A6F6D6764693D22687474703A2F2F7777772E6F6D672E6F72672F737065632F44442F32303130303532342F44492220747970654C616E67756167653D22687474703A2F2F7777772E77332E6F72672F323030312F584D4C536368656D61222065787072657373696F6E4C616E67756167653D22687474703A2F2F7777772E77332E6F72672F313939392F585061746822207461726765744E616D6573706163653D22687474703A2F2F7777772E61637469766974692E6F72672F70726F63657373646566223E0A20203C70726F636573732069643D2270726F636573732220697345786563757461626C653D2274727565223E0A202020203C73746172744576656E742069643D227369642D43393936433037332D314141412D344638312D393232462D463638423741304146374645223E3C2F73746172744576656E743E0A202020203C757365725461736B2069643D227369642D37303432444641372D394643432D343444372D394330412D464339443637433731453531223E3C2F757365725461736B3E0A202020203C73657175656E6365466C6F772069643D227369642D32333937423532362D303742462D343932422D394539442D3342344545354141333737322220736F757263655265663D227369642D43393936433037332D314141412D344638312D393232462D46363842374130414637464522207461726765745265663D227369642D37303432444641372D394643432D343444372D394330412D464339443637433731453531223E3C2F73657175656E6365466C6F773E0A202020203C656E644576656E742069643D227369642D33373937423143382D414430412D344334432D394241352D304136324644323832313138223E3C2F656E644576656E743E0A202020203C73657175656E6365466C6F772069643D227369642D43333744443330462D313237312D344346452D424234422D4234373037414639314135372220736F757263655265663D227369642D37303432444641372D394643432D343444372D394330412D46433944363743373145353122207461726765745265663D227369642D33373937423143382D414430412D344334432D394241352D304136324644323832313138223E3C2F73657175656E6365466C6F773E0A20203C2F70726F636573733E0A20203C62706D6E64693A42504D4E4469616772616D2069643D2242504D4E4469616772616D5F70726F63657373223E0A202020203C62706D6E64693A42504D4E506C616E652062706D6E456C656D656E743D2270726F63657373222069643D2242504D4E506C616E655F70726F63657373223E0A2020202020203C62706D6E64693A42504D4E53686170652062706D6E456C656D656E743D227369642D43393936433037332D314141412D344638312D393232462D463638423741304146374645222069643D2242504D4E53686170655F7369642D43393936433037332D314141412D344638312D393232462D463638423741304146374645223E0A20202020202020203C6F6D6764633A426F756E6473206865696768743D2233302E30222077696474683D2233302E302220783D2239332E302220793D2237302E30223E3C2F6F6D6764633A426F756E64733E0A2020202020203C2F62706D6E64693A42504D4E53686170653E0A2020202020203C62706D6E64693A42504D4E53686170652062706D6E456C656D656E743D227369642D37303432444641372D394643432D343444372D394330412D464339443637433731453531222069643D2242504D4E53686170655F7369642D37303432444641372D394643432D343444372D394330412D464339443637433731453531223E0A20202020202020203C6F6D6764633A426F756E6473206865696768743D2238302E30222077696474683D223130302E302220783D223136382E302220793D2234352E30223E3C2F6F6D6764633A426F756E64733E0A2020202020203C2F62706D6E64693A42504D4E53686170653E0A2020202020203C62706D6E64693A42504D4E53686170652062706D6E456C656D656E743D227369642D33373937423143382D414430412D344334432D394241352D304136324644323832313138222069643D2242504D4E53686170655F7369642D33373937423143382D414430412D344334432D394241352D304136324644323832313138223E0A20202020202020203C6F6D6764633A426F756E6473206865696768743D2232382E30222077696474683D2232382E302220783D223331332E302220793D2237312E30223E3C2F6F6D6764633A426F756E64733E0A2020202020203C2F62706D6E64693A42504D4E53686170653E0A2020202020203C62706D6E64693A42504D4E456467652062706D6E456C656D656E743D227369642D32333937423532362D303742462D343932422D394539442D334234454535414133373732222069643D2242504D4E456467655F7369642D32333937423532362D303742462D343932422D394539442D334234454535414133373732223E0A20202020202020203C6F6D6764693A776179706F696E7420783D223132332E302220793D2238352E30223E3C2F6F6D6764693A776179706F696E743E0A20202020202020203C6F6D6764693A776179706F696E7420783D223136382E302220793D2238352E30223E3C2F6F6D6764693A776179706F696E743E0A2020202020203C2F62706D6E64693A42504D4E456467653E0A2020202020203C62706D6E64693A42504D4E456467652062706D6E456C656D656E743D227369642D43333744443330462D313237312D344346452D424234422D423437303741463931413537222069643D2242504D4E456467655F7369642D43333744443330462D313237312D344346452D424234422D423437303741463931413537223E0A20202020202020203C6F6D6764693A776179706F696E7420783D223236382E302220793D2238352E30223E3C2F6F6D6764693A776179706F696E743E0A20202020202020203C6F6D6764693A776179706F696E7420783D223331332E302220793D2238352E30223E3C2F6F6D6764693A776179706F696E743E0A2020202020203C2F62706D6E64693A42504D4E456467653E0A202020203C2F62706D6E64693A42504D4E506C616E653E0A20203C2F62706D6E64693A42504D4E4469616772616D3E0A3C2F646566696E6974696F6E733E, '0');
INSERT INTO `act_ge_bytearray` VALUES ('35003', '1', 'cs4.process.png', '35001', 0x89504E470D0A1A0A0000000D494844520000015F000000870806000000B1AF5A77000008EE4944415478DAEDDDEF6F55F51DC0711EF8C03F620F4CB664FE097BB007FE0126DB03498156682AA1C8407E2809999212D4081A42E2962C262406C3C21243903126A53F2C3F256312E82464B02120B5A58C55455A4A91B3EFA7E39ADB42B1B4F75CEE8FD72BF944EDAD62E09C77BFFDF69C73E7CC0100000000000000000000000000000000000000000000000000000000000000000000000000000000000000000000000000000000000000000000000000AA4796654F5CB870E1C3E3C78F7FDFD5D59575747498324F67676776E8D0A1FFA4697244429D88F01E3E7C381B1C1CCC464747CD639A6BD7AE65070F1EFC2685F8394725D48158F10A6FC5047834AD84CF3A2AA10EC45683F055CEA4F88E392AA10EC49EA3E855547C33472588EF0FF3DDD7FDD98513EF67673A378E4FFC7D7C4C30C517C829BE3786FAB2CFDBD767A7F7AD9D30F1B1784D34C517C821BE5F9EF9F37DE12DCC95337B45537C813CE27BF693CD53C6375E134DF1057288EFE71D1BA68C6FBC269AE20B88AFF802B511DFB8BA61AAF8C66BA229BE400EF13D7FF4F753C6375E134DF1057288EFF5BEDEECF3036DF76F39A48FC56BA229BE400EF18DF9E2EF1FDC17DFF898608A2F90577C6FDDCACE1FFBC3FD5B0EE963F19A688A2F50E2F8C61D6CE78EFE6ECA3DDF78CD5D6EE20B942ABE6945DB7FBE3BFBC7FEDF4E19DEC2C4E7C4E75A058B2F308BF8FED86AD72A587C811CE23B9DD5EEC356C1222ABEC00CE23BD3F0164644C51798E99EAF115F407CC517105F23BE80F88A2F54912CCB9EECEDED6DDDBE7DFBC14D9B367DF3D24B2F8D35373767F3E6CDCB9A9A9AEEBEF8E28BA3AFBEFAEA85CD9B37EF48F373F135E23B738D8D8D3F696868589ECEAF0FD39C4F7323CEB5342369BE48AFED4E7F7D253E4F9D6A38BABB76EDFAE0F5D75F1F5BB56A55F6DE7BEF65C78F1FCFFAFAFAB29191912CC45F070707B3CF3EFB2C4B71CE56AE5C7977F5EAD517972C59B2587C8DF84EDFFCF9F37F9DA623CDE8BDD84E673E499FDFA456352445B6E58D37DEB8B576EDDAF1B0DEB973279BAE53A74E65EBD6ADBBD3DADA7A76EEDCB93F135F23BE534B017D2A0574FF2304F74173B896CEB57A5DED3EB167CF9EEEA54B97667BF7EE7DA4E84EB67FFFFEACA5A565B85656C1E22BBEA5D6D0D0306FC18205FF2D0E69636363F6D65B6F65DDDDDDD9E5CB97B36FBFFD76FC7CBA79F3E6F8779D478F1ECDB66EDD9A3DFFFCF393037CC32AB88AC3DBD3D3F3B7152B5664E7CE9DCB4AE1E2C58B590AF9F0E2C58B7F23BE467C2784F7D914CB3BC5D1DDB163C7F836DE740C0D0D8D7F7EFC7BC5114EFFCDC56A566562C51BE19DEE1FFE74C57F2FAD7EABFEABB2F88A6F2957BCC5E15DB366CDF82A7726E2DF8BEDC14901B602AEA63DDED86A28D58AF7412BE0850B170EA583E269F135F51CDFD8E32DDE6A686B6BFB616B61A6624BE2CD37DF9CBC05F1B4B255FE76C3931B376E1C8D3DDE3CEDDBB76F387D8BF4A9F89A7A8E6F0A6F67F18A77B6E12D0EF0A415F06175AB70BB77EFFE63FCA1DDBE7D3BCBDBB265CB06AAF55B22F115DFD98ACBC98AF77867BAD5F0B02D88E23D60DB0F15BEEA8DEB78E372B272387DFAF468B5AE7EC5577C4B10DF8E4218E3876579D8B973A7D56F35883BD7E2876CB3B9A4EC51B5B4B40CC4BE57259D10697E29BEE29BE7311477A4157EC816ABD3EBD7AFE7727EC55510932E437B4AE92A50DC32BC6DDBB6AC9CB66EDD7A2A6E8FACA01F8014BE45EB686868F885F88A6F1EC7D0BD5B86C73FEFEDB7DFCEFB1C2B8EEF2B4A5781E2590D71CB70391D3B76EC623A20F656DA8953341F3F681523BEE23B9B63E8DEB31AC65FEFE9E9C9F51C8B1B318AFE5FF62A5D058A87E4F4F7F79735BE03030383E980F8B2824F9C1F5631C52790F88AEF6C8EA17B0FC919FF78A97FD03659DC0957F4FFF1A5D255A0783A59E12139E512BF5E3CA1A9D24F9CE2554C7C2B29BEE23B9B6328CD70E19F4B7579D9C32E3B2BFAB54794AE02C51FCEE330CB87883C9611DFCA9A6A3C860A53EE734CE92AD0A2458BEE967BE53B3C3C3C50252BDF1371FFFD33CF3CF3846D072BDFD91E4345CFE5B5F265CE9C152B568C967BCFF7ABAFBEFA6785EFF94E88AE3D5FF12DC53164CF9709D6AF5F7FBEDC573BB4B7B7FFB542AF76F834EE409A1C5DF115DF521C43AE76608277DE79675BB9AFF36D6B6BDB5761D7F93E70A52BBEE25BCA63C875BE4CF0DA6BAFFD74F9F2E5DF97F10EB791050B16FCBB1AEFBA115FF19D8DB8C32D1DF763E5B8C32DDE5BD11D6E5560CD9A35FF2AD7B31DDADBDB7754EBFDE6E22BBEB3E5D90E4CF0C20B2FCC7DF9E597C7CAB0FA1D4AABDE939E6A663CD52CBFA79AA573ECAEA79A5591D6D6D6DEBC9FE71BFBCBF195F8C7F656C5D7D4F8C3D43FC9EB79BE691175A778D55BADE75A5D897DA178B3CBBCDEC9A2B7B7774FFA35FABD938511DF794FA5B996C33B59DCF54E1655AAA9A9A931AD806F96FA3DDCAE5CB972247D2B74C97BB819F1FDBF780FB7C20FDF4AF11E6E9356BCB61BAA516363634BBCD965A956C0B1E28DF0A6836D5DB5FFDE88AFF8967805DC5C1CE0C2BB17C7D50AD3BDAA217EB856BCC71B530BE75ADD8AAFCA6915FCCD471F7DF4DD2C7E0837B465CB96F763AB210EB25AF87D115FF1CDE35C4B33541CCF88705C071C3762C4AAB6B025115B0B71E75ADC40F1EEBBEF668B162DFA7ED25D75376AE55CABFB3DE0F415B5ABB5B575E0E4C993C38F721DEF81030776A6789F880DFF5ADA77125FF1CDEB5C2BBE046D8673D81E6FED45F8B988707373F3E0A64D9BCE1C3972E452FAEADB5F78184F3C24279ED5D0D9D9F9970D1B367C9CBE6A5F880321BE02D7DA4F5AC5577CF33ED7EE4578EC51A25B8BE71A13F782E3FDA756DDBB3FFD8B785252E18949F1E08EB87F3C6E63ACE5BB69C4577C9D6B20BEE25BA3F105C4577C01F135E20BE26BC417105FF105C4D7882F20BEE20B88AF115F407CC517105F23BE80F88A2F20BE467C417C8DF802E22BBE80F81AF105C4577C01F135E20B88AFF802E26BC417105FF105C4D7882FD4B1AEAE2ED1AB9C1949F11D7354421D3874E850FFE0E0A0F055C0F4F5F5FD29C5F7ACA312EA407777F7AF7A7A7ABEBE7AF5EAB0003EBE156F84B7B3B3F3529AE71C955027D209FF6C5A719D886F7963CFD1947DE2F7FDACF00200000000000000000000005072FF03ED5223179BA88B510000000049454E44AE426082, '1');
INSERT INTO `act_ge_bytearray` VALUES ('37503', '1', 'new-process4.bpmn20.xml', '37502', 0x3C3F786D6C2076657273696F6E3D22312E302220656E636F64696E673D225554462D38223F3E0A3C646566696E6974696F6E7320786D6C6E733D22687474703A2F2F7777772E6F6D672E6F72672F737065632F42504D4E2F32303130303532342F4D4F44454C2220786D6C6E733A7873693D22687474703A2F2F7777772E77332E6F72672F323030312F584D4C536368656D612D696E7374616E63652220786D6C6E733A7873643D22687474703A2F2F7777772E77332E6F72672F323030312F584D4C536368656D612220786D6C6E733A61637469766974693D22687474703A2F2F61637469766974692E6F72672F62706D6E2220786D6C6E733A62706D6E64693D22687474703A2F2F7777772E6F6D672E6F72672F737065632F42504D4E2F32303130303532342F44492220786D6C6E733A6F6D6764633D22687474703A2F2F7777772E6F6D672E6F72672F737065632F44442F32303130303532342F44432220786D6C6E733A6F6D6764693D22687474703A2F2F7777772E6F6D672E6F72672F737065632F44442F32303130303532342F44492220747970654C616E67756167653D22687474703A2F2F7777772E77332E6F72672F323030312F584D4C536368656D61222065787072657373696F6E4C616E67756167653D22687474703A2F2F7777772E77332E6F72672F313939392F585061746822207461726765744E616D6573706163653D22687474703A2F2F7777772E61637469766974692E6F72672F70726F63657373646566223E0A20203C70726F636573732069643D2270726F636573732220697345786563757461626C653D2274727565223E0A202020203C73746172744576656E742069643D227369642D31423636394236372D354332452D343741362D393336372D393138444645313442343036223E3C2F73746172744576656E743E0A202020203C656E644576656E742069643D227369642D39374645393143302D323039302D344645302D423141382D314330363244424541313931223E3C2F656E644576656E743E0A202020203C73657175656E6365466C6F772069643D227369642D46323738374531352D364233322D343332322D383445372D3645364343414339444445392220736F757263655265663D227369642D31423636394236372D354332452D343741362D393336372D39313844464531344234303622207461726765745265663D227369642D39374645393143302D323039302D344645302D423141382D314330363244424541313931223E3C2F73657175656E6365466C6F773E0A20203C2F70726F636573733E0A20203C62706D6E64693A42504D4E4469616772616D2069643D2242504D4E4469616772616D5F70726F63657373223E0A202020203C62706D6E64693A42504D4E506C616E652062706D6E456C656D656E743D2270726F63657373222069643D2242504D4E506C616E655F70726F63657373223E0A2020202020203C62706D6E64693A42504D4E53686170652062706D6E456C656D656E743D227369642D31423636394236372D354332452D343741362D393336372D393138444645313442343036222069643D2242504D4E53686170655F7369642D31423636394236372D354332452D343741362D393336372D393138444645313442343036223E0A20202020202020203C6F6D6764633A426F756E6473206865696768743D2233302E30222077696474683D2233302E302220783D223134342E302220793D2236332E30223E3C2F6F6D6764633A426F756E64733E0A2020202020203C2F62706D6E64693A42504D4E53686170653E0A2020202020203C62706D6E64693A42504D4E53686170652062706D6E456C656D656E743D227369642D39374645393143302D323039302D344645302D423141382D314330363244424541313931222069643D2242504D4E53686170655F7369642D39374645393143302D323039302D344645302D423141382D314330363244424541313931223E0A20202020202020203C6F6D6764633A426F756E6473206865696768743D2232382E30222077696474683D2232382E302220783D223231392E302220793D2236342E30223E3C2F6F6D6764633A426F756E64733E0A2020202020203C2F62706D6E64693A42504D4E53686170653E0A2020202020203C62706D6E64693A42504D4E456467652062706D6E456C656D656E743D227369642D46323738374531352D364233322D343332322D383445372D364536434341433944444539222069643D2242504D4E456467655F7369642D46323738374531352D364233322D343332322D383445372D364536434341433944444539223E0A20202020202020203C6F6D6764693A776179706F696E7420783D223137342E302220793D2237382E30223E3C2F6F6D6764693A776179706F696E743E0A20202020202020203C6F6D6764693A776179706F696E7420783D223231392E302220793D2237382E30223E3C2F6F6D6764693A776179706F696E743E0A2020202020203C2F62706D6E64693A42504D4E456467653E0A202020203C2F62706D6E64693A42504D4E506C616E653E0A20203C2F62706D6E64693A42504D4E4469616772616D3E0A3C2F646566696E6974696F6E733E, '0');
INSERT INTO `act_ge_bytearray` VALUES ('37504', '1', 'new-process4.process.png', '37502', 0x89504E470D0A1A0A0000000D49484452000001010000006708060000000036F70E000005F24944415478DAEDDDEF4B1C4718C0F1BCC88BFC117D21B4D0FC097DD117FE017DD11795337A7AC7453C4D35311A413072E20FD48808792708C562F1451123D6C6446B2D51131A143D28A5A64D4CD47858EC1113CF1A8DD3798E3B59B646CE78BB77BB7E3F3048E2EAC93033FBCCEC33B3E7CE01000000000000000000000000000000000000000000000000000000000000000000000000000000000000000000000000000000000000000000000000000000000000000000000000000000000000000000000000000000000000000000009C402975211C0E07FBFAFA7E696F6F7F75F5EAD53DBFDFAFF2F3F395D7EB3D282F2FDFADAFAF7FDAD1D1D1AFCBA767B9AE0A0B0B3FF2783C15BA6EBED7E5892EAFA59E74D9D1E599FEDE90FE7A43AEA365C1119D7F7070F0DBE6E6E6BDAAAA2AD5D3D3A31E3D7AA4D6D6D6D4CECE8E12F275636343CDCDCD293D48A86BD7AE1D5CBF7E7DB9B4B4B4E42CD5D5A54B97BED4655C97DD44A74FA5FCACAFF7D2D2909574670FB4B4B4FC5B5B5B1BEFE0FBFBFB2A550B0B0BAAAEAE6E3F180CFE9E9797F7899BEB4977E41CDD91C74ED0F18F2A0FDC5E4F70D6DDFFFCF0F0F0645959991A19193951E7371B1B1B53814020E6D6A84087F6F9050505FF183BB40EF3555B5B9B9A9C9C542F5EBC505B5B5BF1BAD8DEDE8E4750333333AABBBB5B151515990782D74405C88A01606A6AEAD7CACA4AB5B4B4A4D261797959E90125565252F2B5CB06802F74A7DD3776FEFEFEFEF8D42815D168347EBDFC9C7130D0BFB38496888C9108400680541B72AAE4F7E968C035773A89008C0340757575FCAEFF21E4E764CA651A088808909935009902A42B02382A22282E2E8EEA067ED1E96B00C6294028143A0CF93F944C155A5B5BCD53838BB44AD8390DB8D0D4D4B42B6B00561A1D1D8DE9F0F7A193EB4A0F0013C608E0B4038071203045040F6899B0CDD0D0D077D200DFBE7DABAC76E5CA958853C35D790C685C03F8D029C0715303E31A01D302D81605481E803C06B4C3E2E2E2AE53A301C90348765059D4B3C2C0C000D100EC259980B218789A4781271508042232B7CEA6CEADCBE7C75D23197EC9C540B95B6F6E6E5A5237F2D4C0F4F83087560A4B492A706F6FAFB2537777F782A4CE66D1625F32FC1EF7783C9F1D754D2215387EDDAD5BB7ACAE1FE3207083560A4BC95E004905B6D3ECECECB26EDC23D9360818CA5D736490D80B10FFFED4D494A5F523094586BF6584560A4BC966A0F5F5755B07814824B2A11BF74A160F028791417230486C068AFF7FBA1704CD24B3D0F077ACD04A6129D90D98DC0C6417F93CD95597ED83803132D02596FC77BA1E0B1EF7B8D0F0D93BB45258DE0132E1941B6E325AECAE1F5A292CE5F3F90EEC8E0462B158C42191C063D923909B9B7BDE702E009100DCA5B2B272D7EE3581972F5FFE91E56B02879DDF700D6B0270A786868627763F1DB877EFDE8F59FA74E0A164051A3BBFE11A9E0EC09D3A3B3B7BEDCE13088542A3599627F0BF3BBF19790270AD9B376F7E5C5151F1CEC68CC19D828282BF9C9609271983FA6FDEB3236350CE6D246310B6AAAEAEFED3AEBD037A2AD0EFD49C78F60EC0B52E5FBE9C575353B367433410D551C03CBB08DFBF8B50D7CF01BB089111C160306CF57902B2FE2077B7E3E6DED94E4E08B6EA3C013D10EF1BA30027D7139CD9B873E45050AB4E160A87C3C3FA33D6DD70B2902E7F5B70B2D001270B21E3BC5E6FA18E08B6D37DC6E0EAEAEAB40E739FBBE98CC1E422613ACE183445004C0390597AAE1B904341D315114804200380EE38752E8B9CFCC6812079DAB0ACEEA7FA144016018D6B0052DC564F70F09D4E4705AFEEDCB9F3E6148B85D1AEAEAE6F640A201DC6ADF5A44BD4FCDE01C9239084A2F7BD77E0F6EDDBCAE7F3BD33BF77C0ADF50407CF7DF55DEA273D3D88CCCFCFC74E920770FFFEFD013D883C96C52DB7CF6D136F201A3FED1B885803403637F2AF6430F0FBFD1BEDEDEDBF4D4F4F3FD777B4F5E4A623D90C247B012626267E686C6CBCABEF844FA551CB5DED2CAD6E4B3D250683BD9374FEB3564F70F65A819CB15795C8A17F9678CB6EF26DBB2B92E32E29AE673DC38D7A020000000000000000000000006099FF00E1C2E835848778F70000000049454E44AE426082, '1');
INSERT INTO `act_ge_bytearray` VALUES ('37507', '1', 'cs4.bpmn20.xml', '37506', 0x3C3F786D6C2076657273696F6E3D22312E302220656E636F64696E673D225554462D38223F3E0A3C646566696E6974696F6E7320786D6C6E733D22687474703A2F2F7777772E6F6D672E6F72672F737065632F42504D4E2F32303130303532342F4D4F44454C2220786D6C6E733A7873693D22687474703A2F2F7777772E77332E6F72672F323030312F584D4C536368656D612D696E7374616E63652220786D6C6E733A7873643D22687474703A2F2F7777772E77332E6F72672F323030312F584D4C536368656D612220786D6C6E733A61637469766974693D22687474703A2F2F61637469766974692E6F72672F62706D6E2220786D6C6E733A62706D6E64693D22687474703A2F2F7777772E6F6D672E6F72672F737065632F42504D4E2F32303130303532342F44492220786D6C6E733A6F6D6764633D22687474703A2F2F7777772E6F6D672E6F72672F737065632F44442F32303130303532342F44432220786D6C6E733A6F6D6764693D22687474703A2F2F7777772E6F6D672E6F72672F737065632F44442F32303130303532342F44492220747970654C616E67756167653D22687474703A2F2F7777772E77332E6F72672F323030312F584D4C536368656D61222065787072657373696F6E4C616E67756167653D22687474703A2F2F7777772E77332E6F72672F313939392F585061746822207461726765744E616D6573706163653D22687474703A2F2F7777772E61637469766974692E6F72672F70726F63657373646566223E0A20203C70726F636573732069643D2270726F636573732220697345786563757461626C653D2274727565223E0A202020203C73746172744576656E742069643D227369642D43393936433037332D314141412D344638312D393232462D463638423741304146374645223E3C2F73746172744576656E743E0A202020203C757365725461736B2069643D227369642D37303432444641372D394643432D343444372D394330412D464339443637433731453531223E3C2F757365725461736B3E0A202020203C73657175656E6365466C6F772069643D227369642D32333937423532362D303742462D343932422D394539442D3342344545354141333737322220736F757263655265663D227369642D43393936433037332D314141412D344638312D393232462D46363842374130414637464522207461726765745265663D227369642D37303432444641372D394643432D343444372D394330412D464339443637433731453531223E3C2F73657175656E6365466C6F773E0A202020203C656E644576656E742069643D227369642D33373937423143382D414430412D344334432D394241352D304136324644323832313138223E3C2F656E644576656E743E0A202020203C73657175656E6365466C6F772069643D227369642D43333744443330462D313237312D344346452D424234422D4234373037414639314135372220736F757263655265663D227369642D37303432444641372D394643432D343444372D394330412D46433944363743373145353122207461726765745265663D227369642D33373937423143382D414430412D344334432D394241352D304136324644323832313138223E3C2F73657175656E6365466C6F773E0A20203C2F70726F636573733E0A20203C62706D6E64693A42504D4E4469616772616D2069643D2242504D4E4469616772616D5F70726F63657373223E0A202020203C62706D6E64693A42504D4E506C616E652062706D6E456C656D656E743D2270726F63657373222069643D2242504D4E506C616E655F70726F63657373223E0A2020202020203C62706D6E64693A42504D4E53686170652062706D6E456C656D656E743D227369642D43393936433037332D314141412D344638312D393232462D463638423741304146374645222069643D2242504D4E53686170655F7369642D43393936433037332D314141412D344638312D393232462D463638423741304146374645223E0A20202020202020203C6F6D6764633A426F756E6473206865696768743D2233302E30222077696474683D2233302E302220783D2239332E302220793D2237302E30223E3C2F6F6D6764633A426F756E64733E0A2020202020203C2F62706D6E64693A42504D4E53686170653E0A2020202020203C62706D6E64693A42504D4E53686170652062706D6E456C656D656E743D227369642D37303432444641372D394643432D343444372D394330412D464339443637433731453531222069643D2242504D4E53686170655F7369642D37303432444641372D394643432D343444372D394330412D464339443637433731453531223E0A20202020202020203C6F6D6764633A426F756E6473206865696768743D2238302E30222077696474683D223130302E302220783D223136382E302220793D2234352E30223E3C2F6F6D6764633A426F756E64733E0A2020202020203C2F62706D6E64693A42504D4E53686170653E0A2020202020203C62706D6E64693A42504D4E53686170652062706D6E456C656D656E743D227369642D33373937423143382D414430412D344334432D394241352D304136324644323832313138222069643D2242504D4E53686170655F7369642D33373937423143382D414430412D344334432D394241352D304136324644323832313138223E0A20202020202020203C6F6D6764633A426F756E6473206865696768743D2232382E30222077696474683D2232382E302220783D223331332E302220793D2237312E30223E3C2F6F6D6764633A426F756E64733E0A2020202020203C2F62706D6E64693A42504D4E53686170653E0A2020202020203C62706D6E64693A42504D4E456467652062706D6E456C656D656E743D227369642D32333937423532362D303742462D343932422D394539442D334234454535414133373732222069643D2242504D4E456467655F7369642D32333937423532362D303742462D343932422D394539442D334234454535414133373732223E0A20202020202020203C6F6D6764693A776179706F696E7420783D223132332E302220793D2238352E30223E3C2F6F6D6764693A776179706F696E743E0A20202020202020203C6F6D6764693A776179706F696E7420783D223136382E302220793D2238352E30223E3C2F6F6D6764693A776179706F696E743E0A2020202020203C2F62706D6E64693A42504D4E456467653E0A2020202020203C62706D6E64693A42504D4E456467652062706D6E456C656D656E743D227369642D43333744443330462D313237312D344346452D424234422D423437303741463931413537222069643D2242504D4E456467655F7369642D43333744443330462D313237312D344346452D424234422D423437303741463931413537223E0A20202020202020203C6F6D6764693A776179706F696E7420783D223236382E302220793D2238352E30223E3C2F6F6D6764693A776179706F696E743E0A20202020202020203C6F6D6764693A776179706F696E7420783D223331332E302220793D2238352E30223E3C2F6F6D6764693A776179706F696E743E0A2020202020203C2F62706D6E64693A42504D4E456467653E0A202020203C2F62706D6E64693A42504D4E506C616E653E0A20203C2F62706D6E64693A42504D4E4469616772616D3E0A3C2F646566696E6974696F6E733E, '0');
INSERT INTO `act_ge_bytearray` VALUES ('37508', '1', 'cs4.process.png', '37506', 0x89504E470D0A1A0A0000000D494844520000015F000000870806000000B1AF5A77000008EE4944415478DAEDDDEF6F55F51DC0711EF8C03F620F4CB664FE097BB007FE0126DB03498156682AA1C8407E2809999212D4081A42E2962C262406C3C21243903126A53F2C3F256312E82464B02120B5A58C55455A4A91B3EFA7E39ADB42B1B4F75CEE8FD72BF944EDAD62E09C77BFFDF69C73E7CC0100000000000000000000000000000000000000000000000000000000000000000000000000000000000000000000000000000000000000000000000000AA4796654F5CB870E1C3E3C78F7FDFD5D59575747498324F67676776E8D0A1FFA4697244429D88F01E3E7C381B1C1CCC464747CD639A6BD7AE65070F1EFC2685F8394725D48158F10A6FC5047834AD84CF3A2AA10EC45683F055CEA4F88E392AA10EC49EA3E855547C33472588EF0FF3DDD7FDD98513EF67673A378E4FFC7D7C4C30C517C829BE3786FAB2CFDBD767A7F7AD9D30F1B1784D34C517C821BE5F9EF9F37DE12DCC95337B45537C813CE27BF693CD53C6375E134DF1057288EFE71D1BA68C6FBC269AE20B88AFF802B511DFB8BA61AAF8C66BA229BE400EF13D7FF4F753C6375E134DF1057288EFF5BEDEECF3036DF76F39A48FC56BA229BE400EF18DF9E2EF1FDC17DFF898608A2F90577C6FDDCACE1FFBC3FD5B0EE963F19A688A2F50E2F8C61D6CE78EFE6ECA3DDF78CD5D6EE20B942ABE6945DB7FBE3BFBC7FEDF4E19DEC2C4E7C4E75A058B2F308BF8FED86AD72A587C811CE23B9DD5EEC356C1222ABEC00CE23BD3F0164644C51798E99EAF115F407CC517105F23BE80F88A2F54912CCB9EECEDED6DDDBE7DFBC14D9B367DF3D24B2F8D35373767F3E6CDCB9A9A9AEEBEF8E28BA3AFBEFAEA85CD9B37EF48F373F135E23B738D8D8D3F696868589ECEAF0FD39C4F7323CEB5342369BE48AFED4E7F7D253E4F9D6A38BABB76EDFAE0F5D75F1F5BB56A55F6DE7BEF65C78F1FCFFAFAFAB29191912CC45F070707B3CF3EFB2C4B71CE56AE5C7977F5EAD517972C59B2587C8DF84EDFFCF9F37F9DA623CDE8BDD84E673E499FDFA456352445B6E58D37DEB8B576EDDAF1B0DEB973279BAE53A74E65EBD6ADBBD3DADA7A76EEDCB93F135F23BE534B017D2A0574FF2304F74173B896CEB57A5DED3EB167CF9EEEA54B97667BF7EE7DA4E84EB67FFFFEACA5A565B85656C1E22BBEA5D6D0D0306FC18205FF2D0E69636363F6D65B6F65DDDDDDD9E5CB97B36FBFFD76FC7CBA79F3E6F8779D478F1ECDB66EDD9A3DFFFCF393037CC32AB88AC3DBD3D3F3B7152B5664E7CE9DCB4AE1E2C58B590AF9F0E2C58B7F23BE467C2784F7D914CB3BC5D1DDB163C7F836DE740C0D0D8D7F7EFC7BC5114EFFCDC56A566562C51BE19DEE1FFE74C57F2FAD7EABFEABB2F88A6F2957BCC5E15DB366CDF82A7726E2DF8BEDC14901B602AEA63DDED86A28D58AF7412BE0850B170EA583E269F135F51CDFD8E32DDE6A686B6BFB616B61A6624BE2CD37DF9CBC05F1B4B255FE76C3931B376E1C8D3DDE3CEDDBB76F387D8BF4A9F89A7A8E6F0A6F67F18A77B6E12D0EF0A415F06175AB70BB77EFFE63FCA1DDBE7D3BCBDBB265CB06AAF55B22F115DFD98ACBC98AF77867BAD5F0B02D88E23D60DB0F15BEEA8DEB78E372B272387DFAF468B5AE7EC5577C4B10DF8E4218E3876579D8B973A7D56F35883BD7E2876CB3B9A4EC51B5B4B40CC4BE57259D10697E29BEE29BE7311477A4157EC816ABD3EBD7AFE7727EC55510932E437B4AE92A50DC32BC6DDBB6AC9CB66EDD7A2A6E8FACA01F8014BE45EB686868F885F88A6F1EC7D0BD5B86C73FEFEDB7DFCEFB1C2B8EEF2B4A5781E2590D71CB70391D3B76EC623A20F656DA8953341F3F681523BEE23B9B63E8DEB31AC65FEFE9E9C9F51C8B1B318AFE5FF62A5D058A87E4F4F7F79735BE03030383E980F8B2824F9C1F5631C52790F88AEF6C8EA17B0FC919FF78A97FD03659DC0957F4FFF1A5D255A0783A59E12139E512BF5E3CA1A9D24F9CE2554C7C2B29BEE23B9B6328CD70E19F4B7579D9C32E3B2BFAB54794AE02C51FCEE330CB87883C9611DFCA9A6A3C860A53EE734CE92AD0A2458BEE967BE53B3C3C3C50252BDF1371FFFD33CF3CF3846D072BDFD91E4345CFE5B5F265CE9C152B568C967BCFF7ABAFBEFA6785EFF94E88AE3D5FF12DC53164CF9709D6AF5F7FBEDC573BB4B7B7FFB542AF76F834EE409A1C5DF115DF521C43AE76608277DE79675BB9AFF36D6B6BDB5761D7F93E70A52BBEE25BCA63C875BE4CF0DA6BAFFD74F9F2E5DF97F10EB791050B16FCBB1AEFBA115FF19D8DB8C32D1DF763E5B8C32DDE5BD11D6E5560CD9A35FF2AD7B31DDADBDB7754EBFDE6E22BBEB3E5D90E4CF0C20B2FCC7DF9E597C7CAB0FA1D4AABDE939E6A663CD52CBFA79AA573ECAEA79A5591D6D6D6DEBC9FE71BFBCBF195F8C7F656C5D7D4F8C3D43FC9EB79BE691175A778D55BADE75A5D897DA178B3CBBCDEC9A2B7B7774FFA35FABD938511DF794FA5B996C33B59DCF54E1655AAA9A9A931AD806F96FA3DDCAE5CB972247D2B74C97BB819F1FDBF780FB7C20FDF4AF11E6E9356BCB61BAA516363634BBCD965A956C0B1E28DF0A6836D5DB5FFDE88AFF8967805DC5C1CE0C2BB17C7D50AD3BDAA217EB856BCC71B530BE75ADD8AAFCA6915FCCD471F7DF4DD2C7E0837B465CB96F763AB210EB25AF87D115FF1CDE35C4B33541CCF88705C071C3762C4AAB6B025115B0B71E75ADC40F1EEBBEF668B162DFA7ED25D75376AE55CABFB3DE0F415B5ABB5B575E0E4C993C38F721DEF81030776A6789F880DFF5ADA77125FF1CDEB5C2BBE046D8673D81E6FED45F8B988707373F3E0A64D9BCE1C3972E452FAEADB5F78184F3C24279ED5D0D9D9F9970D1B367C9CBE6A5F880321BE02D7DA4F5AC5577CF33ED7EE4578EC51A25B8BE71A13F782E3FDA756DDBB3FFD8B785252E18949F1E08EB87F3C6E63ACE5BB69C4577C9D6B20BEE25BA3F105C4577C01F135E20BE26BC417105FF105C4D7882F20BEE20B88AF115F407CC517105F23BE80F88A2F20BE467C417C8DF802E22BBE80F81AF105C4577C01F135E20B88AFF802E26BC417105FF105C4D7882FD4B1AEAE2ED1AB9C1949F11D7354421D3874E850FFE0E0A0F055C0F4F5F5FD29C5F7ACA312EA407777F7AF7A7A7ABEBE7AF5EAB0003EBE156F84B7B3B3F3529AE71C955027D209FF6C5A719D886F7963CFD1947DE2F7FDACF00200000000000000000000005072FF03ED5223179BA88B510000000049454E44AE426082, '1');
INSERT INTO `act_ge_bytearray` VALUES ('47502', '10', 'source', null, 0x7B227265736F757263654964223A223437353031222C2270726F70657274696573223A7B2270726F636573735F6964223A2270726F63657373222C226E616D65223A22222C22646F63756D656E746174696F6E223A22222C2270726F636573735F617574686F72223A22222C2270726F636573735F76657273696F6E223A22222C2270726F636573735F6E616D657370616365223A22687474703A2F2F7777772E61637469766974692E6F72672F70726F63657373646566222C22657865637574696F6E6C697374656E657273223A22222C226576656E746C697374656E657273223A22222C227369676E616C646566696E6974696F6E73223A22222C226D657373616765646566696E6974696F6E73223A22222C22636F6E646974696F6E73657175656E6365666C6F77223A22247B666C6167203D3D20747275657D227D2C227374656E63696C223A7B226964223A2242504D4E4469616772616D227D2C226368696C64536861706573223A5B7B227265736F757263654964223A227369642D42394445303931372D303636322D343643322D384442312D314139344141364631363839222C2270726F70657274696573223A7B226F766572726964656964223A2273746172744576656E74222C226E616D65223A2273746172744576656E74222C22646F63756D656E746174696F6E223A22222C22657865637574696F6E6C697374656E657273223A22222C22696E69746961746F72223A22222C22666F726D6B6579646566696E6974696F6E223A22222C22666F726D70726F70657274696573223A22227D2C227374656E63696C223A7B226964223A2253746172744E6F6E654576656E74227D2C226368696C64536861706573223A5B5D2C226F7574676F696E67223A5B7B227265736F757263654964223A227369642D31454437423943362D333244422D343635332D424246302D373436453332463638464644227D5D2C22626F756E6473223A7B226C6F7765725269676874223A7B2278223A3139352C2279223A3331357D2C2275707065724C656674223A7B2278223A3136352C2279223A3238357D7D2C22646F636B657273223A5B5D7D2C7B227265736F757263654964223A227369642D34453634454437332D373234352D344132412D393938342D353736423241343538313630222C2270726F70657274696573223A7B226F766572726964656964223A2261646D696E417070726F7665222C226E616D65223A22E7AEA1E79086E59198E5AEA1E689B9222C22646F63756D656E746174696F6E223A22222C226173796E6368726F6E6F7573646566696E6974696F6E223A2266616C7365222C226578636C7573697665646566696E6974696F6E223A2266616C7365222C22657865637574696F6E6C697374656E657273223A22222C226D756C7469696E7374616E63655F74797065223A224E6F6E65222C226D756C7469696E7374616E63655F63617264696E616C697479223A22222C226D756C7469696E7374616E63655F636F6C6C656374696F6E223A22222C226D756C7469696E7374616E63655F7661726961626C65223A22222C226D756C7469696E7374616E63655F636F6E646974696F6E223A22222C226973666F72636F6D70656E736174696F6E223A2266616C7365222C22757365727461736B61737369676E6D656E74223A7B2261737369676E6D656E74223A7B2261737369676E6565223A2231222C2261737369676E656573686F776E616D65223A22E8B685E7BAA7E7AEA1E79086E59198227D7D2C22666F726D6B6579646566696E6974696F6E223A22222C2264756564617465646566696E6974696F6E223A22222C227072696F72697479646566696E6974696F6E223A22222C22666F726D70726F70657274696573223A22222C227461736B6C697374656E657273223A22227D2C227374656E63696C223A7B226964223A22557365725461736B227D2C226368696C64536861706573223A5B5D2C226F7574676F696E67223A5B7B227265736F757263654964223A227369642D32303545444433392D344444362D343837312D423839342D443736434137353833394442227D5D2C22626F756E6473223A7B226C6F7765725269676874223A7B2278223A3337302C2279223A3334307D2C2275707065724C656674223A7B2278223A3237302C2279223A3236307D7D2C22646F636B657273223A5B5D7D2C7B227265736F757263654964223A227369642D38454434364336332D373832332D343137392D423631452D434246333139353536413234222C2270726F70657274696573223A7B226F766572726964656964223A22222C226E616D65223A22222C22646F63756D656E746174696F6E223A22222C226173796E6368726F6E6F7573646566696E6974696F6E223A2266616C7365222C226578636C7573697665646566696E6974696F6E223A2266616C7365222C2273657175656E6365666C6F776F72646572223A22227D2C227374656E63696C223A7B226964223A224578636C757369766547617465776179227D2C226368696C64536861706573223A5B5D2C226F7574676F696E67223A5B7B227265736F757263654964223A227369642D39344530304238432D393437362D343541372D423841332D313644433838393141313646227D2C7B227265736F757263654964223A227369642D42434433394441362D393530412D343035302D413330422D394133324438314231443432227D5D2C22626F756E6473223A7B226C6F7765725269676874223A7B2278223A3439342C2279223A3332307D2C2275707065724C656674223A7B2278223A3435342C2279223A3238307D7D2C22646F636B657273223A5B5D7D2C7B227265736F757263654964223A227369642D32303545444433392D344444362D343837312D423839342D443736434137353833394442222C2270726F70657274696573223A7B226F766572726964656964223A22222C226E616D65223A22222C22646F63756D656E746174696F6E223A22222C22636F6E646974696F6E73657175656E6365666C6F77223A22222C22657865637574696F6E6C697374656E657273223A22222C2264656661756C74666C6F77223A2266616C7365222C2273686F776469616D6F6E646D61726B6572223A66616C73657D2C227374656E63696C223A7B226964223A2253657175656E6365466C6F77227D2C226368696C64536861706573223A5B5D2C226F7574676F696E67223A5B7B227265736F757263654964223A227369642D38454434364336332D373832332D343137392D423631452D434246333139353536413234227D5D2C22626F756E6473223A7B226C6F7765725269676874223A7B2278223A3435332E353833393839363131363032382C2279223A3330302E34333233313036343539393232337D2C2275707065724C656674223A7B2278223A3337302E343838323736303133333937322C2279223A3330302E31363333393234373930303737377D7D2C22646F636B657273223A5B7B2278223A35302C2279223A34307D2C7B2278223A32302E352C2279223A32302E357D5D2C22746172676574223A7B227265736F757263654964223A227369642D38454434364336332D373832332D343137392D423631452D434246333139353536413234227D7D2C7B227265736F757263654964223A227369642D39463241343034412D434636392D344430442D384234392D453233453144413545384133222C2270726F70657274696573223A7B226F766572726964656964223A22222C226E616D65223A22222C22646F63756D656E746174696F6E223A22222C226173796E6368726F6E6F7573646566696E6974696F6E223A2266616C7365222C226578636C7573697665646566696E6974696F6E223A2266616C7365222C22657865637574696F6E6C697374656E657273223A22222C226D756C7469696E7374616E63655F74797065223A224E6F6E65222C226D756C7469696E7374616E63655F63617264696E616C697479223A22222C226D756C7469696E7374616E63655F636F6C6C656374696F6E223A22222C226D756C7469696E7374616E63655F7661726961626C65223A22222C226D756C7469696E7374616E63655F636F6E646974696F6E223A22222C2269737472616E73616374696F6E223A2266616C7365227D2C227374656E63696C223A7B226964223A2253756250726F63657373227D2C226368696C64536861706573223A5B7B227265736F757263654964223A227369642D45413834354446432D313641462D344139332D414446422D313538453241433833323637222C2270726F70657274696573223A7B226F766572726964656964223A22222C226E616D65223A22222C22646F63756D656E746174696F6E223A22222C22657865637574696F6E6C697374656E657273223A22222C22696E69746961746F72223A22222C22666F726D6B6579646566696E6974696F6E223A22222C22666F726D70726F70657274696573223A22227D2C227374656E63696C223A7B226964223A2253746172744E6F6E654576656E74227D2C226368696C64536861706573223A5B5D2C226F7574676F696E67223A5B7B227265736F757263654964223A227369642D43423934423231312D413739372D343236382D393436432D304139333031444139454643227D5D2C22626F756E6473223A7B226C6F7765725269676874223A7B2278223A37312C2279223A38367D2C2275707065724C656674223A7B2278223A34312C2279223A35367D7D2C22646F636B657273223A5B5D7D2C7B227265736F757263654964223A227369642D34444645363438452D363245302D343646382D393639372D344132303738453746303535222C2270726F70657274696573223A7B226F766572726964656964223A22737570657241646D696E417070726F7665222C226E616D65223A22E8B685E7BAA7E7AEA1E79086E59198E5AEA1E689B9222C22646F63756D656E746174696F6E223A22222C226173796E6368726F6E6F7573646566696E6974696F6E223A2266616C7365222C226578636C7573697665646566696E6974696F6E223A2266616C7365222C22657865637574696F6E6C697374656E657273223A22222C226D756C7469696E7374616E63655F74797065223A224E6F6E65222C226D756C7469696E7374616E63655F63617264696E616C697479223A22222C226D756C7469696E7374616E63655F636F6C6C656374696F6E223A22222C226D756C7469696E7374616E63655F7661726961626C65223A22222C226D756C7469696E7374616E63655F636F6E646974696F6E223A22222C226973666F72636F6D70656E736174696F6E223A2266616C7365222C22757365727461736B61737369676E6D656E74223A7B2261737369676E6D656E74223A7B2261737369676E6565223A2231222C2261737369676E656573686F776E616D65223A22E8B685E7BAA7E7AEA1E79086E59198227D7D2C22666F726D6B6579646566696E6974696F6E223A22222C2264756564617465646566696E6974696F6E223A22222C227072696F72697479646566696E6974696F6E223A22222C22666F726D70726F70657274696573223A22222C227461736B6C697374656E657273223A22227D2C227374656E63696C223A7B226964223A22557365725461736B227D2C226368696C64536861706573223A5B5D2C226F7574676F696E67223A5B7B227265736F757263654964223A227369642D32363331363241382D374443352D343239342D424632412D384332413531393242344336227D5D2C22626F756E6473223A7B226C6F7765725269676874223A7B2278223A3230342C2279223A3131317D2C2275707065724C656674223A7B2278223A3130342C2279223A33317D7D2C22646F636B657273223A5B5D7D2C7B227265736F757263654964223A227369642D36463346333633302D383145392D343633332D394538342D333930334239314633373532222C2270726F70657274696573223A7B226F766572726964656964223A22222C226E616D65223A22222C22646F63756D656E746174696F6E223A22222C226173796E6368726F6E6F7573646566696E6974696F6E223A2266616C7365222C226578636C7573697665646566696E6974696F6E223A2266616C7365222C2273657175656E6365666C6F776F72646572223A22227D2C227374656E63696C223A7B226964223A224578636C757369766547617465776179227D2C226368696C64536861706573223A5B5D2C226F7574676F696E67223A5B7B227265736F757263654964223A227369642D39443846384334382D364246362D343743342D413439412D353245393335433331314146227D2C7B227265736F757263654964223A227369642D42453031313846412D383930352D344336342D413942392D413245323433414537433541227D5D2C22626F756E6473223A7B226C6F7765725269676874223A7B2278223A3330312C2279223A39317D2C2275707065724C656674223A7B2278223A3236312C2279223A35317D7D2C22646F636B657273223A5B5D7D2C7B227265736F757263654964223A227369642D46393638334532352D354638342D343831312D393445442D304133323130414438364543222C2270726F70657274696573223A7B226F766572726964656964223A22656E644576656E7432222C226E616D65223A22656E644576656E7432222C22646F63756D656E746174696F6E223A22222C22657865637574696F6E6C697374656E657273223A22227D2C227374656E63696C223A7B226964223A22456E644E6F6E654576656E74227D2C226368696C64536861706573223A5B5D2C226F7574676F696E67223A5B5D2C22626F756E6473223A7B226C6F7765725269676874223A7B2278223A3337322C2279223A38357D2C2275707065724C656674223A7B2278223A3334342C2279223A35377D7D2C22646F636B657273223A5B5D7D2C7B227265736F757263654964223A227369642D31303144413139412D373436302D344239302D413533322D463144393746434138413546222C2270726F70657274696573223A7B226F766572726964656964223A22656E644576656E7431222C226E616D65223A22656E644576656E7431222C22646F63756D656E746174696F6E223A22222C22657865637574696F6E6C697374656E657273223A22227D2C227374656E63696C223A7B226964223A22456E644E6F6E654576656E74227D2C226368696C64536861706573223A5B5D2C226F7574676F696E67223A5B5D2C22626F756E6473223A7B226C6F7765725269676874223A7B2278223A3239352C2279223A3136337D2C2275707065724C656674223A7B2278223A3236372C2279223A3133357D7D2C22646F636B657273223A5B5D7D5D2C226F7574676F696E67223A5B7B227265736F757263654964223A227369642D30463446354437422D324244462D343331432D413341432D373932383838433641454538227D5D2C22626F756E6473223A7B226C6F7765725269676874223A7B2278223A3730372C2279223A3231377D2C2275707065724C656674223A7B2278223A3234312C2279223A34357D7D2C22646F636B657273223A5B5D7D2C7B227265736F757263654964223A227369642D31454437423943362D333244422D343635332D424246302D373436453332463638464644222C2270726F70657274696573223A7B226F766572726964656964223A22222C226E616D65223A22222C22646F63756D656E746174696F6E223A22222C22636F6E646974696F6E73657175656E6365666C6F77223A22222C22657865637574696F6E6C697374656E657273223A22222C2264656661756C74666C6F77223A2266616C7365222C2273686F776469616D6F6E646D61726B6572223A66616C73657D2C227374656E63696C223A7B226964223A2253657175656E6365466C6F77227D2C226368696C64536861706573223A5B5D2C226F7574676F696E67223A5B7B227265736F757263654964223A227369642D34453634454437332D373234352D344132412D393938342D353736423241343538313630227D5D2C22626F756E6473223A7B226C6F7765725269676874223A7B2278223A3236392E343932313837352C2279223A3330307D2C2275707065724C656674223A7B2278223A3139352E3632352C2279223A3330307D7D2C22646F636B657273223A5B7B2278223A31352C2279223A31357D2C7B2278223A32372C2279223A34307D5D2C22746172676574223A7B227265736F757263654964223A227369642D34453634454437332D373234352D344132412D393938342D353736423241343538313630227D7D2C7B227265736F757263654964223A227369642D43423934423231312D413739372D343236382D393436432D304139333031444139454643222C2270726F70657274696573223A7B226F766572726964656964223A22222C226E616D65223A22222C22646F63756D656E746174696F6E223A22222C22636F6E646974696F6E73657175656E6365666C6F77223A22222C22657865637574696F6E6C697374656E657273223A22222C2264656661756C74666C6F77223A2266616C7365227D2C227374656E63696C223A7B226964223A2253657175656E6365466C6F77227D2C226368696C64536861706573223A5B5D2C226F7574676F696E67223A5B7B227265736F757263654964223A227369642D34444645363438452D363245302D343646382D393639372D344132303738453746303535227D5D2C22626F756E6473223A7B226C6F7765725269676874223A7B2278223A3334352C2279223A3131367D2C2275707065724C656674223A7B2278223A3331322E3534363837352C2279223A3131367D7D2C22646F636B657273223A5B7B2278223A31352C2279223A31357D2C7B2278223A35302C2279223A34307D5D2C22746172676574223A7B227265736F757263654964223A227369642D34444645363438452D363245302D343646382D393639372D344132303738453746303535227D7D2C7B227265736F757263654964223A227369642D32363331363241382D374443352D343239342D424632412D384332413531393242344336222C2270726F70657274696573223A7B226F766572726964656964223A22222C226E616D65223A22222C22646F63756D656E746174696F6E223A22222C22636F6E646974696F6E73657175656E6365666C6F77223A22222C22657865637574696F6E6C697374656E657273223A22222C2264656661756C74666C6F77223A2266616C7365222C2273686F776469616D6F6E646D61726B6572223A66616C73657D2C227374656E63696C223A7B226964223A2253657175656E6365466C6F77227D2C226368696C64536861706573223A5B5D2C226F7574676F696E67223A5B7B227265736F757263654964223A227369642D36463346333633302D383145392D343633332D394538342D333930334239314633373532227D5D2C22626F756E6473223A7B226C6F7765725269676874223A7B2278223A3530312E35373831333236383932363135372C2279223A3131362E34313739353334363135323635327D2C2275707065724C656674223A7B2278223A3434352E38303436373938313037333834332C2279223A3131362E31393932333430333834373334387D7D2C22646F636B657273223A5B7B2278223A35302C2279223A34307D2C7B2278223A32302E352C2279223A32302E357D5D2C22746172676574223A7B227265736F757263654964223A227369642D36463346333633302D383145392D343633332D394538342D333930334239314633373532227D7D2C7B227265736F757263654964223A227369642D35363642433133362D454338412D344145452D424144412D374641433330353335453936222C2270726F70657274696573223A7B226F766572726964656964223A22222C226E616D65223A22222C22646F63756D656E746174696F6E223A22222C226173796E6368726F6E6F7573646566696E6974696F6E223A2266616C7365222C226578636C7573697665646566696E6974696F6E223A2266616C7365222C2273657175656E6365666C6F776F72646572223A22227D2C227374656E63696C223A7B226964223A224578636C757369766547617465776179227D2C226368696C64536861706573223A5B5D2C226F7574676F696E67223A5B7B227265736F757263654964223A227369642D44304435344146352D303431322D343435422D393545302D313946384441303132453744227D2C7B227265736F757263654964223A227369642D46393638363236332D434634462D343742422D424443442D463432353433323542314638227D5D2C22626F756E6473223A7B226C6F7765725269676874223A7B2278223A3538302C2279223A3332307D2C2275707065724C656674223A7B2278223A3534302C2279223A3238307D7D2C22646F636B657273223A5B5D7D2C7B227265736F757263654964223A227369642D45333743444134332D443834432D344133392D414444442D343038443730373233413035222C2270726F70657274696573223A7B226F766572726964656964223A22706572736F6E616C417070726F7665222C226E616D65223A22E4BABAE4BA8BE5AEA1E689B9222C22646F63756D656E746174696F6E223A22222C226173796E6368726F6E6F7573646566696E6974696F6E223A2266616C7365222C226578636C7573697665646566696E6974696F6E223A2266616C7365222C22657865637574696F6E6C697374656E657273223A22222C226D756C7469696E7374616E63655F74797065223A224E6F6E65222C226D756C7469696E7374616E63655F63617264696E616C697479223A22222C226D756C7469696E7374616E63655F636F6C6C656374696F6E223A22222C226D756C7469696E7374616E63655F7661726961626C65223A22222C226D756C7469696E7374616E63655F636F6E646974696F6E223A22222C226973666F72636F6D70656E736174696F6E223A2266616C7365222C22757365727461736B61737369676E6D656E74223A7B2261737369676E6D656E74223A7B2261737369676E6565223A2231313333353830393736343133333437383430222C2261737369676E656573686F776E616D65223A22E794A8E688B733227D7D2C22666F726D6B6579646566696E6974696F6E223A22222C2264756564617465646566696E6974696F6E223A22222C227072696F72697479646566696E6974696F6E223A22222C22666F726D70726F70657274696573223A22222C227461736B6C697374656E657273223A22227D2C227374656E63696C223A7B226964223A22557365725461736B227D2C226368696C64536861706573223A5B5D2C226F7574676F696E67223A5B7B227265736F757263654964223A227369642D45383142333433452D383636342D343833452D423344452D413841354642314641354141227D5D2C22626F756E6473223A7B226C6F7765725269676874223A7B2278223A3736302C2279223A3334307D2C2275707065724C656674223A7B2278223A3636302C2279223A3236307D7D2C22646F636B657273223A5B5D7D2C7B227265736F757263654964223A227369642D35383038314632342D364539422D343234462D423237422D454231423734313838353742222C2270726F70657274696573223A7B226F766572726964656964223A22222C226E616D65223A22222C22646F63756D656E746174696F6E223A22222C226173796E6368726F6E6F7573646566696E6974696F6E223A2266616C7365222C226578636C7573697665646566696E6974696F6E223A2266616C7365222C2273657175656E6365666C6F776F72646572223A22227D2C227374656E63696C223A7B226964223A224578636C757369766547617465776179227D2C226368696C64536861706573223A5B5D2C226F7574676F696E67223A5B7B227265736F757263654964223A227369642D43363846394435352D444645302D344137422D423535432D393946444430463437334341227D2C7B227265736F757263654964223A227369642D44363839443630322D334431452D343938382D384145362D433936453236444339443839227D5D2C22626F756E6473223A7B226C6F7765725269676874223A7B2278223A3839352C2279223A3332307D2C2275707065724C656674223A7B2278223A3835352C2279223A3238307D7D2C22646F636B657273223A5B5D7D2C7B227265736F757263654964223A227369642D38434635333446362D353044382D343943332D413432342D414144443535303932304334222C2270726F70657274696573223A7B226F766572726964656964223A22656E644576656E74222C226E616D65223A22656E644576656E74222C22646F63756D656E746174696F6E223A22222C22657865637574696F6E6C697374656E657273223A22227D2C227374656E63696C223A7B226964223A22456E644E6F6E654576656E74227D2C226368696C64536861706573223A5B5D2C226F7574676F696E67223A5B5D2C22626F756E6473223A7B226C6F7765725269676874223A7B2278223A313031382C2279223A3331347D2C2275707065724C656674223A7B2278223A3939302C2279223A3238367D7D2C22646F636B657273223A5B5D7D2C7B227265736F757263654964223A227369642D41353532454242452D454434352D344142332D414135342D364639384136463932373631222C2270726F70657274696573223A7B226F766572726964656964223A2261646A7573746D656E74222C226E616D65223A22E8B083E695B4222C22646F63756D656E746174696F6E223A22222C226173796E6368726F6E6F7573646566696E6974696F6E223A2266616C7365222C226578636C7573697665646566696E6974696F6E223A2266616C7365222C22657865637574696F6E6C697374656E657273223A22222C226D756C7469696E7374616E63655F74797065223A224E6F6E65222C226D756C7469696E7374616E63655F63617264696E616C697479223A22222C226D756C7469696E7374616E63655F636F6C6C656374696F6E223A22222C226D756C7469696E7374616E63655F7661726961626C65223A22222C226D756C7469696E7374616E63655F636F6E646974696F6E223A22222C226973666F72636F6D70656E736174696F6E223A2266616C7365222C22757365727461736B61737369676E6D656E74223A22222C22666F726D6B6579646566696E6974696F6E223A22222C2264756564617465646566696E6974696F6E223A22222C227072696F72697479646566696E6974696F6E223A22222C22666F726D70726F70657274696573223A22222C227461736B6C697374656E657273223A22227D2C227374656E63696C223A7B226964223A22557365725461736B227D2C226368696C64536861706573223A5B5D2C226F7574676F696E67223A5B7B227265736F757263654964223A227369642D41303834424241302D323735442D343334352D423531392D414142433844323942394643227D2C7B227265736F757263654964223A227369642D39443144453739462D303745352D344443332D384634452D423034414236364235433945227D5D2C22626F756E6473223A7B226C6F7765725269676874223A7B2278223A3631302C2279223A3530307D2C2275707065724C656674223A7B2278223A3531302C2279223A3432307D7D2C22646F636B657273223A5B5D7D2C7B227265736F757263654964223A227369642D42453031313846412D383930352D344336342D413942392D413245323433414537433541222C2270726F70657274696573223A7B226F766572726964656964223A22222C226E616D65223A22E4B88DE5908CE6848F222C22646F63756D656E746174696F6E223A22222C22636F6E646974696F6E73657175656E6365666C6F77223A22247B666C6167203D3D2066616C73657D222C22657865637574696F6E6C697374656E657273223A22222C2264656661756C74666C6F77223A2266616C7365222C2273686F776469616D6F6E646D61726B6572223A66616C73657D2C227374656E63696C223A7B226964223A2253657175656E6365466C6F77227D2C226368696C64536861706573223A5B5D2C226F7574676F696E67223A5B7B227265736F757263654964223A227369642D46393638334532352D354638342D343831312D393445442D304133323130414438364543227D5D2C22626F756E6473223A7B226C6F7765725269676874223A7B2278223A3538342E383531353833383538363231392C2279223A3131362E33363834363431393138383634327D2C2275707065724C656674223A7B2278223A3534322E363234393738363431333738312C2279223A3131362E30393234373333303831313335387D7D2C22646F636B657273223A5B7B2278223A32302E352C2279223A32302E357D2C7B2278223A31342C2279223A31347D5D2C22746172676574223A7B227265736F757263654964223A227369642D46393638334532352D354638342D343831312D393445442D304133323130414438364543227D7D2C7B227265736F757263654964223A227369642D39443846384334382D364246362D343743342D413439412D353245393335433331314146222C2270726F70657274696573223A7B226F766572726964656964223A22222C226E616D65223A22E5908CE6848F222C22646F63756D656E746174696F6E223A22222C22636F6E646974696F6E73657175656E6365666C6F77223A22247B666C6167203D3D20747275657D222C22657865637574696F6E6C697374656E657273223A22222C2264656661756C74666C6F77223A2266616C7365222C2273686F776469616D6F6E646D61726B6572223A66616C73657D2C227374656E63696C223A7B226964223A2253657175656E6365466C6F77227D2C226368696C64536861706573223A5B5D2C226F7574676F696E67223A5B7B227265736F757263654964223A227369642D31303144413139412D373436302D344239302D413533322D463144393746434138413546227D5D2C22626F756E6473223A7B226C6F7765725269676874223A7B2278223A3532322E333638353438353231333631332C2279223A3137392E36373937303833313130303438377D2C2275707065724C656674223A7B2278223A3532322E303932333838393738363338372C2279223A3133362E38373439373931383839393531337D7D2C22646F636B657273223A5B7B2278223A32302E352C2279223A32302E357D2C7B2278223A31342C2279223A31347D5D2C22746172676574223A7B227265736F757263654964223A227369642D31303144413139412D373436302D344239302D413533322D463144393746434138413546227D7D2C7B227265736F757263654964223A227369642D39344530304238432D393437362D343541372D423841332D313644433838393141313646222C2270726F70657274696573223A7B226F766572726964656964223A22222C226E616D65223A22E5908CE6848F222C22646F63756D656E746174696F6E223A22222C22636F6E646974696F6E73657175656E6365666C6F77223A22247B666C6167203D3D20747275657D222C22657865637574696F6E6C697374656E657273223A22222C2264656661756C74666C6F77223A2266616C7365222C2273686F776469616D6F6E646D61726B6572223A66616C73657D2C227374656E63696C223A7B226964223A2253657175656E6365466C6F77227D2C226368696C64536861706573223A5B5D2C226F7574676F696E67223A5B7B227265736F757263654964223A227369642D39463241343034412D434636392D344430442D384234392D453233453144413545384133227D5D2C22626F756E6473223A7B226C6F7765725269676874223A7B2278223A3437342E352C2279223A3237392E353331323732383634333138317D2C2275707065724C656674223A7B2278223A3437342E352C2279223A3231372E36333133343630333031333632337D7D2C22646F636B657273223A5B7B2278223A32302E352C2279223A32302E357D2C7B2278223A3233332E352C2279223A3135332E32363031313730363533303839327D5D2C22746172676574223A7B227265736F757263654964223A227369642D39463241343034412D434636392D344430442D384234392D453233453144413545384133227D7D2C7B227265736F757263654964223A227369642D42434433394441362D393530412D343035302D413330422D394133324438314231443432222C2270726F70657274696573223A7B226F766572726964656964223A22222C226E616D65223A22E4B88DE5908CE6848F222C22646F63756D656E746174696F6E223A22222C22636F6E646974696F6E73657175656E6365666C6F77223A22247B666C6167203D3D2066616C73657D222C22657865637574696F6E6C697374656E657273223A22222C2264656661756C74666C6F77223A2266616C7365222C2273686F776469616D6F6E646D61726B6572223A66616C73657D2C227374656E63696C223A7B226964223A2253657175656E6365466C6F77227D2C226368696C64536861706573223A5B5D2C226F7574676F696E67223A5B7B227265736F757263654964223A227369642D35363642433133362D454338412D344145452D424144412D374641433330353335453936227D5D2C22626F756E6473223A7B226C6F7765725269676874223A7B2278223A3533392E33343337352C2279223A3330302E357D2C2275707065724C656674223A7B2278223A3439342E333132352C2279223A3330302E357D7D2C22646F636B657273223A5B7B2278223A32302E352C2279223A32302E357D2C7B2278223A32302E352C2279223A32302E357D5D2C22746172676574223A7B227265736F757263654964223A227369642D35363642433133362D454338412D344145452D424144412D374641433330353335453936227D7D2C7B227265736F757263654964223A227369642D46393638363236332D434634462D343742422D424443442D463432353433323542314638222C2270726F70657274696573223A7B226F766572726964656964223A22222C226E616D65223A22E4B88DE5908CE6848F222C22646F63756D656E746174696F6E223A22222C22636F6E646974696F6E73657175656E6365666C6F77223A22247B666C6167203D3D2066616C73657D222C22657865637574696F6E6C697374656E657273223A22222C2264656661756C74666C6F77223A2266616C7365227D2C227374656E63696C223A7B226964223A2253657175656E6365466C6F77227D2C226368696C64536861706573223A5B5D2C226F7574676F696E67223A5B7B227265736F757263654964223A227369642D41353532454242452D454434352D344142332D414135342D364639384136463932373631227D5D2C22626F756E6473223A7B226C6F7765725269676874223A7B2278223A3536302E343338323731343639313634342C2279223A3431392E313235303034393133343337357D2C2275707065724C656674223A7B2278223A3536302E313238313334373830383335362C2279223A3332302E313931343031333336353632357D7D2C22646F636B657273223A5B7B2278223A32302E352C2279223A32302E357D2C7B2278223A35302C2279223A34307D5D2C22746172676574223A7B227265736F757263654964223A227369642D41353532454242452D454434352D344142332D414135342D364639384136463932373631227D7D2C7B227265736F757263654964223A227369642D39443144453739462D303745352D344443332D384634452D423034414236364235433945222C2270726F70657274696573223A7B226F766572726964656964223A22222C226E616D65223A22E9878DE696B0E794B3E8AFB7222C22646F63756D656E746174696F6E223A22222C22636F6E646974696F6E73657175656E6365666C6F77223A22247B666C6167203D3D20747275657D222C22657865637574696F6E6C697374656E657273223A22222C2264656661756C74666C6F77223A2266616C7365222C2273686F776469616D6F6E646D61726B6572223A66616C73657D2C227374656E63696C223A7B226964223A2253657175656E6365466C6F77227D2C226368696C64536861706573223A5B5D2C226F7574676F696E67223A5B7B227265736F757263654964223A227369642D34453634454437332D373234352D344132412D393938342D353736423241343538313630227D5D2C22626F756E6473223A7B226C6F7765725269676874223A7B2278223A3530392E313438343337352C2279223A3436307D2C2275707065724C656674223A7B2278223A3332302C2279223A3334317D7D2C22646F636B657273223A5B7B2278223A32372E333132352C2279223A34307D2C7B2278223A3332302C2279223A3436307D2C7B2278223A35302C2279223A34307D5D2C22746172676574223A7B227265736F757263654964223A227369642D34453634454437332D373234352D344132412D393938342D353736423241343538313630227D7D2C7B227265736F757263654964223A227369642D41303834424241302D323735442D343334352D423531392D414142433844323942394643222C2270726F70657274696573223A7B226F766572726964656964223A22222C226E616D65223A22E58F96E6B688E8AFB7E58187222C22646F63756D656E746174696F6E223A22222C22636F6E646974696F6E73657175656E6365666C6F77223A22247B666C6167203D3D2066616C73657D222C22657865637574696F6E6C697374656E657273223A22222C2264656661756C74666C6F77223A2266616C7365222C2273686F776469616D6F6E646D61726B6572223A66616C73657D2C227374656E63696C223A7B226964223A2253657175656E6365466C6F77227D2C226368696C64536861706573223A5B5D2C226F7574676F696E67223A5B7B227265736F757263654964223A227369642D38434635333446362D353044382D343943332D413432342D414144443535303932304334227D5D2C22626F756E6473223A7B226C6F7765725269676874223A7B2278223A313030342C2279223A3537327D2C2275707065724C656674223A7B2278223A3536312C2279223A3331342E383132357D7D2C22646F636B657273223A5B7B2278223A35312C2279223A35312E34303632357D2C7B2278223A3536312C2279223A3537327D2C7B2278223A313030342C2279223A3537327D2C7B2278223A31342C2279223A31347D5D2C22746172676574223A7B227265736F757263654964223A227369642D38434635333446362D353044382D343943332D413432342D414144443535303932304334227D7D2C7B227265736F757263654964223A227369642D44363839443630322D334431452D343938382D384145362D433936453236444339443839222C2270726F70657274696573223A7B226F766572726964656964223A22222C226E616D65223A22E4B88DE5908CE6848F222C22646F63756D656E746174696F6E223A22222C22636F6E646974696F6E73657175656E6365666C6F77223A22247B666C6167203D3D2066616C73657D222C22657865637574696F6E6C697374656E657273223A22222C2264656661756C74666C6F77223A2266616C7365222C2273686F776469616D6F6E646D61726B6572223A66616C73657D2C227374656E63696C223A7B226964223A2253657175656E6365466C6F77227D2C226368696C64536861706573223A5B5D2C226F7574676F696E67223A5B7B227265736F757263654964223A227369642D41353532454242452D454434352D344142332D414135342D364639384136463932373631227D5D2C22626F756E6473223A7B226C6F7765725269676874223A7B2278223A3837352E352C2279223A3436307D2C2275707065724C656674223A7B2278223A3631302E3239363837352C2279223A3332302E31393134303632357D7D2C22646F636B657273223A5B7B2278223A32302E352C2279223A32302E357D2C7B2278223A3837352E352C2279223A3436307D2C7B2278223A35302C2279223A34307D5D2C22746172676574223A7B227265736F757263654964223A227369642D41353532454242452D454434352D344142332D414135342D364639384136463932373631227D7D2C7B227265736F757263654964223A227369642D43363846394435352D444645302D344137422D423535432D393946444430463437334341222C2270726F70657274696573223A7B226F766572726964656964223A22222C226E616D65223A22E5908CE6848F222C22646F63756D656E746174696F6E223A22222C22636F6E646974696F6E73657175656E6365666C6F77223A22247B666C6167203D3D20747275657D222C22657865637574696F6E6C697374656E657273223A22222C2264656661756C74666C6F77223A2266616C7365227D2C227374656E63696C223A7B226964223A2253657175656E6365466C6F77227D2C226368696C64536861706573223A5B5D2C226F7574676F696E67223A5B7B227265736F757263654964223A227369642D38434635333446362D353044382D343943332D413432342D414144443535303932304334227D5D2C22626F756E6473223A7B226C6F7765725269676874223A7B2278223A3938392E393439323236333230303531342C2279223A3330302E343231383930323238383731387D2C2275707065724C656674223A7B2278223A3839352E353734323131313739393438362C2279223A3330302E303534363732323731313238327D7D2C22646F636B657273223A5B7B2278223A32302E352C2279223A32302E357D2C7B2278223A31342C2279223A31347D5D2C22746172676574223A7B227265736F757263654964223A227369642D38434635333446362D353044382D343943332D413432342D414144443535303932304334227D7D2C7B227265736F757263654964223A227369642D45383142333433452D383636342D343833452D423344452D413841354642314641354141222C2270726F70657274696573223A7B226F766572726964656964223A22222C226E616D65223A22222C22646F63756D656E746174696F6E223A22222C22636F6E646974696F6E73657175656E6365666C6F77223A22222C22657865637574696F6E6C697374656E657273223A22222C2264656661756C74666C6F77223A2266616C7365222C2273686F776469616D6F6E646D61726B6572223A66616C73657D2C227374656E63696C223A7B226964223A2253657175656E6365466C6F77227D2C226368696C64536861706573223A5B5D2C226F7574676F696E67223A5B7B227265736F757263654964223A227369642D35383038314632342D364539422D343234462D423237422D454231423734313838353742227D5D2C22626F756E6473223A7B226C6F7765725269676874223A7B2278223A3835342E383336383131303635383931342C2279223A3330307D2C2275707065724C656674223A7B2278223A3736302E303636353930363338393931362C2279223A3330307D7D2C22646F636B657273223A5B7B2278223A35302C2279223A34307D2C7B2278223A32392E34353839383839333836333634382C2279223A32307D5D2C22746172676574223A7B227265736F757263654964223A227369642D35383038314632342D364539422D343234462D423237422D454231423734313838353742227D7D2C7B227265736F757263654964223A227369642D44304435344146352D303431322D343435422D393545302D313946384441303132453744222C2270726F70657274696573223A7B226F766572726964656964223A22222C226E616D65223A22E5908CE6848F222C22646F63756D656E746174696F6E223A22222C22636F6E646974696F6E73657175656E6365666C6F77223A22247B666C6167203D3D20747275657D222C22657865637574696F6E6C697374656E657273223A22222C2264656661756C74666C6F77223A2266616C7365222C2273686F776469616D6F6E646D61726B6572223A66616C73657D2C227374656E63696C223A7B226964223A2253657175656E6365466C6F77227D2C226368696C64536861706573223A5B5D2C226F7574676F696E67223A5B7B227265736F757263654964223A227369642D45333743444134332D443834432D344133392D414444442D343038443730373233413035227D5D2C22626F756E6473223A7B226C6F7765725269676874223A7B2278223A3635392E373032303330343734333439382C2279223A3330302E357D2C2275707065724C656674223A7B2278223A3538302E363837363232383536373930342C2279223A3330302E357D7D2C22646F636B657273223A5B7B2278223A32302E352C2279223A32302E357D2C7B2278223A33362E39343533313830393237333136372C2279223A34302E357D5D2C22746172676574223A7B227265736F757263654964223A227369642D45333743444134332D443834432D344133392D414444442D343038443730373233413035227D7D2C7B227265736F757263654964223A227369642D30463446354437422D324244462D343331432D413341432D373932383838433641454538222C2270726F70657274696573223A7B226F766572726964656964223A22222C226E616D65223A22222C22646F63756D656E746174696F6E223A22222C22636F6E646974696F6E73657175656E6365666C6F77223A22222C22657865637574696F6E6C697374656E657273223A22222C2264656661756C74666C6F77223A2266616C7365222C2273686F776469616D6F6E646D61726B6572223A66616C73657D2C227374656E63696C223A7B226964223A2253657175656E6365466C6F77227D2C226368696C64536861706573223A5B5D2C226F7574676F696E67223A5B7B227265736F757263654964223A227369642D35363642433133362D454338412D344145452D424144412D374641433330353335453936227D5D2C22626F756E6473223A7B226C6F7765725269676874223A7B2278223A3536302E3337363839353434333832322C2279223A3237392E36393533333030303539333031357D2C2275707065724C656674223A7B2278223A3536302E3030393832333330363137382C2279223A3231372E36363031333837343430363938357D7D2C22646F636B657273223A5B7B2278223A3331392C2279223A3137317D2C7B2278223A32302E352C2279223A32302E357D5D2C22746172676574223A7B227265736F757263654964223A227369642D35363642433133362D454338412D344145452D424144412D374641433330353335453936227D7D5D2C22626F756E6473223A7B226C6F7765725269676874223A7B2278223A313230302C2279223A313035307D2C2275707065724C656674223A7B2278223A302C2279223A307D7D2C227374656E63696C736574223A7B2275726C223A227374656E63696C736574732F62706D6E322E302F62706D6E322E302E6A736F6E222C226E616D657370616365223A22687474703A2F2F62336D6E2E6F72672F7374656E63696C7365742F62706D6E322E3023227D2C227373657874656E73696F6E73223A5B5D7D, null);
INSERT INTO `act_ge_bytearray` VALUES ('47503', '8', 'source-extra', null, 0x89504E470D0A1A0A0000000D494844520000042C0000026E08060000007B5293CD000000206348524D00007A26000080840000FA00000080E8000075300000EA6000003A98000017709CBA513C0000000467414D410000B18E7CFB5193000000017352474200AECE1CE900000006624B474400FF00FF00FFA0BDA793000000097048597300000EC400000EC401952B0E1B000020004944415478DAECDD09785355DAC0F1372D2D055A5ACABE49652B3B28280A28A088A08CA2228BA0A08CCB38323A222A3A2A8E33A39F8A3A6EE388888808EEE006C3A2A080A08880C8264BA1500A2D50BA405B68F29DF7262969E9DEA4A4E9FFF73CE749727373737B727B97F7BEE71C11000000000000000000000000000000000000000000000000000000000000000000000000000000000000000000000000000000000000000000000000000000000000000000000000000000000000000000000000000000000000000000000000000000000000000000000000000000000000000000000000000000000000000000000000000000000000000000000000000000000000000000000000000000000000000000000000000000000000000000000000000000000000000000000000000000000000000000000000000000000000000000000000000000000000000000000000000000000000000000000000000000000000000000000000000000000000000000000000000000000000000000000000000000788D8D2A00028FC3E1088B8F8FBF273535754C4646466C7A7A7A98DD6EA762000055EB44D766738485851DAE5EBDFA8F595959CFF7E9D3E75B6A05002AD17E9C2A0002CBBE7DFBEE4A4C4C9C9A999959B34993261215152591919112141444E50000AA140DD6A7A5A5494A4A8A242424649F3A756ACB891327C65C79E5959BA81D00F07F042C8000B27FFFFE793B76ECB8362626469A376FAE7796A81400005CE2E3E365E7CE9D271C0EC7A8CB2EBB6C3E350200FE2D982A000283062BE2E2E2AEEDDCB9B3346CD89060050000F968C661BD7AF5420E1E3C78F59831637E7DF7DD77B7532B00E0BF08580001409B81ECDCB973A2062BF4640C0000142C343454EAD6AD5B3D2121E1AAD1A3477FF5DE7BEF1DA25600C03FD1A81DA8E4B4834DEDB3429B8110AC0000A078E1E1E1D2AA552B7B7070F0CBD40600F82F02164025A7A38168079BDA670500002899162D5A4457AB56ADCDE2C58B2FA23600C03F11B0002A391DBA544703A1CF0A00004AA751A34689E6E1066A0200FC13010BA092CBC8C888D5A14B010040E93468D0A0A979E8474D00807FAA461500955B7A7A7A187D570000507AE6F8D9D83CD4A72600C03F916101547276BB5D8282F8570600A0D427C2CEE32737F000C05FF7D354010000000000F037042C000000000080DF2160010000000000FC0E010B0000000000E0770858000000000000BF43C0020000000000F81D02160000000000C0EF10B00000000000007E8780050000000000F03B042C000000000080DF2160010000000000FC0E010B0000000000E0770858000000000000BF43C0020000000000F81D02160000000000C0EF10B00000000000007E8780050000000000F03B042C000000000080DF2160010000000000FC0E010B0000000000E077AA51050050D132252D6D811C3AB4478E1E0D93D4D473C46E0FA55ACAC966B34B44448AD4A9535D1A34E82991918DA8140000804A8C80050054A08C8CAF64FBF61D72FC783D69D264ADB46AB5C95C586F91A0A06C2AA79C34E89396D64A52523AC9962DC72434B4A1B46DDB5BC2C3C3A91C0000804A8880050054902347FE2E9B36B5939898EFA45BB7F962B3E550295EA4411F0DFE6869D1E223898FBF56D6ADCB960E1D2E947AF51A5241000000950C010B00A8001AACD8BA3546BA769D625D50C3F79A379F2F75EA6C900D1BFE6D5EF5927AF5EA51290000009508010B00F0316D06A2991585052B32D3EA49E2B64B25FD7073713882A456F47E691CFB9DD4884CA4F2CA293C3CCED4FBBDB26EDD7FE5FCF37BD13C040000A01261941000F0A94CABCF8A98980F0A0D56EC5A3352520FB5127B4EA838ECD5243DB985EC5C3D424E1CA3D3486FD0A0C5B9E7CE35BF03992D0000009509010B00F0211D0D443BD8D4E6090549DAD5534E65D73863BA062F0EEEB8880AF492E6CD674876F6613976EC1895010000504910B000001FD2A14B9B34595068079BC78BC8A2D0EC0B784FE3C61BCDEF71888A000000A824085800800F1D3D1A2651519B0A7DDF91135CF8871DECA2BD292AEA7FE6F7384A4500000054129C0D03800FA5A69EC3A8207E22226285A4A5A551110000009504010B00F021BB3D548282B2A9087F38E099DFC1E170501100000095E5FC8D2A0080B327B4666AA1EF55AB9E4105010000A0CA226001006751BD989FA55AE88933A607876449FD966BA9200000005459042C00E02CAADDF0778968B0B3C0E9918DB65141000000A8B2085800C0599673B2FA19D34E65D5A26200000050A511B00080B3242B3D5A76AD1929A907DB9CF15E5AD2B9B2F38751D63C000000405544C00200CE82A3FB3AC9CED53749FAE1E685CE9371B499FCBEF26649DEDD5D1C0E76D7000000A85AAA510500507134632261CB6556064549D87342ADF9530FB591C6EDBF911AB50F5189000000A812B8650700154833264A1AACF0A499183B568DA602010000506510B000800AA4191365E5B09314878A77FCF8712A0100009C159CFD024005EA72D57354022A8D0D1B36C833CF3C230F3FFCB074EDDA950A010000158A0C0B000070865F7FFD555E7EF965193C78B0F5B86EDDBA80FD5B4F9D3AC50F0E00801F22C3020000E4A1C18A975E7A49FEFCE73FCBF9E79F6F6557BCF6DA6B72D75D7759AFCFB6B8B83899376F9EDC77DF7DD6EBF5EBD74B7878B854AB76FAB426313151323333ADE7E9E9E9121515257DFAF42970799A453274E850E9D4A99335AF2E0B00009C7D042C000040AEFCC10AA5018B0913269C31DD1752525264C9922552AF5EBDDC696BD7AE95952B57CABDF7DE9B3BAD5BB76E5640222C2CCC0A58E8E345175D94FB7EA3468D729FAF5EBDDA0A7278062CBEFCF24B2BC0919C9C6CCDBB75EB5659B870A11C3B764C468F1E2DEDDAB563630000E02C23600100002CDA678536FF282828D1B97367F9CB5FFE62BDAF8FBEEAD3423321860D1B96679A66773CFAE8A3D2A3478F423FA741070D407836EFD020C5BE7DFBA459B366B9D9166E43860CB11E6FBFFD7699366D9A15B0D8B469933CF5D45356D0449F6BC6050000387B085800F00B59F693F2D59EEFE4BBD52B65DFEF7BC496982541193912942DE2307B2A47AD6A12D1B48EC4C6B6959B2EBB419AD66B4CA5013E085614158CD0E9DA0CA322322DDC347B42B321C68E1D5BECBC1A94F06C1612131363150D5CB869938F152B56581919AA63C78E56F3120D74F4EBD74F962D5B66CDAF410BCDB2F05C5E418E1C39223FFDF4936CD9B245F6ECD9637D4ED7232424C40ABEB468D1C2ECB762A557AF5E121D1DCD86060000010B00952950F1FCD269F2E337AB24F8588EA43615496D2572A2A74876B8883D54ACA045B5CC535223394976ED4992D58FAF927AD17565C495D7CB6597F4A71281727277B05992CC09CDB470072D7C9969A13488F0D8638FC9B871E3AC7E2534D0A001874183061538BF0608DE79E79DDCE6243B77EE943BEFBCD30A4EB8332F7439FAF9B7DE7ACBCACAD0A6259EA64F9F2EFFF9CF7F8AEDC7429BA92C5AB448B66EDE2C277372CE78FFE4C99392949464159D77F6ECD9D2A14307E9DFBF7FA17D69000080BC182504C059F3F9CE6F65C4DF6E939F3EFF5EF677CB915FC78AEC192872B4AD4866B43358A1F431BBB6C8B19622F1FD4436DEEA909FBB26CB2B9FBE25F7FE6DA2D5B91E80B2072BDC1913250D3E78062D3433C3576EBDF55679E28927A461C386D66BBDD0D7EC05ED4F4303179E34B34103163A5D031C5AB439880625B4E8734F9A39A19FC94FFBB4282A58A10188679E7E5AA64E9D6AD55D41C18AC26CDEBCD96ADE3265CA14F65B000094001916002A5C8E2347EEFFFC5FB2FF8BCD72B8BB48A2669597327C7A2C468B5D0EFD92200F3CFE90DC76F338B22D8072042B4ADBBC438316F7DF7FBFCF9A87E845BD767EA9FD56689310371DCD43830F37DE78A32C58B0204FC0A2A0E61B4535E9D0CC0B6D32E2A9A860C5AA55ABE49DE9D325EDF8F1DC69C10E87744A4C949E669D5A27274B5466A6446465C9F1D0504931CB8F8B8A921F9B3797754D9AC8C9E060EB33DBB66D93C99327CBF8F1E3C9B60000808005007F0A56DCFED51372ECEB9DB2F31A918C72764571E83C91F466D9F2D6FBEF5829D8575E36904A064AA0A80E364B13B47077C4E9ADA08536DD983B77AEFCF18F7FB43ACB2CC83DF7DC638D1A929F665F683040FBA1509AC5903F13C34D97ADFD636856C6CC9933ADF5D74C8C1B6EB8A1C0F9D7AD5B27AFBFF69AE4D8EDB9818AC1E6BB06FEFEBBD4CFC83863FE9AD9D95669929A2ABDF6EEB582175FB56B270B626325C766B3D655B32D74BFA5CD440000C099681202A0426966C5B12F76CAD6E1E50F56B81DAF6F2EBE8665CB7B1FCFB1DAB8032859B042830DE50D32B83BE2D48B6FBDA82F2FCD94183972649E604541591273E6CC2930D83171E244ABF34C2D3366CCC8ED5C337F6043BF473BC9D48E3575B8D44F3EF9C4CAB6D08C07ED37C3735FA299152F4C9D9A1BACD020C4D30B17CAE8F5EB0B0C561444332F747EFD5CF363C772A7BFF9E69BECB70000206001E06CD33E2BB419C8CEAB9D7D5278932E6FE3904C797BD63B92909040650385284D079B25E5EED3428316E5EDD3423BCCCC1FA0D0661A9EC3951646E7F31CFA548315DA9C64F5EAD5B94D3D74397FFAD39FAC6C8ABA75EB5A1916FA19CDB0D0A14D75FE871E7AC8EA2453699F15DA0CC41DAC8835AFA72C5D9A27E8501AFA39FD7CE7830773A769479FECB7000038134D420054081D0D64C65B3324B9BBF7322BF2D34C8B3D1764CB7FFEFB863CF5E4DFA974A0806045FE0E3635D3402FE0F3D3A046FDFAF54FFF7F1D3F6EF5B9909F062974B84E5F8E1EA24186A202161A7428A8EF099DDEA95327ABBF88A79E7A2A77BAF68DA199149AC5F1EAABAF5A19176E3A6A882E4B470A51D3DE7C33B7CF0ACDAC98B86285D5474579685391FB56AE9429975F2EF19191D6F76BA685F6DB0100004E0BA60A80CAED965B6E99D2B2654BBF5FCFA717FF471236C559A380387C98DB75AC915DA2D7E548DD5A5172CE39E79CF5BF7BD7AE5DD2B2E52C36543FB16BD72D5219FE5F7C1DACF06C06A259080D1A34B046B0D0FE1454505090C4C5C549DFBE7DF304260E1D3A247657A6419D3A7564D8B0617902133A9A8736ABD06047F3E6CDA57163EF44277BF5EA25AD5BB72EF47D6DD651D8EFAAC194E1C387E70E75AA7F9B7B5E0D6868E0C2DD84448B2ECB4D87239D377FBEF384C9E190BF7DFB6D899B801427242747DA2525C937E6EF72D86C72F8F0612BEBC31FF65B556FBFB04B66CD9AF524350100FE872621007C4EB32BD67EBB5AF6F511B1574098F4B7DEE9F2BFC58BBCB6BCCF3EFBCCBA70C929C5F085803F6D6FDA4CA3A8D13C2EBDF4D23CC1050D4AECDEBDDB5A0FA51D595A4378BA021ADA64A376EDDA3268D0A03396E5ED3E2DCA4B033165ADCB458B4EEF47B483CDB23603298C2E6FC8D6ADB9AF972C59C23F0000001E681202C0E7BEDAF39D543B92630D455A110E37CF9183CB92ACB6E79E29ED65F5E1871F5A8F7A275ADBBAEB1DD9D8D8D8023BF32B8F471F15F9E73F0B7E4FB3E13D9BF51F3D2AB27CB90EF158B265CF9BA777C4453C6E98CBD34F8B3CF490DE712EFDBA66678B8486E69DA6EBE3BA9ECDB56387C88D378AD4AD5BF8B2DE7C5364DCB83397977F1E1DFDB1430791F5EB356DDF397DCF1E91162D02EBFFC5BDBDD5AC59D30A2E94777BF3EC60B3A8661A3AF2C6A366233CEE6AFE70E2C40979EBADB7ACEF7EE5955772A7BBD7ED8E3BEE90E0E0822390BE6C1E525ADA1444B32CB4A9C7E5975F5EE20C9B23478EC8E6DF7EB39E5B23826CDFEE93F51BB46D9B7CDDB6AD35E4A90686BCB5DF02008080050094C077AB573A83151598D355AD7DA4AC59B346860C19E2B5656A3B73EDCD5F4BAD5AB5A47BF7EE56AA7A0773151D121252EEE5EFDB9737C0F0D34F223D7B3A031553A78A2C5E7C3AB8A0FD016AE6B85E437EF185DE4576CEEB0E44E8E73D8304FFFEB7C88409225F7FED5CAEDE18DFB54BE4CB2F9DCBFFEE3B91679E11397C58E4975F9C9FD165EBEB9F7F16B9EA2A11BD5E8B31BF635A9AC8DEBDCE008BA7B7DF16993933EFB459B344EEBA2BEFB4F87891E6CD4FBF365569AD53EFDE85CFB371A3C84D37399FEBDFB174A933C0A1D3BEFFBE6C41177FA70102F7F6A67D2AE8F676F1C517976A7B2B4D079BDA1C413326162C5860052BDCEBF0CF7FFE5352535373E78B8888B0D6A3B80B7F77D042831D77998DC01B439E9695061FBEF9E61BAB685D5E70C105B981A0C2822E3F998DD2DDD166D7030724DA2360E34D3A7AC8F90909B2C6B5C17B7BBF050000010B0028EA42FCF73D92DAAA62BF737FA30CD9B2658BCF4EFC333232CC45FE7756A95EBDBA5C74D14556F6C579E79D57E80550613488A0D7451AB0D04C021DCD5133273EF840E4C9279D0105BDF0775F946BB685061BEEB9C7194C1831C219A47007152EBB2C6FB04297F3DE7B9A6E2ED2A99373F99AD93E6D9AC8134F88B998757E56E9E7DAB77706413433C25C9BCAAA55CEF7357871C925A7D7B9209A79E1C975BD97C7FBEF8B74EC78FAEFD1C11222234F2F73D932E77A68F687FEADDA1FA2666E68B64672B273FDDDD9181AB409AA028D1BD3D3D365F9F2E556D14C8B9E3D7B16BBBD15D4C16671AEBFFE7AEB3BDC010B6D02B277EF5E71381CA74F1CCC06A97D429484062DF4FB356852587394B35197DF7EFBAD5534F8A2EBD4BB776F2B10E45997BAFF70BB5023683EA4CB77072C7CB9DF020080800500E4634BCC92E31755EC771E8DCEB63A0DAC08595959B917939A79A11787DA27805E0095843B58F0D1472277DC71FAC25F2FC43558A117ED9ECD25348B41B31BB45988063466CC705EF4ABD75F1779ECB1BCCB6FD448A469539101039CCBD36C0CF745FED8B122D5AB8B7CFEB9C835D738A7E9BC7A035FA7EBF7EABA68304147AB2CAAD986F655A8991A9E0AEB27D1F37A4C03351A78E8D2E5F472DC37EF35589198E80C7C6893169D3E7DBAF36FF74C32D075D77AD179029D66FAB8B737BDE0D6A0807B7B73675E14D6C16671F4827DC28409F2DC73CF594139E519ACD04E2A6FBBED36AB494849B9FBB428CBFAF85A5A5A5A6E5D6AE051D74D3B1AD5BADCA3ED8D5C5A1E39E2D3F5884949C97D5E51FB2D00000858008011949123276B5570C0E278AAA4A404C9C71F7F5CA1DFAB1779AB56ADB28AD28E095BB4A8276DDA241738BF662D6893060D04E885BB5E8C6BF6838E9AF8AF7F399B46DC7BAFB38F07A581091DB4C02CD6CA98D02C09CD46D0CC0ABDBED2657CF289C8FEFDCE6086D2A61A9AA1A017FD1AA8708FFEA89F7767B9BFF186B349865EF06B8044E74F48706672E8BAB9332C34E8A1F2675868B040331FF267585C70813398A0011137CD9CD01126BB7777BED6008A0EE0A0EBAED76AFAF74F9EEC7C4FD755831E1A3CD1BF53E771F7DFA1CD53942E4B8334C5052B92926A599D40A6785C1C56767AC1EDB9BDE9281D575E79A5B5DD973538A0CD243408F2E38F3FE68E0862FD1F9B8D478701D5CC8ED272370F79F1C517ADA62DBA9EFE46038F3FFCF0835594CD663B1DA8F118F6D4173C97AFBF290000206001A0A20216E622D61E5AB1DF19FDBB73A4834FF4EAFD2CD2B6FF73E67491C71FFFA6C0F7F5225C83007A61AE4D37C68F77F6D7A0CD1FDC83366810433B9A745E903AFBA7D06C0C0D62E86BBDA6D4E082DEF4D6FE1A5F7EF974D68606196EBED9F91DFAF88F7F9CFE6ECDFA7FFC7167FF16EEEC0AB570A1F3FB3500A141809264586890A36D5B6793110D261C3AE46C52A2661530AAAB2EDF9D0972E080C8C081CE3AD0E04DFE1BCC1AA4D1F9B559CB2DB738D7C9DDD9A8FEDD5A3F25B9E1BF7CF9B9F2CB2FBF5825501D3495F5EEBBEFCAE0C183CB95C93066CC18AB2F054F9A6971DD75D79579991AB468DAB4A9D5274765E0995912A111441FAAE911E93B99BFE75A0000085800800F4FFC436D1294EDA8D8A0458708095A9351AE0B2CB792043D34155F2F704EE995BB07CDB018316269919FD53E1DDAB471061E34C0A017E1DF7CE30C0EE8C010E9E9CE4E29FBF777CEAFCF35F35FBB25D0E0800E28A01D5B6A1683063CF43AF3BEFBF20644DCC10BED2CD333C8D0A0C1E9C0889B062F929244FAF573061134A3C133C342FBB570374129887E87CE5314FD6E7796C6AFBF3A8310FAB7EAF3264D4ECFA7010C6DE6A2EF9B6BE83302133A6F495B27F4EDBB5B76EDBAB9C4A3449C2DE509B269E6423FF3C37DF1C51756538CB28ECEF1BED92835C3C0F3A25D332CE6CF9F5FE2A64EF9693395FDFBF75B9D5D5664864549EA33FFDF9A7F5A5AF5EA3E0D5A1CF788047AA3035F000008580040490316E1D52424E3A4645560C0A2768D70898A0A9161C386F9EC82A7468D1A568042EF88BAEF8A6ADB7EBD93AC17657AB1A86DE36363DF2C72F9DA71A6664BBCF8A2B379442D57F31977C04003055A9406353428A17D4068B310ED60F3D5579D190A3AE287062D3C47DBF0A4C10BF74822EEA0414E4EE1EBA5DFA5C1115DB6DE00D6F9F5510312BA3E9EA378782E47832D9E991C051E7CAA9DCE02F1CCB0D04087678685666C68D10E468BA20196E24682AC5F3FC3CA3A18E08EE00440C022FFF6E6BED86DD5AA95BCF0C20B567F14A5CDB4D0A135376EDC98A73988F337CEB1FA7558BB766DA99B85B8FBD4D0A1532BBA0F8B92D4A70626B42E75E853777F200F3EF8A0246A072A464A58984F0316291E43D6461417ED030080800500784F64D368A9997450B22AB043C4B6690DA5518CF7878FD08B1ABD90D38E0FDD2329E8A80D7AB1A8433DEAC563693A2454DA3F83062D348BC03D0AC79C39228B1639B30E3C9BB46B1F149B36399F6B26853ED700827654A9410073BD251E2350E6A1D75EDA6F8527EDDF426FC2BB2FF6DDCD3FB4F34CFDAED1A39D410BED7FD15CC75AEBA88185FCFD4568F3115D07CDC6D0E6F8FAA89FD3808A8E42929FDEA42F28C342FBCCD0E51447333C3C031B5A1755656085926C6F3AFDFEFBEFB782042519D2D43328F1EAABAF5A2369B879661A1C3B764C66CC98615DD097743BDFB06183DF8C12A259229E81180D0E68F045475DE9D4A9539E51425AB468911BB0D8151D2DCDB573151F898B8ACA7D1EE3EE9C05000010B000E07BEDDBB7975D5B0FCAD1B615F79DB5F7D9ACEFF5B6E3AE5E2ADD434BEAB0927A11569E346E1D214303061A2CD8BAD579C1AE81076D9AA141089DAE17F24A3BD37CE411677F11DA4442871F9D34C999A5A07D57683F0FDABFC36BAFE5CD8050DA7CC29DD5E0A6FD6678662668704403133AF2887B241177C686060934A0A2991ADACF86277793116D8AF2FCF3CE9146F446B1AEA30622F47AD9F3FA563BDE74F3CCB0C84F031F7AEDEC8A0D59591FDA0585F6E1A15917EE608E76C6A9411F77479E8118A428EDF6E6EEE8B234A3737CFAE9A7B9DBB8D2EF6962369C848484DC2C227DFCF0C30F659CBB27D822EC321BEE6B6663F497D1413458A1239D689042033E6DDAB429B42E75FFE1EEC7E347F3CFD477F76E9FADD78F1EFFACBED86F010040C002000A31EA92EB64E5FF96CB1EBBC35C05FBFEFBAA0785C891DF12A4E7B5B77A75B97A4759EF2CBB873D2C6D26454156AE14B9F556671060F66CE785F8D4A9CE8C03ED2453B3D03560A14DFEB5C9880602B4B34A1D394333306EB8C179A1AE19101AB0507AEDA399137FFDABB3D9889B5ED4E71FDDC33572652E5D0F7730410310DACCC41DD0D00084BB1F46BDD91C19A977A145745005CDF2D066191A2871071EF43D6DA2F2C20BCE7574678FE4A7D7C1BA6E056556683D683F1D3A0A8A7BB91A10716753DC7DB7B3D34DCD52D1C04F20F1C6F6A6410BCDB02849868366132C5CB8304FC0429B3D3DFAE8A3F2F0C30FCB11D7D09E3A8AC5EAD5ABADA61345F507A2CD40B4598A3F042B1A356A646550F4EFDFDFCA9CF0CCA428CC05175C20B366CDB2B24E36346E2C474CFD477BD48DB768739075FA8FEDD2D3B3DD160000042C00C0C7170BF51A4883860D2432EEA01CAB80FE0E87A55E68AEA693CD85767DAF2C6FF8F0E1D6B2F442C2DB1DE25D7CF1E94C067D1C31C2598AA2C10AA559099A71903F6B42B30C0ACA34F8ECB3BC010C95FFB3F9831763C716FF37E8F595FE1D85B9FFFEA23F7FDB6D858F3EA23463C43D2A88F26CFA51D4FA5756DEDEDEB4394849322DDE78E30DC9F618AD420324B7991F479B4D68DF13CF3EFBACD5144A6973289DFFE9A79F2EF0E2DFDD67857E5F598641F5A6C71E7BCC1AAAB524410A4FD1D1D156A048FF961C9B4D16B46D2BA3DDC3F578D142B36E275D3B015D4F6FEDB700000804415401808A70F3905112B3D25C30D87DFB3DB5836B4AE6E2FD5EED5851471AD14E0D7DD17B7F5050C57D3E7FB0C25FFE86D050FE3F7CBDBDB9332D34C8B06EDDBA33DED7A146F7EDDB9767941BCD4470DFEDD7660A5DBA74B1FA80501AD8C8C8C890459AE6938FF659E12FC10AA54187D2062BDC066A54D065416CACC46B5A9117E9F2BEF46802E2EF1DC2020040C0024040BAF8829ED2A24E1369B4CEB7DF3366CF8512165ADD6A9F0EE034CDB4D02082F629A14105B79494146B5A46BEF64177DC71479ED777DE79679E0E2BB589C8BBEFBE9BDB5444693682363FD1E0883FF459515E1A70710FE3AA59162FF5EE6D0D71EA0D3A94E92B975C22EE017634BB82FD16000079D12404408579F89E49F2D7471F90B4A6D992D1D8FBCBFFC3C91EB27DD17A2B05BCAC775481405650F310ED84728E0E4B530C6D2252D47CEED1404A332A496570D75D7759FD7868DF1D09B56BCBD43E7D64E28A15E51AE65483152F99E5C4BB3A66D14E553540C47E0B0080BCC8B0005061B46DF65D636F978E0B422534D5BBCBBED81E2B27E7C6C9E8D1A3AD510D0014CC3D7A88665514D43CA42C3458E11E0D24908215EEFD968E88E20E266C33AFA75C7E79999B87E8E7A60C1C28BF3668903B6DFCF8F1ECB700002800010B0015AA4FEF3EF2C711E3E4FC4FC2A4D601EF2C53332B22671F9601970FB0DAFE03289A378316EE66209A891008CD400AD2AB572FB9FDF6DB7383169A693179D02099DDAD9B35CA4749E87C73BB7695C98307E76656A8912347B2DF0200A01034090150E1FAF7EB2FD543ABCBB4196FC9FE1E76D9DD2DAB4CE153ED60F3A63D17C88E451BAC937E1DFE1140C9780E795AD6661C81DA0CA420BA7FD18E50A74F9F6E0DFDAA7D5A7CD9AE9DD51967D70307E4C2F8786979E4884465665ACD45B4D9870629E2A2A2E4E766CD649D29991E3DD46A3310CDDC60BF050040E1085800382BF48E659B366DE4BF6FBE29E77C102F5B7A9D90432DB24BF4D9EA412172FDB11E92F3ED21490B4EB4FAAC209D1A283D0D32B88316450D795A10CF0E36033D58917FBF356DDA34EBEF571AB85867F63FEB4AB10FD20E36B5CF0AF65B0000148D800580B346DB86FFEDD14765CD9A35B278E01F7F6F0000200049444154C912895BB657AAB5AE2D89E764CAB1E8939210724CECA1220D1C91127DB2A6C41E6F24E17BEC7274D301098A3A22970FB8C24AA5A6A33AA0EC0AEA88B3387AB1EE9EBFAA042B3CF75B8F3CF288B5DF5ABA74A96CDEBC597272724AF4590D54F4EFDF9FFD1600002544C002C059D7B3674FABE8F0887A11B06DDB36D9B56C97344F099193274F4A48C8718988089686313669DFBE93F4BC76BC75D100C03BDC7D5A942468B16BD72E79E185174A9D915125F65BA66E749858E77E2BC4ECB722242626C6ECB7DA5BF3B2DF0200A074085800F01BD1D1D13278F060AB00A858EE3E2D3468A1C18B8232273C4703E9D1A30795C67E0B00009F629410000060D120C5FDF7DF6FF54D917FF410CFD14008560000808A40C0020000E42A68C853CF3E2BAA6A3390ECEC6C99376F9E5FADCF810307C46EB7B3D1020002164D420000401EEEA0C58B2FBE284D9B3695FDFBF7CB3DF7DC53A5FBAC484B4B93DB6FBF5D860E1D2AB56BD7B602069E3EFCF043B9E69A6BBCFEBDC3870FB796ED49335C8E1E3D2A2D5BB694F5EBD7CB8C193364C890216CB800808043C00200009C418316DDBB7797152B5658A35A54F660C5A953A7E4E0C183D2B87163090A3A33C1343535D59A1E1E1E7EC6E792929224343434CFF4E4E4E433E62DEF7A14B40E9F7FFEF919CBD0EC17EDC4537DF4D14772EFBDF712B00000042402160000A0400D1B36CCF358596906C2D4A953A55DBB76B271E346AB2F8E41830659EFD96C36193972A435CA477C7CBC9559F2E8A38FE67EEEC1071FB48203717171C57ECFF3CF3F6FCDF7EAABAF5AAF0F1F3E2C1D3A74B096AB018FC2D6A3B075B8FBEEBB252B2BCBCA7251FABE0633DCC10AD5A64D1B397EFC381B2B0080800500004065B263C70E79EEB9E7ACFE38C2C2C264CF9E3D72C51557C8F6EDDB73E7993C79B274E9D2C56AFA121B1B6B050B3470F0F0C30FCBE6CD9BADE14835CB42830F6EE79E7B6E9EEF993973A68C1D3BD60A20E8B0AF1AA098356B968C1E3DDA7A5EDC7A14B40EAFBFFEBABCFDF6DBD6B4C268B39D3FFEF18FFCD00000021600000095C99A356BE4C4891372EBADB7E64EDBB56B579E793450A03493212323C37ABE6AD52AB9ECB2CBAC6085CADF7C63EBD6AD12111171FA84AA5A356B9EABAFBE5A66CF9E6D7D9F061B3EFEF8E312AD4741EB509C7FFEF39FB26FDF3E993E7D3A3F3400202011B000000001AD57AF5EF2DFFFFE37F7F5B469D38AFD8CF635A14188C254AF5EFD8C7E2DD41D77DC218F3CF2881580A85BB7AEB46DDBB65CEB5198279E78C20A82CC9F3FBFC8F50400A032635853000010B0B4BF87458B1659A37C68FF0F5AB42F88E274EDDA55BEFBEE3B494F4FB75E6B9F1325D1B76F5FABEF0AEDFB428317E55D0F0D46687314370DA48C1A35CACAACF8FAEBAFCBD4F127000095052179000010B05AB76E6DF529A14381EAA827DA296693264D64E1C285457EAE53A74EF2873FFC415AB56A658DE8D1B163C73CEFD7AB572FCF6BCF614DB54F89FFFBBFFF93112346947B3D264E9C28175D74913468D040162F5E6C4D9B3B77AED51C45470871D3A62703070EE407070004141B5500546EE604D63160C0002AC24F2D59B244060CB8828AF09BDF63B1F0FF52727A11FCC9279FC80D37DC20C3860DABF47F8F8EA6A1CD384AD38442871AD54E320B6AFE5151EB919D9D6D3D7A731D90773F7DC51557704E0C007E882621000004306DD23069D2A433A6A7A4A4C88D37DE2889898955A62E6AD6AC59EAFE1E6AD7AEEDF5404169D743BF9F600500A02A2260010040805ABF7EBDD5C7818E3CA1010A4F6FBDF596357466A3468DA8280000E097E8C302008000A5FD28CC9A354BBA75EB2693274FB6FA4DD0BE1762636365C89021929C9C2CF3E6CD93A1438752590000C0EF90610100BEDCC9069D14BB9D546E7F60B7B7119BAD6A3553EFDDBBB7FCE94F7FB24696D0512A1E7AE82179EAA9A7A44F9F3E5610433B73D4A131010000FCF25C9A2A0000DFA95D3B458E1D6B4F45F881B4B46BAD9115AA0AEDBB429B813CF1C413B263C78E33DE7FFEF9E7ADF7AB57AFCEC6010000FC12010B00F0A13A7522CC4561272AC20FA4A4F432BF479D2AF3F7EAC807191919D2AC593369D7AE9DD59785D2C7F9F3E75B7D57D07F050000F067042C00C0871A34B8581212AE11872398CA38AB62E4C08186E6F7685065FE62ED97A27BF7EEF2D7BFFED5EA7C53FBAE50EE3E2CFAF5EB678D54919393C3E6010000FC129D6E02800F4544D4959A35A3243EFE5A39E79C4FA990B3243EFE55090D0D93C8C8C82AF577474545C98B2FBE280B172E94CCCC4CAB098876BCA98F4F3EF9A415B0B8FCF2CBD9400000805F226001003ED6B66D6FF9F9E76C73B1BCC52AA858E9E9F7CAEEDD1172FEF96DABDCDFAE9D6D2A1D0D44695F165BB76E954E9D3A59A3846840439B8C000000F823021600E063B56AD5321788BDE4B7DF9E968E1D2713B4A8401AACD8B8719874E870BA0F87AA64D0A041D6A36654DC73CF3D79DED38C8B0913265823898C1B378E8D050000F81D0216005001A2A3A3A55DBB4B64FDFA7FCBB9E77E28CD9BCF109B8DBE037C27C66A06A299151AAC70F7DF5055151490080B0B93FFFCE73F56E0020000C01F11B000800AA2418B1E3D7AC9F6EDD1E662FA4669D2E457898A5A2C9191DF4A50503615544E767B1B6BE8521D0D443BD8D43E2BB4194855CCACC8AFB03AD03E2CA81F0000E0AF0858004005D2E621E79DD7DD5C58A7C9A143AD64E7CEBE929A9A6A2EB6ED544E39D96C36898888B0862E6DDFBE4195EB6033BF2FBFFC52962F5F6E6D736EDA5F8506293C0D1830807E2C0000805F2260010067815E586B017CA575EBD6793AD5D40E38131313733BE254DA01E775D75D273FFDF41315060000FC0E010B00000290F651A1C18A152B5648BF7EFDACCC8A8B2EBA284F8685062F5E79E5152A0B0000F8250216000004300D5A6860E2E38F3F96DF7EFBCD9AA69916DAE1668F1E3DAC2C0C0000007F44C002008000161313633D6A70E281071EB09E2F5BB62C773A000080BF0AA20A0000087C29292954020000A854C8B00000A00A888B8B932953A658CFF7ECD9238D1A359276EDDA51310000C06F11B0000020C0691F1663C68C91F4F4F4DC69F5EAD5A3620000805F236001004000D2E0C4C2850BF30426C2C3C3735F6BC685D2D79D3A7592F9F3E7CBDCB9730B5CD6279F7C62154F73E6CCA1920100804F11B000002000695645FE2C0A0D62786659E83C5BB76EB5021674C2090000FC0D010B00000250B76EDDAC52525DBB76955AB56A49464646B1F346474753C10000C0E71825040000582EBCF0C212CDA7C10D0000005F23600100002C175F7C7191EFDB6C36EBB14F9F3E54160000F03902160000C0A2C39C46444414FABEC3E1B0DE8F8D8DA5B2000080CF11B00000009690901039FFFCF38B9CA7478F1E121C1C4C650100009F2360010000725D7AE9A545BEDFB3674F2A090000540802160000209736F7080B0B2BF03D1D1D448740050000A808042C0000402E6DEED1B76FDF02DFD3D141680E0200002A0A010B00009047972E5DF2BC768F0E4276050000A848042C0000401E9A4951BB76EDDCD7EED1418AEB90130000C09B08580000803CB4D947B76EDDF24CD32046617D5B000000F802010B00007086FCFD58303A080000A868042C0000C019DAB46993E775870E1DA814000050A1AA51050000401D3972447EFAE927D9B2658BECD9B3C7EA6C53FBAFD0C7871F7E585AB468610D7BDAAB572F6B88530000005F226001004015B776ED5A59B468916CDDBC594EE6E49CF1BE062D929292ACA2F3CE9E3DDBCAB8E8DFBFBFF4E9D3870A0400003E41C00200802A4A0310D3DF7A4B366CDC58EACF6EDEBCD92A4B962C91BBEEBA4B1A356A4485020000AF226001004015B46AD52A7967FA74493B7E3C775AB0C3219D1213A5E7BE7DD23A3959A2323325222B4B8E87864A4A5898C44545C98FCD9BCBBA264DE46470B0F5996DDBB6C9E4C99365FCF8F1645B000000AF226001004015B36EDD3A79FDB5D724C76EB75E6BA062F0B66D32F0F7DFA57E46C619F3D7CCCEB64A93D454E9B577AF15BCF8AA5D3B59101B2B39369B646666CA6B6679274F9EB49A890000007803010B0000AA10CDACF00C566810E2BE952BA5F9B163255E86665E8C5EBF5E2EDDBD5B5EE9D54BE22323ADE96FBEF9A68484849069010000BC82614D0100A822B4CF0A6D06E20E56C49AD753962E2D55B0C2937E4E3FDFF9E0C1DC69D3CDF2131212A86C0000506E042C0000A822A6BDF9666E9F159A593171C50AAB8F8AF2D0A6229E191ADA3C44332D000000CA8B8005000055800E47FAEBA64DD673EDB342830CE50D56B869D062C2AA55D6729576C4B962C50A2A1D0000940B010B0000AA80458B16E53ED70E36CBDA0CA430BABC215BB7E6BED6E14E010000CA838005000001EEC89123B2F9B7DFACE7D68820DBB7FBE47B066DDB26213939D673CDB2D03E33000000CA8A8005000001EEA79F7ECAED68B3EB810312EDEAC7C2DB74F490F33D3ADC5CB3660D950F0000CA8C80050000016ECB962DB9CF2F8C8FF7E977792EDFF37B0100004A8B80050000016ECF9E3DB9CF5B1E39E2D3EF8A4949C97D1E171747E5030080322360010040804BF1082268B30D5FF25C7E5A5A1A950F0000CA8C80050000012ED32388E0ADA14C0BA3439CBA9D3C7992CA0700006546C00200800017161696FB3CAD7A759F7ED7F1D0D0DCE7212121543E000028330216000004B8A8A8A8DCE7291EC10B5FF05C7E444404950F0000CA8C8005000001AE458B16B9CF774547FBF4BBE23C8223313131543E000028330216000004B8F6EDDBE73EFFB179739F7E97E7F23DBF170000A0B40858000010E02EB8E002090E0EB69E6F68DC588ED4ACE993EFD1E620EB9A36CD7DDDB3674F2A1F00009419010B0000025C7474B474E8D0C17A9E63B3C982B66D7DF23D0B6363E56490F3D422D63CAF5FBF3E950F0000CA8C8005000055C0C08103739F2F888D95F8C848AF2E5F97F7A547139001030650E90000A05C085800005005F4E8D1234F96C54BBD7B7B6D88531DCAF4954B2E911CD76BCDAEB8F8E28BA9740000502E042C0000A822EEBAEBAEDCA146136AD796A97DFA943B68A1C18A97CC72E2C3C3ADD761616172C71D77E4F6990100005056042C0000A822B44F8971E3C6E50613B699D7532EBFBCCCCD43F47353060E945F1B34C89D367EFC7869D2A409950D0000CAAD1A55000040D5D1AB572F3979F2A44C9B364D727272AC4C8BC98306C9E06DDBE4EAAD5B252A33B3D865E86820DAC1A6F65991E3317DE4C891D2A74F1F2A1900007805010B0000AA98BE7DFB4A4848884C9F3E5D8E1F3F6EF569F165BB7656679C5D0F1C900BE3E3A5E5912356F022222BCB6AF6A1418AB8A828F9B9593359674A66D0E9244D6D06A2991BBA5C0000006F216001004015A499166DDAB4B1322D7EFDF5576B9A062ED63569629592D20E36B5CF0A9A810000006F23600154724141410EBBDD6E0B0AA24B1A00A5A37D5A3CF2C823B266CD1A59BA74A96CDEBCD96A2652121AA8E8DFBFBFD504840E36515999E3E71EF3D0949A0000FF44C002A8E46AD4A871E8D8B1630DEBD4A943650028939E3D7B5AE5C8912356F062DBB66DB26BD72E494949B1FABBD0E6233ABA484C4C8CB46FDFDE9A57831D406577F8F0E14DE621899A0000FF44C002A8E4CC85C40A73517103010B00E5151D1D2D83070FB60A5015ECDFBF3FD53C6CA12600C03F91430E5472274E9C78D69C709D74381C54060000251777F8F0E1AEE6F113AA0200FC13010BA092BBF4D24B7F74381C1BE3E3E3A90C0025929D9D2DF3E6CDA32250A5AD5FBF7EB1397E265C71C515ABA90D00F04F34090102C0891327C6ECDCB9F3E7C8C8C89AA65021008A94969626B7DF7EBB0C1D3AD47A5DBB766D2B88E1E9C30F3F946BAEB9C6EBDF3D7CF8706BD99E7468D54B2FBD545E7CF145B9E4924BF881E073478F1E9D9F9C9CFC07BBDD7E05B50100FE8B80051000AEBCF2CAAD4B962CB976C3860D1F77EDDA3592A00510D84E9D3A25070F1E94C68D1B4B412304A5A6A65AD3C3C3C3CFF85C5252928486869EF11973F176C6FCBE588FCF3FFF3CCF3C0B172E94975E7AC91AA104A8081AAC58B76E5D679BCD76BB397E6EA24600C07F310E191020DE7DF7DD5D63C68C599B909030D45C2064444646D6302763540C106066CC982163C78E95B56BD7CA638F3D266DDAB491D6AD5B5BEFE9FFBC8EF03175EA54F9FBDFFF6E8DF0A1990BEECF0D1A3448CC859A1520C8C8C890071F7CD07AEFE9A79F968913279E11C878FEF9E7E5FDF7DF97ABAEBACA7A7DF8F06139F7DC73E5DE7BEFD57D4EA9D7E3EEBBEF96D5AB57CBB469D3E485175E903BEFBC533A74E82066DF25AFBFFEBA0C1B364C5AB468C18F0C5F895BBF7EFD473B77EEBCCC6CA3770F1830E04BAA0400FC1B1916400031275F4BFEF7BFFFF5DCB163C7BFE3E2E2CE6BD8B0E1BE060D1A34AE53A74EA382EE7E02F02D73612473E6CC911123465817F4E565FEB7E5B9E79EB3820E616161B267CF1EB9E28A2B64FBF6EDB9F34C9E3C59BA74E9A2A31F486C6CAC3CFAE8A3A27DDC3CFCF0C35616830E47AA59161A28F0A481084F3367CEB40212BADE1A5CD060C6AC59B364F4E8D1B277EFDE32AD870625DE7EFB6D6B5A79E8FA2F5FBE5CFAF6EDCBF0AA2892DD6EDFA34397EA6820DAC1A6C3E138579B8190590100042C009C05DA3C441F162D5AD4CD9CA0DD604A3FF33ACA94306A07A8589F7EFAA9A69F5B990A37DE7863B997B774E9523972E4486EC6833B28B264C992DCD7870E1DCA7DAD5914FA7CD9B265D2B16347D9B06183355D9B6A68D6837BBE9C9C1CF9EF7FFF2B356BD6CC5D4E7070B0357FF7EEDDAD6083D9B7C8CB2FBF2C8F3FFEB84C9F3EBD4CEBE1BA80CC339F5B56569695ADA18FC5D140C92FBFFC22BB76ED92F3CF3F9F0D0D45696A4A9238872E7D990E36010000005479E3C68D0B1B3972A4C35DF4B517163BDA94D9A684E72B6EF9C73776787C6E96C7F4BAAE8B38B7D47CCBF1D4D79495A67437E5DB72AE87CA2CE47B34EDA2443D6E9AFA9CE2AAD7296C690000042E72C40100F081CCCCCC8B3C5F676565F5F3C262D79832D0940853D25D25B6049FD3D40AEDCCC21D54E8528AEF5C2ECE00C7B3A6BC59CEF550A74CA11D07000028164D420000F08DB19E2F1C0EC778F3B0B09CCBDC61CAFDA6AC35E56753624C49306550319FD3F6FA5F98B2D39403A6FC56C03CC9F95E0F37C53DA4C75BA63C64CA07E55C0F35D5144DCB3F648A0E29D9CF947B4DA963CAF3E2CCE27898CD07000030840000003E3072E4C878F3D0CC332090939373EE471F7D94EEA5AFD00E27B2C599B15052B5C5D92423DB8B7F6A59D6C33D1C497619EB768A7978C29427E7CE9D3B85AD0D0080C04493100000BC6CD4A8519A69D02CDFE47AC1C1C183BCF835C74B192450A9E2DD604559D723DB07EB010000020C010B0000BCCC6EB75F59C85BD7523B0000002543C00200002FEAD7AF9FF60F35AE90B7877A69B4100000808047C00200002F6ADCB8F145369B2DAA90B7C3B3B2B206514B000000C5236001008017B9460329EA7D9A850000009400010B0000BCC4D51C644051F3381C0E6D1612456D010000148D800500005ED2A041837E72E6E8207968739113274EF4A1B60000008A46C00200006F1D5483824AD4DCC366B38DA5B60000008A39B7A20A0000F09A912599C9E1700C70351F010000402108580000E005C3870FD7BE2BEA95645E6D16D2B061C361D41A000040E108580000E005369BAD4729E76F47AD010000148E74540000BCE0830F3E78C63C3CE3396DE4C89153CCC313A63C3977EEDC29D412000040C99161010000000000FC0E010B0000000000E0770858000000000000BF43C0020000000000F81D02160000000000C0EF10B00000000000007E8780050000000000F03B042C000000000080DF2160010000000000FC0E010B0000000000E0770858000000000000BF43C0020000000000F81D02160000000000C0EF10B00000000000007E8780050000C55B5BC8F42453DA523D000000DE47C0020080C2F5753DFEDB946AAE126A4A4D535E32A5A129DBA926000000EFAB4615000050A871A62C3765A529FF32E562D7F403A60C37E512532E33E549AA0A0000C0BBC8B00000A070CF99B2DEF5FC0D53AE7195875DD3BE376500D5040000E07D042C0000285C5D53BA99D2B280F76698D2DC143BD5040000E07D042C000028D8F372BAE9E4AE7CEFB536E52D53E2A926000000DF2060010040C11E30658F38FBAFC86F8729C74CA923CE4E38010000E06574BA090040D17A8BB349888E0C52D735ADA99C0E580CA58A000000BC8F80050000850BCFF73A439C7D566886459A29354C394835010000781F010B00000AB7D1F518EEF1DC9366577436E523AA0A0000C0BB0858000050BC8D854C9F47D5000000F8069D6E020000000000BF43860500AF7038242C3EFE0FF7A4A6B61F9391714E6C7AFAB961763B83279497CD667784851D3C5CBDFA911FB3B2EA3CDFA7CFD86FA9950AD3D8940F4B30DFEDA66CA5BA008E0B1C1700C0BB08580028B77DFBAEBCEBE79F074CCDCC6C5CB3499305D2A4C9FF2432728B0405655339E5644EEE6D6969ADEAA5A474BA2A21E1AA01DF7D3777CB891375C65C79E5959BA81D9F3B60CA9F4C892B629E48537E17671F1776AA0CE0B8C0710100BC27982A00501EFBF70F9AB773E76D139B365D18D2A9D33352A7CE06A951E3A0D86C39548E17683D8685254B54D46669DE7C7E7050D0C946A9A91D6F1D3BF6964D3367BEBF8D1AF2391D05E43C534E9A92688AFBF6B036A94C73BD7ECDF5FC0C9D3A75EA671EB42CDFB469D332AAD33BA8578E0B1C17382E00A81AE8C30240B94E4AE3E2465DDBB5EB1439E79C4F3919AD00E6E4547AF4F86B8DE0E0CC594B962C19428D548845E2CC9EE86BCAA5E20C60BCE27AEFB038333100705CE0B800005E4686058032D1745FBD83D6B9F33FAC34DFFC32D3EAC9BE5F079932500EEEE8251947CE91B0F0C31212964EE5955368688AD4ADFB63F5848481578D1E3DF6ABF7DE7BEF10B5E23351A61C33A58E5E8B99B2D3941DA65C27251821844C00DFF0A8D77EE6F914CF62EAF9496A88E302C7058E0B0002037D58002835ED484DDB26C7C47C50E849E9AE3523E554768DDC69E9C92D64E7D111D2EAA20FA446642295584EE1E171D2AAD54CFB8E1DE35F362F2FA34610A8468D1A35C8E1702CA026382E80E30280AA872621004A4D7B7DD78ED4340DB52049BB7AE6392975B3E784CAC11D1751815ED2A2C547D1D5AA1D6FB378F1622AB5626896C50A53D69A32DA946BA812DF9B3367CE42F370B484B3EFA3C6382E705CE0B8002070906101A0D474883AEDF5BDB0B6C9C78F352AF4B37A970DDED3A8D1D2C4F8F8A13798A7ABA90D9FAA6DCA7A53BA511515CFE1707C62B3D9FE5882F916525B1C17382E705C001038C8B000506A1919E7C44645153E7A9A23A788EE711CEC76BCA94183EF9A8AB32D3F7C433BD8740729BA1551E0430E87E38362DE77E8A3CD669B4D6D715CE0B8C0710140E020C30240A9A5A79F1B56501B6554BCC8C86D8DCD437D6AC267369A52DC3007D5A926DFAA59B3E68ACCCCCCA4C2B6759B611E9213131357505B1C17382E705C0010380869032835BB3D548282B2A9087FD8893B7F0782CFBEB3CB943DC594ED54936FBDF3CE3B99E6E1ABA2E671381CF3962D5B768ADAE2B8C07181E3028000DAA7510500BC2DB4666AA1EF55AB9E410501288B99455FA4057D4215715C00000416021600BCAE5ECCCF522DF4C419D38343B2A47ECBB554108052D3E61E0E87E358216FEF3B70E0C0126A89E3020020B010B000E075B51BFE2E110D7616383DB2D1362A0840A969730F9BCD36ABA0F77474109A83705C0000041E0216007C22E7E499FD109ECAAA45C500283387C3F1BF42DE5A4AED705C0000041E021600BC2A2B3D5A76AD1929A907DB9CF15E5AD2B9B2F38751D63C00505A070F1E5C681E0EE49B9C6CB7DBBFA476382E0000020F010B005E73745F27D9B9FA26493FDCBCD079328E3693DF57DE2CC9BBBB8BC3C12E0840C9B99A7DE4CFB258F8D1471FA5533B1C1700008187218F00949BDE194BD8729975A7AC24EC39A1D6FCA987DA48E3F6DF488DDA87A8440025A5A3858C73BFB0D96C8C0EC271010010A00863032837BD3356D293524F7AC76DC7AAD1542080120B0B0B5BEDF9BA7AF5EACBA8158E0B0080C044C00240B9E99DB1B272D849F4025072EFBCF34EA679D8AACF6D36DB2EF33A855AE1B80004AA71E3C645510BA8CA38220028B72E573D4725000568D2A4494A4242829C73CE3969D486F7D4AB57EFFDE4E4E4BF3768D0602EB5C1710108548F3DF6D898DF7FFF7DD6934F3E39EE89279E98498DA02A22C30200001F78FCF1C7471D3D7A74EAE0C183252929E9D9471E79641CB5E29D7ACDC8C898A2F59A9A9AFA30F50A2050F775FBF6ED9BA9FBBAB8B8B8B7D9D7A1AA2260010080974D9A34E986BD7BF7CEBAE79E7B826EB9E516B9F7DE7B830E1E3CF8D65FFFFAD79BFC641535C372A8C7EBA6A68415F3996E45BC77A3298DAB40BD568A7A02C031A49C5A9B129E6F5A3D53625CA59D293D8AF8FC48539A791C6F80729DB00000002FD1BB62F1F1F1EF4D983021E8FCF3CFB7A675EDDA554F38835F78E18577CD09A7BCF8E28BEFFB7015F482FA3A538E794CD313C79B4D79DAE3F85FDD949AA61CD75534E55253BE2B62997AB13DCA63DA25A644B896D5D6553698F207533E32654980D5AB54867A02C031C40BFA98122B670E23EDD6C894BEA6ACF59836C0141D7A3ACAB52F1C66CA3E537A9B323BDFBC40899161010080973CF9E49363F54453EF8AB94F34DD3A77EE2CF7DD775FF0D1A347DFFDF39FFF7C9D0F57433BA59C63CAD71EA5B929CF79BCFEDC940F5CC10AB75FF27DE66BD78579B6298B4C399CEF7BBE77CDD3CF94FF7315BD58BFD375115E2DC0EAD5EFEB0900C7102FDA66CAB27C65BD38332D74B4A683F9E65FE29AE77253E699F29E2B5831D915AC08E7174659709044A514F3EDB8B07A47B2C646ECB0DF149662EB56E388D4AC7642AA0599D3457BB0C39153C37632AB96637F4E4D5915121CF2D4E7FF786F1BB506C0D7279ADACE585377F56E584174FAFDF7DF1F3C75EAD40F6EB9E5961BDF7DF7DDF915B06ADA04E15E534A924AAC77CC341BC05ECC7CD788334B405C17E3E798D2C1151469614A1B53069AF26080D6ABDFD513008E213ED0AF8069C9F9AE21C35CF365BA5EEBA366576816C66F72BA79485D532689330B0385183D7A74B353A74E0DB5D96C7A9CE9E6AAC77057BD263A1C8EF5E6BD95C1C1C17367CF9EBDAF2AD449309B052A5BA0A26BF7766F375B77EAFDE8AD724D762D5B8BA36DA5FAC1EE12B4FF6291FD7D440E9E6FB31D6927C199756D7582B36D5D6AEEB7FFB9FD059D6EEDD4B573FAE65F36ADA316CBCF1C24A7F3CDE0560000200049444154B46C398B8AF013BB76DD22B366CD7A929A38AB279AA3CD89E63B459D68BA356CD8505AB56A15BC6AD5AAEBBB75EBF6CB860D1B7EF7F1EAFD579C1915C9AE13CB56A6C4E79B472F9CB589C857AE93CA8DA6EC779D28FD6A4A9638D37DBF76CDAF41E076AE8B6FBD68D73B6E0E53224D196CCA0271DE610BB47AF5CB7AE2B8008E0B1C43BCAC933833F15798A2A91EA9AEE9DAB7C58FAEE77A31BDCC1580D861CA45AE638C06698F98B2D7F5A817DEAF98F289141FE4ADB2468D1A35B473E7CEAF3872725E109BED0FAEE346B429EE31A235481465B3D9F49832D0E170DCDFA953A77EE633399B366DDA18C875439310541A3DDF1B795B87AF4FA4446D979B13CF976ABF8E15D93350E4685B914CF3EF6C77FD3BEB63766D91632DCD19793F7306799BD8F6F69716D9B51C6FDC70DBC82D37DE78636B6A1380B7DC77DF7D4377EFDE3D5353788B3BD174D3D4DE071E7820D46EB77F664E5206F970F51E1067D38FEDAED79ACEAB9901CF14710E708FEBC23BCB75D25AD809A6666EE488B3398467317BDF33528503AD5EFDA69E00700CF1C16A25BB1ED34DB9D6943857E928A73329F2D36045B302A6EB057622BF74C1468E1C19336AC488850E87E3335306386CB6D0527CBC9FF9CC2CB38CEF03F9FA868005FC5EBF6FFB55EBFDDA886F9A7D2BD353CFB555FF6D8C3318519AADF7588CC8E631127CA0A7D969D60CDE386CFCA83F52B300CA4BEF8AA5A4A47C3C61C284E0FCED8D4B72C23969D2A4906AD5AA7D3662C488213E58BD11A6EC12677685A785E2CC06F8B290CF9D729DA4A6BB4E4CD38AF88E1071661C7896A0F29E5FF879BDFA4D3D01E018E2A37D9D67F38E748F808576E65C545F14891EF36ABF15CB08561471901E31626490C3B1CE61B35DE99E16EC7048D70307E48E9F7E9267172C90373FFB4CE6CC9D2BD33FFD54A67EFDB54C58B54A7AC6C74B484E8EE7A2FA040707FF326AD4A831042C80B310ACC88C6BB8AAE1065BFF1DD7983D5E8FF26DB587CE13D9365C6A381C8E9787DF36F2CFD43080B27AECB1C7C6C4C5C5BD5B96134DCF13CE891327868586867EE4E513CEA1AE60C5A785BCAF3DB6C717F25E1353AE72950E457C8776D8A9CD227A9A72B7EB51CBC1F2ECA9FDBC5EFDA69E00700CA9A07D9D3679EBE72A2D8A09567477CDA723520D703DDFC9AF5D60B0624890CDF69EDD66ABE30E540CD9BA555EFCF24B7978F972E9BF73A7343F764C22B2B2ACF96B66674B93D454E9B577AFDCB772A5BCFCC517D6FCFA399770CDB618352AF06ECA72A0845F3BB9B9E1A2263FD82ED83A5C24C34B23D71FAF2FB2E526A961177926502391007C7FA2B96FDFBE99DADEB8AC279A6E9A023C69D2246F9E709ABD9C355AC54FC5CC776721D3A7CAE9D12F5E10E7E81705D1F6C99A02BCDDF55D3D5D9F79D1943FBA2ED203A95EFDA69E00700CA9C07DDD3FE5F42821FA3CB98079B47F0577679ADA9FC5BFC53942887EE61DD7FE8E26D9A7831523836CB6790E577F921A88787AE14219BD7EBDD4CFC828D132A23233ADF9F5731AD87073381CD302EDFA868005FC96F659D1689DADFFCEAB9D7D5278932E6FFB0D129E132CAF987FEA76D4368092D2145EF7896649DB1B17C795DA1B161212F2A117DA232749DEE14A4B7BBC5FE8F13CD91500C9DF2E599B9BE8BE53CF920EBB3EE3EE71B19F299F993237C0EAD52FEA0900C7900ADED7ADC8B7AF6B5DC0BEEE6157D022C315B058ED0A6E28EDE34787739EC6AFEFECB32258E47577B022362949A62C5D9A27E8501AFA39FD7CE783073D8316FF09A4EB1B8635855FD2D140EA7F9DF99F83DDBD9759919F665AECEB6DAFDEFC7BDB0CF3F2626A1D4071DC9DA34D983021F74433252545FEF4A73F9D31EFCB2FBF2CF5EBD73FBDCF397E5CC68F1F7FC67CAFBDF69A4447475B279C0F3EF8608D679F7DF61373A271C39C3973167A79F5938A782FCC75A2999FF60C1FEB3AD1BCDD63BAFE61AF9BD2C594C9E26CAFAC6E34E5A8389B3BDC1280F57A56EB0900C7900ADAD76933909402A6A7B8DE7BCA94091ED37578CD25AEF727E6DB4F6A539185AEFD5E951724F296BB198866564C5CB122B7D947596973116D2632E5F2CB253E5207A1B29A87E8F1E89240A8338635855FEAD2A3DDCC9A89D24D470171F8300F28A3892DA4DE4609392FB67362A00F09E44D0C5FE75F18BEAE62E85DB1C4C4C439F9DB1B8785854983060D64F3E6CD72F2E449E709495090C4C5C549DFBE7DF39C541E3A7448EC76E7601275EAD49161C38689E71D36D77075213FFCF0C3751D3A74D8F8DB6FBF6DF7D2EA6F92C2FBAC505BE4F44822F92598F286EBD14D87B573B84E44178BB3A98316BD13B7D6354F7A00D6EB59AB278E0BE0B8C031A402F7757ACCD85AC87B9A4131CD15A470D311A8ECAE69BAAF5BE651DCFBBAE3557D1BD0A14B1DCEE0B5D5F7C4DFBEFDB6C44D408AA39D70B64B4A926F5AB71687CDA693CEE9DCB9F3CE40B8BEA14908FC8E665744C4CBF07D7DCC9EAF02426A7B063AEAD86D8E2AD501E7C89123FFA63BCD7EFDFA916505B6EF929D688E2DAA73B44B2FBD541A373E9D0EA62794BB77EF96B56B9DE769DBB66D935F7FFD35F764B45AB56A52BB766D1934E8CCCC5D3DF97CF0C107B5E7F7B93E1EE5827A05C705807D1D4AB77DF42BC7B6917BBD31D8FCA6656D0652185D9E76C4E9E67038EE0C843A27C3027EA7F535EDC7D7FD4DAED9DBDFBCB0F9FEFBB2A26CC18D7FB685746EDFE9E34D9B36A554853AEED4A9D372DDE7D6AA55EB01F3BC73972E5D32DAB76F9FB879F3E6EC927CDE5777D2E6CD13D126783131A7A73DFDB448EFDE665328C3B6906DFE9AE07C7BB9E5E62FDFB143EF3E9D2E8B16899C7BAE48CD9A852FEBCD37B58DE899CBCB3F4F8D1A229AC1B97EBD48A346CEE97BF6884445F9EEF7E44E5AA1DBF7BD9D3B77EE68CA89D26CDF859C68BEADED8DCF3BEFBC42E7EBD0A1837CFFFDF7B92794A74E9DB2EE98E91DB27FFDEB5F929A9A9A3B6F7878B898E549DDBA05F7B7D8B061C3E0D6AD5BCB0F3FFC70BDF97BD6997DD30E3FAAD7BF983AED44BD06ECFF4D997EDFB39961317BB688664197743FBB72A5986DC89C6F787401A837AD0B3BCEF8F3FE9FE3824FFF172699E7179873A414F675F0D83E76474444DC651EBB98126FEA36A1249F1B3D7A743387DDAE9D91066976C55F7EF8416AB87E6B6F6A76EC982C6AD346EC41565EC239661D6756F6EB1B0216F03BB1DD3BBE901D696B71AC55C57D678D43B2B3C6613965FEA15755919DED147DB4D96C21A668674863828282EED1E08571BC478F1EFBD6AF5F7FAAA24F4CB509A79E14EEDE2DF2FEFBCE93BFA54B9D27913B778A4C9F2E326080C8E1C322AB5639830D9B36399FEB7BEAABAF441213457EFA4964C102BD6B91F73B9E784264E24491962D4F97575E11B9E9A6BCF3C5C73B4F80DD34607DFCB8D9F39F53F83C336688DC70834868A8C88D379A4A1DE33CC1BDFA6A915B6F2D5BD08513D3726DDFDADF4017D7F67DA799DEDE6CDF59C56DDF9E1E7FFCF1517BF7EE2D51E7687A02999D9D6DA5F1EA89A6F322C86E2E5ED64B7272726E1AAF39D1915EBD7A49FFFEFD8B5C9E9E70B66AD52AC79C700E3527B2BF79B1798837EBF50E33BD03F51AB0FF3725FE7DCF66C0E2C10745F43AD073FFECE9CB2F9D81EADF7F779665CB9CFBEFCC4CE7EBC58B45FEF10FE7FE5BF7D99569FFCF71C1E7E748ED5CFF0BF79AE9E799FF8534F6756C1FE6A19629FA83DE61B689891D3B766C671E53EAD5ABB7CFFC7EF6420252B7988DEA6A7D7EDE81033260876F62486166DBD953A78EEC3FBD83DA5FD9AF6F48FB83DF094BB1754BEE58B1DF99D246A2A2B78B36147CBE0A57BD8EC57293C3E1B829D3183972E447E640FDE9810307BE5CB66CD9295F7FF9071F88BCF79EC892257A301069D64C4433E5A64D730619FEF21791ABAE72CEAB3714DAB717F9E20BE789A139765B410B7D5F831997B8BA18FAFAEB82BF2B3BDF3D127B0187160D9874ECA8ED489DAF35F343F7FDEE65EA09AFAEC7430FE95D10E789AF06CAF5F863CE2BACF5D71357A527B94134C03BDBF436D438B37D8F339B77866BFB9E5FD4F63D69D2A41BCC89E62CCFCED18A73FDF5D7CBF2E5CBE5C48913D66BBD536696A16999A70FBCD5AAC9F0E1C34BB43CF3BD35264E9C687FFEF9E7DF1F3162C44D1F7CF0C1977E56AFF53CEA35DDD4EBC7D46B4029F5EF7B366CDB2672F468E1EF0F19E20C3068905BF7C56161E2BAF073EEBFF57872F7DDECFF5124BD401D66FE178699FF856CF3BFF0B9F95F98CDBE0EE6B78930DB82769E7C4BA3468D8E9A7A5E64A6BD75E8D0A1659EDB869927B743920BE3E37DBA4EBAFC35CD9BBB5F56FAEB1B0216F03B358E48CDE3F52BF63B8F37146D0CD08DDA3F1D3732E566B3C3BDB961C38669E6C0BCD8EC68A755AF5E7DD93BEFBC93E98B2FD4F4D9A64D9D1914E6586CA5EBBA4FF2C68E15A95E5DE4F3CF45AEB9C6394DE70D09714ED713430D42E8C9E4860DA74F140BD2AE9DC877DFE59DD6BA75E127B96EFBF6394F3CBB7439BD1CCDCE507AB2AA591D1AF8A853C7395D333EF4045AD7D14DD77DE64CE73C38EB279ED6459839B9383C6AD428ED206CA6E7F6EDBA2B36ABB0F6C685090E0E16F31979EEB9E724C3D59196E78966545494DC76DB6D52B3A8F647F99C77DE79B51E7CF0C1F4679F7DD6DF4F38C33DEA35D9D4EB12EA35A014FBFB9E2D1A34282A60A134EB4E0D1CE8DC9F3BB70167F0415FE7BF59CDFE1F450875072FCCFF4286F95FD02624AFB0AF8351C79C2F8FD062B60DBDF9B7D43C7F55B78DCCCCCCDCEB8C96478EF874256252F2B400A9F4D737042CE07F1BE509A976B256459FED487D73403865762C53F805F2323BDA08F370BDA99FEBCDCE563B1BDA999494E4F5EF79FB6DE71D2A3DE9D3404578B873BA665C1C77F52BFDC61BCEFE2CF4844F4F5075FE8404E75D330D52B8332C34E8A1F26758E8C9A2DEF9CA9F6171C105CE93490D88B8E99DB3A79E12E9DEDDF95A0328F5EA394F5CE3E29CD91F9327BBCEE2C39D410F0D9EE85D379D474F56B5BF0C777F1CBAACC71EF3FEC96A52522D59B76E9DB0ED96595DB36D8F348F2375FB3627733B1A366C383B3E3EFE31BD2B569A134DB7D8D8586B78B91F7FFC3137855769AFEFCDCC06D8A3478F522FB36BD7AEE193264D3A624E38E79893E3F9669DFDBD3D723DEA35A09DF1FBFAE2B85012BA3FD77D7849FAAEFBED37677685EECF95664D68903BFFCDEFCAB2FFE7B8E0176A99FF05CDFFBCCA758E14D7A0418399ECEB20CE9B7F579BBABE5AB70D718E18E50C3C65FA36C69B6FF9F50858005E16644E3EECA115FB9DD1BF5B17E6FAFFF004BF40B15AE94174D428EF2D50830C37DFEC0C34E8A3B62576D3ACC8C71F17F9F7BF4F6757A8850B9DE9B71A80D093C09264586890A36D5B6793113D993C74C8D9A444CD2AA0E9B52E5F4F32D58103CE3B737A72FAFDF7CE93564F9A32ACF36BB3965B6E71AED3D0A1CEF734A8A277DC4A7143A4C4962F3F577EF9E51761DBF50EB31F687DE8D0A127060F1E2CFFDFDE9D80C9559509033ED5D93A2404026485408CC8665864F94141CC38213008E202A4312C51C76D741486F117F59F218C8E3ACA368A8EE3384306443A020AC8289B4CC0201008040CB2C746121248222464E96C55FF39B955A4D274279DD0E9BEDDF5BECFF3E556DDBA555D395575EFB9DF3DCBB654342BCE3CF3CCF0C0030F6CB22E5D25FBE0073FB8CDAF79C82187ECB2FBEEBB2F9B376FDE24E5AA5CF3F6F976F471A1BD52523B75DF48FBF7B41F1E36AC8D3387FAAC45454BA9E5447A5E77DCFF3B2EE4D268FB3ADADA55566EECB87AF576FD433B6C7A65AE5EC2023A58B14F28D5AD0985CE4C5AFC79EFB078C4EF4A3BC74AD73FD74831B7A712538C07C7623991535D319D7BF8E1878FE9C83793AE4A555A45A4E4C59FFEB4699261E8D010AA66FBDA20252FD205BD71E3B24A64BAA255DDC222F54D6EAD125A91FE46DA6673D2DFAEB4D2F8FDEFB34A68AAF4A6DB23476EDC2E55607FF083ECF134D05ACB8A69DA767B5556DFF39E3F86B973CF4A955383AB6DDDF7BBAD13AFB943870E6D9C3E7DFA05071F7C70BBFB1DB7F4D39FFE34BDD6264D79D3D5B19B6EBA69C348F0DB227EC62FCD9F3F7F40EA37DD4557C794ABDF4D9B9F6F471F17B62661316952D6AD30ED872F6A634F58190329A9D4E5D3BAF4FC9490B8F6DAB049C2A53BECFF1D17BAFCB7909A3FD4D9D7F97EB4B24F4C75E8BAB6BE2FAFF5EBB75D93162B37BD72D7DCDD0B5CC282DC59D73FACEDB322F45DDD89098B529FF0E7B873696E6C6C9C520B65DCD0D070E1660EBEEB63A49EB775B14CEAE20EF7D5B8BC331DE0FAF5EB776BEA9FF9B18F7DACB4BDDE5B4A5E1C79E4A695C6F5EB37535B28667D93D3D5AF54094DDBA7654A48A4E4C5C63187367D9DBBEEDAB42547AB3BC8DE1B2BB9D557D852A2A3FA0A5B6AB191E2739FDBFCEBA504CB900E1E9F65C890151BAEE27CE94B5F9A62EFB1C5EFF71B7FFBAD7CBFD3FAAF7CE52B8F5E76D965D77EFEF39FDFEA26BD4F3DF55478ECB1C73669CA9B7DFFD687E79F7F3E3CF4D0435BDDA4375534BFF39DEFF48FAF794657F53F56AE7E37559FEFD2F8D9DED159C785B6A44475EA1258E9BA91F6F94F3F9DB5A4AB48D38AA6C606D5F5F759B3B2655A971E4BAF73CC319BEEA3BBC3FEDF71A1F37F0BF1BBBF3E7EEF2BB32CD6D9D7F97EB4969048C98AF4DDA8ABABBB3594C7FA696E6EFE7DBCBD61D4B457EBEBB76BC2E2D5FA4D1A552C96B0800EB67640F8D30E8BC2DEAB3B7160AA414DE1B9F2897A2D4AFFEF3411747D79479B62798CB4939DD6BF7FFF3BE301B8D3E66F4E8397A52B5ED5D2F816E92245A5B257E9FE9106CF4CE35DA4AB6B296991C6A74AA3C5A72B5DA962D9B2BF70EA3E92064B4B95D3D4BD2F2DD3F3DEFBDE6C169296D2458CD6AEB0A50A727A9D2D492D3CAA2BB6A97567F5406E74992D7EBFBFF18D6FFCECDC73CF5DF3BDEF7DEFFAB8ECD5DEAB64A94279C5155784E5CB97BFBEAEFA2AD9D2A54BC395575EB9E10A597B074D8B95D3972EBDF4D254D19C94F38AA672ADF1DF4D67BBE082102EAE1AFB3E75E148D388A6E9AD2B5D43F6DA2B8BDB6FCF5AEBA5FD7865D0CDD495248D47918E29952E1CF6FFB422B5C9E95BDEEFF4B2AFA3451DFAF504564A0EC4CFEAC6BABABA1B162E5C7867F52C210D0D0DB32B098BB9BBEC1246B567E09D6DD4B4F3CED577674B584047272C7608770FFA53D8FB957D3AEF6FEEFA64211E094A77D76891F72A473A3A5E1FE37FEAEBEB6FE9AA51DF53F3D9EAA6BB499AF2B4FACAD46BAF65898934EF7D652691341867A59298AE76A5961A8F3DB6E9EB54BA8C9C7B6E56C94D338DA4AB65A9196FAA88A6FA44F5F13F0DBC56517D85ADA594F848758BF22C641B5A7DA4AB76D75D975D754BEF374995E47465AF7235904E3FD9DAAAEFF7E5975F7E63AC689E1A97D7B777A4F79FFFFCE761656594D8906609E813BFD323C38B2FBEB8617ABA0DFBB8B8FCD9CF7E16264F9EBCC5D77BFAE9A7175C76D965F539AE682A57BF9B2E91BA7EA48FBA7A96A794A4F8C6374248179FA74C0961E2C48DFBECB4FFAE0CEA9C920F69068F94C848AD2C5A9BDADAFE9F2A7DEDEBD84C1D7A618C1B5375357E37EE6FEBBB512A95EE2E140AA7A6DB33478D0AEFF9E31FB7DB9B9A59DDBC38846E7F7E236141EED42FEBF7CD1D16ADFE682886BAD0397397370F5C18D2F592CFD65A59A7E66A7131BDAEAEAE32355D975F314B95BA96B37B9467F6DA9860DA7563653225206EB96563422325202AE354A5E4751A053E554AEFBB2FEB26929AE57EFFFB1B2B9EE9B1343BC8A5976695C994EC684DAA27A4F7D6DA95B554F94D8378A6A6C895D74D0991CAD5B4BFF99B6CD0B5348A7C1AE08DEEF3FD4E15CECF7EF6B3A77DF7BBDF9DF6F9CF7FBECFE62A9C0B172E0CB7DE7AEB2695CDFEFDFB87AF7EF5ABE1820B2E087F2E4F63F65A3C83B9FFFEFBC3B1C71E1BC68C69BBDB7F6AC27BF1C517EF14FF1FB9AA682A57BF9BAE9492D2F7DE9B2503D2B1A0A59458B8EAAA10BF0BD97E7B93ECCBF22C91900672BEEDB66C5DCBF191ECFFB1AFA31DD21820A93DF07FC6CF6D76754B8A364FBA7BF7BE71FDFAF597A59B8FC61DCF9F77D821EC52F5597794D41D64D6C891A9494E6590CFEBBB7B61177CDFC8A30F7EA6E1D93FBD27BC7569270CE1B5DBECD235A3EF2AECD5D8D8F8EE5A29DF868686FF5728149AE201F8FA6DB96276C71D7794C68F3F6EBBBCB765CB421834A8E35FB772656D5BA526C37DFBE6F3F3BCF3CE3BC271C71D677FDE41DFEFD69C7EFAE9E3EBEBEBFFE70B5FF842DFB62A9C53A64C09CF3DF75C58B72EABB7A4E6BA9FFCE427C391471E199E78E289F0ED6F7F3B94A7368BDFA5BE61D8B061E19BDFFC66E8D5AB57AB15CDD4DF38DE3CE7DA6BAFBD51B9F6DC72755CE87C5B7B3CC8F3FEDF71C1BECEBEAED3BF1FE3162E5C38A33D498A96CE38E38C3B4AA5D28661E64F7AF2C9306976C7F7D6683CF8E070D3FEFB57EECEE809E737BD7CEDC8A383C71EB460C082D2075F3E28D46DDFB45AE9D5FDAF2DF4A92B14AE983367CE63B552BEF1FF7A4FFAFFCE9E3D7BDDB63CFFECB3CF9E3266CCD5DBE5BDA5AB50DB43E14D7E8F7AE5786F3977EED9E1EAABAF361A7C077DBF5BF3F8E38FCF3DE080031E9A356BD6A97BEEB967EF112D2ECBCE983123DC73CF3D6175D5205A7BEFBD779834299B3D6EC89021E18F7FFC6358B060C186BEC8A99F72EFDEBD375434DFF6B6B76DF25AA9BFF125975CB2A1BF71AC68DCAC5C7B76B93A2E74BEAD3D1EF4EA86B565C705FB3AFBBAEDF6FD688A8ADBF2DC030F3C3075126B48B79FDB75D770C4BC7961A70E1C7CF3859D760A3F38EAA852A990EDE5E2E2AB3DE1FCA6CED78E3C9A36F5A7D7F55E557A62F8C3DBF7EFEC7D53E1864229AC88078046A50E6CCEB5D75E7B6BAC4C7EF0F2CB2F6F7EF4D1475F5FFFEAABAF86EF7FFFFB61458BBE4BE9CA58B54F7DEA539B8CFA9E9AF75E75D555AF37F34DD255B134385ABC39B1569AF02A57C0BECEBEAE46BE03A9B5CBF4747B7DA1102E3FFAE80D539C76843495E9BF1E7DF4FA62E1F594EC8C9E727EA3A918B9D5D0D0307A7DBFF087A73F14FAAF18D1F1AF3FE8F9C2CDFBDC50FA3FF177FD177107F2A4126FBFEED4F4B71668FADBB952D3DE7EFDFAFDF2DC73CFADDFDAE9EA36A732927BAA68A68AAD7255AE8E0B382ED8D7D9D7F5BCF39BB87830C66EE9FEBE8B1685F367CC7853D39CA664C5E5471F5DFAFDB06195DFFCF2787E73444F39BFD1C282DC6A6C6C6CAA5B5BFAC4DE37C5DFE1B28E7DEDFA25E1DEB7FDA27448FC317F51B202D81A3FFBD9CFEE5CBD7AF5C9E92AD9AC59B33A643AE454D1BCECB2CBFAA626BCB55AD154AE807D9D7D5D2D9CDF944AA5BF8D373774397A6AC89030E52FFF7243778E6D919EF78FE3C7AFAF4A56A4AE209FE949E7371216E4DAB49F4EBBA6CFCAF0B707FC342C1FB0A0635E33B5AC78FBD56154585FFAB7F863FE895206DE448573F59BAD70569AF0AE5FBFFEEC5A6FC2AB5C01FB3AFBBA1E7F7E336D5AEAAAF1894AD2E2C54183C2974F38215C73C8211B66F9688FB45D1A60F382134E28CD1F34E8F591764AA5D2977BDAF98D8405B9D7D8D8F85FBD56943EB1DFCFC2B2110F8415A1B8ADAF547AF5ADBF2C4DDDD00DA4182E8C3B8B6F295DE0CD54386305F1C3A9C2397BF6EC6DAA70A6AB62E591DCF53756AE807D9D7D5DED9CDF4C2D954A6795A7CFDD30A6C52DFBED173E77CA29E13BC71E1BEE7ECB5B36B49EA88C7191BA7DA4C4C6EFF6DC337CEF5DEF0AE79E7C7231CD06523566C5F2181FED89E7376609A15B78FCF1C7E71CF8F6B18D83E6150E1BFAFBB043F32EA157F3E0D0A79D4F6FDE6D76E1FA031A0BA1FF923028FEAE3F1C7712772AD56DD79D4683AF054683EF3A73E6CC79F6ED6F7FFBC3F7DD77DF87F6DA6BAF3072E4C8761F57D355B134927BD0DF58B93A2EE0B8605F675F579BE737071E382D9E9B8C8D77C7A475A542212CD871C7F0D01E7B843BDEF6B6F0CBFDF70F378C1D1B6E8ECBDBE3FD99A3466D4864ACAFABAB1EA366467C8D937BEAF98D8405DD69A7FE6A8CAB0EDA776CD32E4F15860F9F15060E9C5F7A3E140AAB4A85D2AA62EFC2C052FC46D7AD092FF57D2DBCB8CB33E1FE517787B9A3EF08FD06CF0D85500AFFBE70E1C2F36FB9E5969795A68AA98A291D59E1DC7FFFFD6746A7B7B7C2992A9AE9AA5879DAB95F2945E5EAB880E3827D9D7D5DCD9EDF5C3D76ECD8C70B85C22E71D59EA1FDBD2066C4B8B0A79FDFF4F635A1BB893BE6EBE3E2FA499326EDB17353F1D49DFE583A3A84C2E1715D738CD4F12B8D5AB3364629C66F627C260D70A3E480ED2535ED3DFDF4D33F70E9A597FEE2BCF3CE5B7BF8E1870F686BDBA79F7E7AC1C5175F9CF6539334E155AE00F675549FDF148BC5534BA5D2D169A68FB8DCAB6AB3F9311E897177DAB656CE6F242CE8B6AEB9E69A797171793900BABCC279C619679C76D96597DD70FEF9E72F3BF4D04307B5DCA63C927B7DAC804C2ACFC78E7205B0AFE30DE7370D0D0DE3E2F27F2B8F150A85BFAEC5EE3F06DD04800E922A12EBD6AD3BE5924B2E293CF8E0839B4CC85C3D92BB8AA67205B0AF630BCEA9BE532A953E5E8B85206101001D285D258B15CE0F5D7EF9E585993367BE52A96856FA1B6BC2AB5C01ECEBA8D237C6075A597F628BFBE34E3BEDB481B55638BA8400C076A8709E7EFAE9A9C279C331C71C336FC68C198354343BB45C7FB1FBEEBB2F9B3F7FFE8058AE672857C0BE8E6E6CC718FF11A3D27266D9881123D2B87CAFCF88582A95D6150A85DD7AF5EA7542BC7B7D477EDD629C9EE7C2D1C2822EDB1777F0F353B3B9E616F1FE9CBE77A0462A9C7131F1B7BFFDED1E69A9A2D9A1E57AD3BC79F352FFEE9B942B605F47174B8D0076DFCCB975FA0C07B6F1BC11AD3DE1E8A38FFE51F5FD42A1502CDF3CA583DFC7FBBB43E14267A82FFF78566EE1C7B14379B9720BAFD7DAF3778BB17C1B7F07C3622C88516CE5875D6CF1BAEFF77102ED91FA234F9E3C79F0D4A9535F551A1DA7542A3D5BBD04B0AFA38B7C34C6F9319E8C71508CCFC7A80C8C99662C6C8CB16F8C51211B4CF39FAB9EF7ED180FC418DD2239117AF5EA75768BBF93BA8D8462B13831D62B3E11EB15E9E2ECAE31FE507EED49DBF03E7E10A35FC8661F497697B0A016A504C44DE5EFDAEAF20FE5D72D7E1CFB961302E9FEDC90B58ED827C6FB62CC29FFC8CE8BF1A518BF8DB1B895E7B7E5EFCB3B81CF95EF57FFB0D76C6627D3DE1FF6BEDB9824016A84640500F4487BC7F8628C43CBE72F690AD23BCAE73115DF8CF1583919F054F97C229D5B7C2BC6013116C518523E3FD960C89021BD0A85C20E2DFF58A9545A5D5757D76FC58A152785AC5BC85931AE89B1E736BE8FBF89F1B1BC262A242CE82CA99FD58AB0712099DDCB27FBADFD38DE524E22249F2E27123E5ABEFF5AD5F6C5369EFFC716F7D3C8BAFF1DE399187F577EEDD752DE7F0000200049444154CA0F7B4D3B7632DDF6870D00006C5747C6E81FE3CAAA75635A6CF3587999CE7F06946FBF2BC65DE56445E5DC66E30B8C19D3A7B53F562814D66F38297AEDB573CB098B744E72EA9B781FDD828405DB5BCA161E5DFE01DD5EFE71B665628CD3621C56FED1DD56F5D87FB6E36FED17B2C446C5BAF20EE07F42D64CEACAAA1F767B7632DDF6870D00006C77BF8BF1A9AAFB9F68E739F8BAD61E18376E5CEF9D77DEB9AD73F40DAD2E060C1870E4F0E1C3C72D5CB87049BCFB748C23B6F17D740B12166C6FA9ABC5D818E3634C88F1FD1807B6B25D7A3CB5A8785F3941905A644CDCCABF95BA9CAC69657D1AB4E61B214B40547ED86F6627030000D4B634FE44EA369E66F958505E972EBCCEDAC2F31E2D9F9BA4013053D7F2832A0F0C1D3A745C5D5D5D6133CF5DD1A74F9F01F5F5F5FF1AB26E256FE67D24297192BAA42CCA6B214B58B0BDED554E125C538EBB43D6E5A2E58F6358399150191BE2ED1DF8E34A7F338D5D9106B6F95107EC6472FFC3060000B6AB34186AEA76FE50F9FC61748C1743D6257E73D2187DBF8CF15CF91CE4F1CA03757575A76CE1B91BBA858C1A356ADFA6A6A6696FF27D2497C4B83FC6CB31DE99C74296B0607B4B5D2C66C6B8AF9C3448836AFE6F8B1FC771211BE8F21FCADBED58FEE1AD6AE78FEBB8F2BAC52DB649730ADF5CBEFDE3900DDA39AD0376322DFFB641370100A0F65C5D8ED45D23B5F4AEEEEAD1B2A544F5FD3421C05742368EDEEB2DC44BA5D299699690CD48331886912347AE1A376E5CDDF4E9D38B6FF27D5C1836CE5C924B12166C6F293931ACFCE35957F583ACFE71AC299FF4EF574E6ABC12361D7CA6B55F6DCBE70FDAC2FBB8B81CEDDDC9B4F787BDC6470CB04DD274D769E0B06FB5B23E8D2D9466875AA898801E205D1C3BBC95F5A9B56E1AEBED6945D4EDADDC86E72CABBE73FAE9A78F2F140A3BB7E78969BB61C386A571F91A3BE07DE4FA7CA6CE778B4EFC11AF69E5C7D1725DEA3E52DC8A1FD79A0E7C7FEBB6F2872D5901B06D4687ECAA528A812D1EFBEB90B56493AC00BABBF7949769BC81DEE5E81BB20B65A95B72A54B34A424C4E15BB9FD7EB5502E5A5800009D2D75D1FB4C8CD9216B655119B72875CFFB498CE1211B7CF9464505746393433696DABD211B64B13246401AB720755D7E778CF7C6B84851316DDAB4D4E2709356870D0D0D5342D6BAFBA2C6C6C629B5582E5A58005BBFE3A85B5B2A16FB2A881C2816FB3D1FB6AE7510E4C10D312E0BD985931931BE5C8ED46C3AB5AC680AD90C53382EE0B8D09D7D276489D9E48731DE5F8E0BCAEB7E1BB299F280B68E2F8A00D85AFDFB2F7879E9D2FD15440E2C5972D89CAACA107407A90BC8E8904D73DD5AF3D73363EC16B402755CC071A1FB4B63B31D12B241E85B4A63F58C0AEDEF0A0D3549C202D86A7DFA2C9DF1EAAB2E7EE6C1FCF97F95066C9AAE24E8462687ACCB479AA929CDB8545FF558AAD8A744459362725CC071A19BBB386C4CBCCE6DF1D8DE219BC1EE05C5049B2761016CB555AB867D7BFEFC93D6964ABD1446D76A5AB2E4C88343D6BC1EBA8B2B4296A8B836642D2C86573DF664C8C6ADD09CDD7101C785EEEEEF63A4EE39F7B6F2584AD82E8D3138648370026D90B000B6DAB1C74E9A592A151E7BE185531446179A3DFB6B77C4CFE1C5E38E3BEE7EA5413793BA7C7C34646356A42B907B94237517497DBEFF2364490D1C17705CE8EE8E2E2FD3CC207B97E3A01843423656CF071411B44DC202D826AB560D3EF3B9E7CE5EA9CF72D778E595836E5ABCF8A8938BC5E2794A836EAAB96A39BE1C69FEF934FDDFBFC4B85511392EE0B8D0CDB59CB679458CD742D6C22275135914E325C5046D93B000B6C9F1C71FFF64B138F094471FFDA7A52AA79D5F297DF8E18B0F2C140A9F889FC31C254237747D55653E4D633AA51CA94F77538C4F856CAC0B1C17705CE8CE1EABDAD7A5CFE50F21EBFA966EA7EE22FBC5384D3141DB242C806D367EFCF83BD7AE1D7CEA430F5DB2ACA9A9E1CFFA2E6F774DB3677FED3F66CDBAE4C8B8FBFE422CFF5B1409DD54658C8A19AD3CB63CC617C3C6A4068E0B382E74778FB5B13E8DD9739DE281B6398A006FCA55575D3577D2A4B36F7CE595771CFCC20BA70D5AB56AF8D37575EB0AF5F58B07160AEB15D09B542CF67B7EF1E223EF7DE6994FCE7AFCF12FEFBA72E5A8DEC56271D284091366281D7A80E6CD3CB6A6AD07C68E1D3B2E2E52DC3D67CE9CE98AD171C171C171A127B2AFC377C01CE7400748CD80D3E2F6DB6F3F64FEFC133F1C23ED58535FF4FABCBEE7C58B178799336786238E38220C193224CFC5BB7BC8FAB83E11E3BB0652A3074803CEA541E6166F669B94C848275FF31497E3028E0BDDD488183F6BC7769F08593711A01512164087993061C2ECB898DD1DDE6B4343C35371B1CFCD37DFFC746363E3BE3E3DE834E98435750969DACC3669AAD35FC67887E2725C806E6A418CCF6C615FB7538C674236C6455191C11B19C302A83993274F4E274CFB94EFEE53BE0F748EE55527B0A92545BAB298AE104FAF8AD9E58A3E40779666047957C892B0CB5B9C832D2FEF03DF1A242BA04D5A580035A7B9B9F9A8EAFBAB57AF1E174CA1089DAD29C6E890CD065269E594BA8BA4E6D1A9BB8826D2404F707B8C3131DE136340C892187F1DE39C184B140F6C9E8405508B3EDFE27EAA34485840E76A0A59C222B5AEF85679DDE4205101F44C694AD355216B59F1D78A03DA479710A0164DA8BE532C164F18376E9C042E0000E4880A3A5053CE38E38C634AA5D280AA55A542A1B0F3D0A143C7C5DB772A21E8347B949769E68829E5DB07876CFC0A8334023DCDE01877846CD0E14362DC10E366C5029B276101D49A4FB4B85FD8F04FA1303148584057D441A6874D1314AF2A1AA0871954DECF1DA22860DB2A0B0035A1542A9DD8DAFA42A170529A2D64EAD4A9CD4A09B67BDDA3BAD2DE56053EF5F37E487101DD589A9A79F016F675895665B0994A03404D686868181717BBB5F2509A4E6C7879F690E94A0AB6AB81216B123D7A0BDBA5DFAA8405D09D3D1663FD16B6E9A798A06D121640CD28954AE7140A85D61EAA0C409CBA854C5752B05D19A302A815731501BC396609016AC907B7F0F807CC16029DA25E1100005B226101D4848F7CE42387140A859D36B3C99A18C3230362C1F6756E8CA35AAC4BDD44AE8D7199E2017A88D46A736C2BEBEF8DF1BF8A07DAC79544A026AC5FBFFEBC36BA8354F42D2F3F1EF49B87EDE9C6F0C6F12BBE17E3D91817291EA0879816634C8B7597C7B82264095AA01DB4B0006A42A15038A19D9B8ED72D04B6ABA616F727C77834C63F846C304E809E28B5E0BC254856C05691B0007ABC891327A6E6E743DBB9F9DEC3870F3F46A941A749E3595CAE18801E6E788C3B15036C1D5711811E6FDAB469F7C7C526FD411A1A1AA6C4C585312E6A6C6C9CA294A0537D2AC6F2183BC77832464A122E0C9BB6B0A82F3F06D05DDD1AE3AC18FBC578A0BCAC56573E1F7B4C5141EB242C0080CE96BA807C35C6F8183F8EB1B4C5E30362AC8831455101DDD8A9211B7CF32B214BCC56EFEB52B2A24FD0E21D364BC20200E86CA9D5D3B762A4B165BE14E3BC18B3150BD0C3A4966429399B5A74A6F12B7E18B28187817692D10300BA4A6A2E7D72C8BA888C551C400F95BABBA504EDFE31CE501CD07E12160040574A57203F13B266D3BB290EA007FB668C1D631CA028A07D242C0080CE36B09575695AD393140DD0830C6965DD8F628C5334D03E1216004067BBBF8DF5D707AD2C809EE38136D6FF40D140FB18741300E86C8BDB58BFBC1C00005A5800000000F9236101000000E48E8405000000903B121600000040EE485800000000B9236101000000E48E8405000000903B121600000040EE485800000000B9236101000000E48E8405000000903B121600000040EE485800000000B9236101000000E48E8405000000903B121600000040EE485800000000B9236101000000E48E8405000000903B121600000040EE485800000000B9236101000000E48E8405000000903B121600000040EE485800000000B9236101000000E48E8405000000903B121600000040EE485800000000B9236101000000E48E8405000000903B121600000040EE485800000000B9236101000000E48E8405000000903B121600000040EE485800000000B9236101000000E48E8405000000903B121600000040EEF4560400405E4D9C38F18242A1F0CD361EBEB0A1A1E1C2EA158D8D8D05A506003D83161600407E2B2A7575B3950200D4683D401100007975EDB5D7DE1A177F6EE7E6F3941800F41C12160040AE954AA59F6F6193B5E5ED6E555A00D07348580000B9562A95A66DE1F1625A160A856B941600F41C12160040AEEDB0C30E330A85C2CB6D3D1E1FEB17178B172E5C3843690140CF21610100E4DAD4A9539B4BA5D2AFDA787843EB8AF8F88DD3A74F5FA7B400A0E790B00000BA83FF6E63FDFA0D159ABABA1B141100F42C12160040EE95BB7B2C6BE5A13E31E62D58B0E04EA504003D8B840500907BE5EE1E57B5585DE90E72ABEE2000D0F348580000DD42A954BAADC5FD62F9E66F940E00F43C12160040B7F0D24B2FDD1A170B2AF70B8542EFB8585C2C166F513A00D0F348580000DD42B9DBC76D2D56DF7ADD75D72D573A00D0F348580000DDC926B385140A05B38300400F25610100741BF5F5F5F757DFEFD7AFDF74A502003D93840500D06D4C9D3AB5392E9E4CB70B85C2DC78FF55A502003D536F450000B5AD540AF52FBC70F2E7962DDBFFCC152BF6DC77F9F2B7D4178B7D73FB7E172F5E1C66CE9C190E3BECB0311FFBD8C74A797D9F8542B1545FFFD2927EFDFE3C73F5EAC1171F73CC39FFEBDB0600ED27610100356CDEBCE33F3D6BD6F84B9A9B47EC3072E4AFC3C891B7859D767A22D4D5ADC9F5FB6E68C87FD9168B7D0BAFBDF6D6DD5E7D75EC892FBE78E2F87BEE697C62D5AAC1671E7FFCF1737CF30060CB740901801A357FFE09373EF7DCC7FE6DC890FB7678D7BBCE096F79CB3561F0E047739FACE83695AC588E29F9B3D75ED78577BEF3A37D478FBEF6E0BE7D57CEBCEBAEFF3945E900403B8EA58A00006A4F4A5634359D71CAC1074F097BEEF9F35028AC5728DBD9A8513785C30F3FAF7FAF5ECD57DF79E79D27291100D83C090B00A831A91BC8B3CF7EF494B7BFFD5B1B5A00B4D4FCDA6EA1E9A10F8539B77D21FCFED6F3C2DC99A787554B872BB80E3070605338F4D0F3772C149AAFBEEDB6DBC62A1100689B840500D49034C0E6C285E32F193D7A5A9BC98AB90F3484652FBF3514D7F70DA562EFB07CF15EE1B9FB274A5A749094B478EB5BFFBBD8AB57E9BB4A0300DA266101003524CD069206D84CDD135AB368EE9161DD9AFE6F589F92172F3D7B9402EC207BED75DD2EBD7BAF7CDB1D77DCA15001A00D1216005043D2D4A5693690B6C6AC58B9995614A9F5051D67F8F0DF2C8C8B0F2B0900689D840500D490152BF6DC77E79DDB9E55B3B4BE57DB4F2EA93674A4A143EFD93D2EC6290900685D6F450000B563F9F2B7D4B73676059D6FA79D9E1A111743940400B4CEA51200A821C562DF5057B74641E4A112967D0E2E1E01405BC74A45000054F4DD61599B8FF5EEB7420101009D46C2020078DD6EA36785DE7D57BD617DAF3EABC390310F292000A0D348580000AF1B34EC99B0E3D0E75A5DBFD3F0A7141000D069242C00804DAC5FDBEF0DEBD6AD1EA06000804E256101006CB07AF92E61EE030D61D94B6F7BC363AF2D7A4B78EEBE33366C0300D019242C0080F0CABCB1E1B9FB3F12962F19D5E6362B5ED9233C73EF5961F11F0F0BA5922A0400B07D994A0B006A586A31F1E213EFDDD082A23D8AEBFB6ED87ED9CB6F0B23F6BF2BF41FF4B2420400B60B974700A086A51613ED4D56544B2D319EFDDD240508006C3712160050C3528B896D552A6AA809006C3F6A1A0050C30E3AF13B0A0100C8252D2C00000080DC91B00080F6497D2726C4F8E718C3DA38A67EA08DE7D6C7D86F33AFFDCE181FDACCE323620C6C65FDC53E1600A0A7D22504005A9792083BC6581BE37D3156C4B82FC6E53196B6D8B63210444A68DC1AE3C331AE89F1B9184D318E8CF1488C27DBF85B8363F4D9CC7B5914E3961827C47877F97D2547C438B17C3C3F26C6FFF5B101003D85840500BC514A0AEC14A3583E56AE8BB12664AD285292E0E818CB637CB3BCFDB1E5E7FC3CC63FC45812B2561869DB2B42966C68E99A7284F276FD63BC56BE7F7E8C8FC478A97C7F5DF9B593076334976F9F15E357E5BFFD151F1B00D093485800C01BFD36C6EE216BD9901215A945434A42DC19634CC892068BAAB64FEB534B87DF87AC35C5A5EDF81B29F9F1ABAAFB3B56DD4F8988975A6CFFD3AADBA785ACC5C7C8F2DF4D86C458E0A303007A0A090B00685D4A3C1C18E3DE186343D6A222191F6346D8D86A6254C85A583C1EB244436A25F1E9187F8A3120C65E214B729C1CB2F12F96949F37346C4C36B46C6131BCEA7DEC1DB2F12FBE1EE3AF42D6EDA4922C79A46ABB2FC7B8A8EAF50100BA35090B00685DA53B481A9FA24FD5EDB4AC1EC3E285B0B16B47EAFEF17721EBC2919E3F31C6F3311ACAEBABBD1C36DFC2A2E2D9724C0A590B8AFF8EF137211B1BE3F6F23607C7B830C62B3E3600A0A790B00080B6CD0A5912A1BA4BC8AE31FAB5D86E42F9983A3A640363A61613576EC7F7950604FD71D5FD3382640500D0C348580040EB528262FF9075DB7847C8BA6BA4161669468F075B6C7B578C7343D6EA21C503211B63A26933AF5F3DFE44CB2E2143DB784E1AF7E2A09025508EAC5A3FD8C70500F434121600D0FAF1318D23911211695AD33406454A60A4712AE686ACCBC657ABB64F2D1C526B8CD1219BBA34CDE8312D6CDAE5A3A5340BC8FCAAFBD55D426E6D65FB341E469A81E49FCBEF6F47C77300A027AB530400F006690C8AEB423676441A83625139D2ED949048C98AA3CBDBF62DC7BD55C7D5CFC6D833642D2D9221ADFC8DF99BF9FBC556D6A58137A796DF5B4A9EFCAA2A5EF29101003D8D2B3200B0A93446C5D1E5C440C5C09025252A5D38526B87F7846C10CCD48DE33F4336AEC4E8904D837A548CEF543D7FEC16FE665DD8F245844362AC6CB16E588CF342EB091100806E4DC2020036955A2FDCDC8EEDAE6B71FFBE90253452E2615A8BC7DEBF85D74AB37DACD9C236D5C98A8F9797A965C5053E3200A027D22504003A566BDD39B6948C58B3957F639D62AE6DA79F7EFAF8868686FFA72400E8C9B4B000007261CD9A10FEF4A710F6DE3B846239ED53D7E2D2CAB265210C1AB4E9BA1FFD2884F7BD2F84DD77CFEEFFCBBF8430797208C386F59CB219376E5CEFA143878EEBD5ABD7C452A9D410B26E4AC9D77D7300E8A9242C00805CE8DB37841FFF38840F7F388477BC2384534F0DE1939F0CE1965B4278E73B43D875D7102EB92484DFFC26DBFEEEBB43183D3A84FBEE4B27F4215C7965B6DD9C39210C1810C2F2E521FCE217219C7556F72C8F94A4183162C451A552E973318E2B140ABBC4A52F0A003543C20200C88DF3CF0F61FEFC58418935943DF608E1C41343B8E9A66C995A5BA47515A905C5A38F86B06851084F3E19C26BAF65AD34468C08E19147429832258B254BB264477771C619679C502A954E8AF1B118FDD3BA42A1E0CB0140CD91B00000722325170E3964E3FD9FFF3C4B60A4561463C66CBAEDDCB9596223B5B238E18410AEB82284A79ECA5A5B1C796496DC78F7BBF3FF7F9E3C79727D7373739A59E6D33126944AA5C169BD240500B54EC202A8751736343428056AC6F2D44F22875E7A294B4AFCEBBF8670D555218C1A15C2CB2F67AD2AEAEBB39613BFFAD5A6CF495D4856AE0CE1AEBBB24863581C7F7CF69CBFF88B10BEFFFD7C7F16CF3DB74BB8FEFAEB437373F3AA6D7D8DB8FF9AE25B0D3DB78EA208A8751216002A04D490A79F7E3A97EF2B75EFF8C007B2312752B222193A341B9322AD4FDD3E3EF4A110CE3967E373C68F0FE1A28B4238E080ACA5C51FFE10C2C48921FCF087598B8BFFFAAF10BEFAD5FC0EBED9D8785058BA74A9FD1700B441C202A855531501B5689F7DF6E93627B82909F195AF6483707EF7BB215C7DF5C6C7528B8C59B342F8E217B31619A91B48BF7E592B8C33CFCCB649B3855C704108DFF84636AE45DE34343C16BEF39D7D5B4B5A54A6C66DCFF4F317F956833A0BF4541216404D6A6C6C6C8A8B294A825AF3F18F7FBC5B242C1E7C3084C30E0BE19E7BB2013753CB8B2143363E9E5A4DA4F5B7DE9A8D6D317D7A080F3C10427373D6552479CF7B4238F6D88DF7F3E6AD6FFD7338F5D453C335D75CD37FD5AA55E30B85C2F171F50762540D2D1AD6C7E8B5997D99FD18003D569D220000F2A258CC5A4534358570E081D9BAE79F6F7BFBD4F5E3E69B4338EAA86C2AD4B56BB3F12E52F262E4C8FC262BAA4D9D3AB579DAB469B7343636FEEDC2850BDF12579D562A957E1C97F3C2A6C98AF8BF0BE63505A06668610100E4466A45F1D9CF86F0939FC4B3F6D342F8C77FCCC6B4F8F77F6FFB39693AD38103B3DB2969915A5EA44852D791BC8E61D19AE9D3A7AF8B8BEBCB9106D51C17171F8E71428CBD7D4300A825121600406E5C7A69365DE9C92767F72B0370A6F12A2EBF3C4B4854DC724B3623489AD6348D5DB16041D6C2A2329B481AA8F3892742F8D6B7BA6F793436364E8F8B1461E2C48969EAD38F170A8594BCD8C3B705809E4EC20200C8953426454B471C11C235D76CBAEEA493B265A535454F376DDAB4FBE3E27EDF10006A85312C00000080DC91B0000000007247C202000000C81D090B0000002077242C00000080DC91B0000000007247C202000000C81D090B0000002077242C00000080DC91B0000000007247C202000000C81D090B0000002077242C00000080DC91B0000000007247C202000000C81D090B0000002077242C00000080DC91B0000000007247C202000000C81D090B0000002077242C00000080DC91B0000000007247C202000000C81D090B0000002077242C00A0960EFC756B4BC5625F059103C562BFE7E3629D92008036EA2D8A00006A47FFFE0B5E5EBA747F0591034B961C36272E662B0900689D840500D4903E7D96CE78F5D5B10A2207E6CFFFAB6571315D490040EB242C00A086AC5A35ECDBF3E79FB4B654EAA530BA56D39225471E1C9737280A00689D840500D490638F9D34B3542A3CF6C20BA7288C2E347BF6D7EE889FC38BC71D77DCFD4A03005A276101003566D5AAC1673EF7DCD92B8D65D1355E79E5A09B162F3EEAE462B1789ED20080B6495800408D39FEF8E39F2C16079EF2E8A3FFB454D2A273A564C5C30F5F7C60A150F844FC1CE6281100689B840500D4A0F1E3C7DFB976EDE0531F7AE892654D4D0D7F36A6C576D7347BF6D7FE63D6AC4B8E8CD5AF2FC4F2BF459100C0E6A99D00408DBAEAAAABE64E9A74F68DAFBCF28E835F78E1B441AB560D7FBAAE6E5DA1BE7EF1C042617DAEDFFBA24503C2AF7FBD6F183264451830606D2EDF63B1D8EFF9C58B8FBCF799673E39EBF1C7BFBCEBCA95A37A178BC54913264C98E1DB07C0968C1D3B765C5CA4B87BCE9C39D36BB10C7AFB1A0040ED4ADD43D2E2F6DB6F3F64FEFC133F1C23558C768E519FE7F7FDF0C30F87471E7924CC9D7B5638F4D043F3FA36778FB128C61331BE6B804D00D83A12160040983061C2ECB898DD5DDE6F4343C394B8B8F091471EB9E84B5FFAD2149F2000F43CC6B0000000007247C202000000C81D090B0000002077242C00000080DC91B0000000007247C202000000C81D090B0020AF262A0200A85DBD150100D0C9F68AF18B18C5F2FD7131EE893139C66355DBFD5B8C698A0B006A93840500D0D99E8F716A8CB931C6C4581EE3F731D6842C61F1CD18E7C418ADA800A076E912020074851DCACBEA8B274FC6F8548C0B63CC8FB14C310140EDD2C20200E80A4B620C8EB1A87C3F5D44D93BC6AC18FB85ACDBC8D81873141500D4262D2C0080AE7042C81212EF2FDFFF438C67637CBD7C3F751B19AF9800A076696101007485BB433686C5FCF2FDE9E5E50FABB6F9718C4141D71000A8491216004067AB8F717D3BB65B15E368C50500B549C20200E86CEF8D7176303E0500B0191216004067BB2FC6413166C71811A3A9956DFAC5E81BE3D018CD8A0C006A8F840500D0D95E09D918168784AC7BC83FC47820C6CD8A0600A890B00000BA526A3DF1D5729D24C53A45020024A6350500BADAA890252A242B0080D7495800005DE1C6AADBD3150700D0922E21004057F8FB900DBCB932C68C183F887154F9B10362FC2198D614006A9A840500D015D6C6782CC698F2FD8B63BC1CA37FF9F639211B8C1300A8511216004067BB2364D39916CBF707B4B1DDD7141500D42E090B00A0B31D1763AF18CF87AC85C5858A04006849C20200E84AF5E5E55FC4F8DB90CD1492660D7938642D300E574400509B242C0080AE322464836BA6712BFEB31C1362DCAE680000D39A02005D2175075954BE3DA56A7D4A56A4C445BD220280DAA6850500D01552C2E2CE185F89F1788CDFB7783C4D699A06E35CA9A800A036495800005D61AFAADB3F897196220100AAE912020074B52B140100D092840500D0D51E500400404BBA8400005DE1C21817C53820C66B6D6CF382620280DAA5850500D0159E0D59D2629F18C3637CBDC5F2C018CD8A09006A971616004057B8A65C0F492D2C1E2BAF7BB0C5F2FD8A09006A97840500D0D9AE8E71588C75318A310E6963BBDB151500D42E090B00A0B355A6304D898A658A0300688D840500D0157E15E30731768D714B8C3D63BC23C69890B5BE48E36C2D89F16E450500B549C20200E80A27866C8C8A34F8E6E131562A1200A09A59420080AEB0578C3FC4B83764AD2CAE8CF1C91883150D0090686101007485FF8AD150BE3D34C64763F48DF14F3126856C40CEA5A1ED013901801E4EC20200E80A7F595E1E1DE3E418B362AC89F1BD90252D741101801A2761010074A597625C50757FBE22010012635800005D257503696AE3B19FC718AF8800A07669610100749563637C296417502E8A312D6463577CA8FCF89D8A08006A97840500D055BE16636EF9F69818BF8E3128C6DD6163D20200A851BA8400005D295D3C49C98ABF8BF14C8C5363BC2364539D0200355E490000E80AFBC5581F635E8CCF95D7ED1EE3B8185F8E71598C66C50400B5490B0B00A0B3A5EE1E47C4F853C8A62FDD29C690729C575EFEB87C1B00A85112160040674B3380EC1D63C71817976F4F282F57979729EE51540050BB74090100BAC2EF623C1FE3D331EE8BF152C806E07CA57CFB15450400B54DC20200E80AEF8A31B27CFB9D211B787358C85A5D9C18E352450400B54DC20200E80ACFC6688AF1F755F72BAE0C12160050F3242C0080AEF0E0661E7BB7E201000CBA0900E4CD5C450000485800000000B9236101000000E48E8405000000903B121600000040EE485800000000B9236101000000E48E8405000000903B121600000040EE3FFF75DD0000012149444154485800000000B9236101000000E48E8405000000903B121600000040EE485800000000B9236101000000E48E8405000000903BBD150100D08D5DD8D0D0A01400E891C7B85A2F00090B0040850E00000000000000000000000000000000000000000000000000000000000000000000000000000000000000000000000000000000000000000000000000000000000000000000000000000000000000000000000000000000000000000000000000000000000000000000000000000000000000000000000000000000000000000000000000000000000000000000000000000000000000000000000000000000000000000000000000000000000000000000000000000000000000000000000000000000000000000000000068DBFF07233655386A3BDF9E0000000049454E44AE426082, null);
INSERT INTO `act_ge_bytearray` VALUES ('50012', '1', '.bpmn20.xml', '50011', 0x3C3F786D6C2076657273696F6E3D22312E302220656E636F64696E673D225554462D38223F3E0A3C646566696E6974696F6E7320786D6C6E733D22687474703A2F2F7777772E6F6D672E6F72672F737065632F42504D4E2F32303130303532342F4D4F44454C2220786D6C6E733A7873693D22687474703A2F2F7777772E77332E6F72672F323030312F584D4C536368656D612D696E7374616E63652220786D6C6E733A7873643D22687474703A2F2F7777772E77332E6F72672F323030312F584D4C536368656D612220786D6C6E733A61637469766974693D22687474703A2F2F61637469766974692E6F72672F62706D6E2220786D6C6E733A62706D6E64693D22687474703A2F2F7777772E6F6D672E6F72672F737065632F42504D4E2F32303130303532342F44492220786D6C6E733A6F6D6764633D22687474703A2F2F7777772E6F6D672E6F72672F737065632F44442F32303130303532342F44432220786D6C6E733A6F6D6764693D22687474703A2F2F7777772E6F6D672E6F72672F737065632F44442F32303130303532342F44492220747970654C616E67756167653D22687474703A2F2F7777772E77332E6F72672F323030312F584D4C536368656D61222065787072657373696F6E4C616E67756167653D22687474703A2F2F7777772E77332E6F72672F313939392F585061746822207461726765744E616D6573706163653D22687474703A2F2F7777772E61637469766974692E6F72672F70726F63657373646566223E0A20203C70726F636573732069643D2270726F636573732220697345786563757461626C653D2274727565223E0A202020203C73746172744576656E742069643D2273746172744576656E7422206E616D653D2273746172744576656E74223E3C2F73746172744576656E743E0A202020203C757365725461736B2069643D2261646D696E417070726F766522206E616D653D22E7AEA1E79086E59198E5AEA1E689B9222061637469766974693A61737369676E65653D2231313539303034303034383336303532393932223E3C2F757365725461736B3E0A202020203C6578636C7573697665476174657761792069643D227369642D38454434364336332D373832332D343137392D423631452D434246333139353536413234223E3C2F6578636C7573697665476174657761793E0A202020203C73657175656E6365466C6F772069643D227369642D32303545444433392D344444362D343837312D423839342D4437364341373538333944422220736F757263655265663D2261646D696E417070726F766522207461726765745265663D227369642D38454434364336332D373832332D343137392D423631452D434246333139353536413234223E3C2F73657175656E6365466C6F773E0A202020203C73756250726F636573732069643D227369642D39463241343034412D434636392D344430442D384234392D45323345314441354538413322206E616D653D2273756250726F63657373223E0A2020202020203C73746172744576656E742069643D227369642D45413834354446432D313641462D344139332D414446422D313538453241433833323637223E3C2F73746172744576656E743E0A2020202020203C757365725461736B2069643D22737570657241646D696E417070726F766522206E616D653D22E8B685E7BAA7E7AEA1E79086E59198E5AEA1E689B9222061637469766974693A61737369676E65653D2231223E3C2F757365725461736B3E0A2020202020203C6578636C7573697665476174657761792069643D227369642D36463346333633302D383145392D343633332D394538342D333930334239314633373532223E3C2F6578636C7573697665476174657761793E0A2020202020203C656E644576656E742069643D22656E644576656E743222206E616D653D22656E644576656E7432223E3C2F656E644576656E743E0A2020202020203C656E644576656E742069643D22656E644576656E743122206E616D653D22656E644576656E7431223E3C2F656E644576656E743E0A2020202020203C73657175656E6365466C6F772069643D227369642D43423934423231312D413739372D343236382D393436432D3041393330314441394546432220736F757263655265663D227369642D45413834354446432D313641462D344139332D414446422D31353845324143383332363722207461726765745265663D22737570657241646D696E417070726F7665223E3C2F73657175656E6365466C6F773E0A2020202020203C73657175656E6365466C6F772069643D227369642D32363331363241382D374443352D343239342D424632412D3843324135313932423443362220736F757263655265663D22737570657241646D696E417070726F766522207461726765745265663D227369642D36463346333633302D383145392D343633332D394538342D333930334239314633373532223E3C2F73657175656E6365466C6F773E0A2020202020203C73657175656E6365466C6F772069643D227369642D42453031313846412D383930352D344336342D413942392D41324532343341453743354122206E616D653D22E4B88DE5908CE6848F2220736F757263655265663D227369642D36463346333633302D383145392D343633332D394538342D33393033423931463337353222207461726765745265663D22656E644576656E7432223E0A20202020202020203C636F6E646974696F6E45787072657373696F6E207873693A747970653D2274466F726D616C45787072657373696F6E223E3C215B43444154415B247B666C6167203D3D2066616C73657D5D5D3E3C2F636F6E646974696F6E45787072657373696F6E3E0A2020202020203C2F73657175656E6365466C6F773E0A2020202020203C73657175656E6365466C6F772069643D227369642D39443846384334382D364246362D343743342D413439412D35324539333543333131414622206E616D653D22E5908CE6848F2220736F757263655265663D227369642D36463346333633302D383145392D343633332D394538342D33393033423931463337353222207461726765745265663D22656E644576656E7431223E0A20202020202020203C636F6E646974696F6E45787072657373696F6E207873693A747970653D2274466F726D616C45787072657373696F6E223E3C215B43444154415B247B666C6167203D3D20747275657D5D5D3E3C2F636F6E646974696F6E45787072657373696F6E3E0A2020202020203C2F73657175656E6365466C6F773E0A202020203C2F73756250726F636573733E0A202020203C73657175656E6365466C6F772069643D227369642D31454437423943362D333244422D343635332D424246302D3734364533324636384646442220736F757263655265663D2273746172744576656E7422207461726765745265663D2261646D696E417070726F7665223E3C2F73657175656E6365466C6F773E0A202020203C6578636C7573697665476174657761792069643D227369642D35363642433133362D454338412D344145452D424144412D374641433330353335453936223E3C2F6578636C7573697665476174657761793E0A202020203C757365725461736B2069643D22706572736F6E616C417070726F766522206E616D653D22E4BABAE4BA8BE5AEA1E689B9222061637469766974693A61737369676E65653D2231313333353830393736343133333437383430223E3C2F757365725461736B3E0A202020203C6578636C7573697665476174657761792069643D227369642D35383038314632342D364539422D343234462D423237422D454231423734313838353742223E3C2F6578636C7573697665476174657761793E0A202020203C656E644576656E742069643D22656E644576656E7422206E616D653D22656E644576656E74223E3C2F656E644576656E743E0A202020203C757365725461736B2069643D2261646A7573746D656E7422206E616D653D22E8B083E695B4223E3C2F757365725461736B3E0A202020203C73657175656E6365466C6F772069643D227369642D39344530304238432D393437362D343541372D423841332D31364443383839314131364622206E616D653D22E5908CE6848F2220736F757263655265663D227369642D38454434364336332D373832332D343137392D423631452D43424633313935353641323422207461726765745265663D227369642D39463241343034412D434636392D344430442D384234392D453233453144413545384133223E0A2020202020203C636F6E646974696F6E45787072657373696F6E207873693A747970653D2274466F726D616C45787072657373696F6E223E3C215B43444154415B247B666C6167203D3D20747275657D5D5D3E3C2F636F6E646974696F6E45787072657373696F6E3E0A202020203C2F73657175656E6365466C6F773E0A202020203C73657175656E6365466C6F772069643D227369642D42434433394441362D393530412D343035302D413330422D39413332443831423144343222206E616D653D22E4B88DE5908CE6848F2220736F757263655265663D227369642D38454434364336332D373832332D343137392D423631452D43424633313935353641323422207461726765745265663D227369642D35363642433133362D454338412D344145452D424144412D374641433330353335453936223E0A2020202020203C636F6E646974696F6E45787072657373696F6E207873693A747970653D2274466F726D616C45787072657373696F6E223E3C215B43444154415B247B666C6167203D3D2066616C73657D5D5D3E3C2F636F6E646974696F6E45787072657373696F6E3E0A202020203C2F73657175656E6365466C6F773E0A202020203C73657175656E6365466C6F772069643D227369642D46393638363236332D434634462D343742422D424443442D46343235343332354231463822206E616D653D22E4B88DE5908CE6848F2220736F757263655265663D227369642D35363642433133362D454338412D344145452D424144412D37464143333035333545393622207461726765745265663D2261646A7573746D656E74223E0A2020202020203C636F6E646974696F6E45787072657373696F6E207873693A747970653D2274466F726D616C45787072657373696F6E223E3C215B43444154415B247B666C6167203D3D2066616C73657D5D5D3E3C2F636F6E646974696F6E45787072657373696F6E3E0A202020203C2F73657175656E6365466C6F773E0A202020203C73657175656E6365466C6F772069643D227369642D39443144453739462D303745352D344443332D384634452D42303441423636423543394522206E616D653D22E9878DE696B0E794B3E8AFB72220736F757263655265663D2261646A7573746D656E7422207461726765745265663D2261646D696E417070726F7665223E0A2020202020203C636F6E646974696F6E45787072657373696F6E207873693A747970653D2274466F726D616C45787072657373696F6E223E3C215B43444154415B247B666C6167203D3D20747275657D5D5D3E3C2F636F6E646974696F6E45787072657373696F6E3E0A202020203C2F73657175656E6365466C6F773E0A202020203C73657175656E6365466C6F772069643D227369642D41303834424241302D323735442D343334352D423531392D41414243384432394239464322206E616D653D22E58F96E6B688E8AFB7E581872220736F757263655265663D2261646A7573746D656E7422207461726765745265663D22656E644576656E74223E0A2020202020203C636F6E646974696F6E45787072657373696F6E207873693A747970653D2274466F726D616C45787072657373696F6E223E3C215B43444154415B247B666C6167203D3D2066616C73657D5D5D3E3C2F636F6E646974696F6E45787072657373696F6E3E0A202020203C2F73657175656E6365466C6F773E0A202020203C73657175656E6365466C6F772069643D227369642D44363839443630322D334431452D343938382D384145362D43393645323644433944383922206E616D653D22E4B88DE5908CE6848F2220736F757263655265663D227369642D35383038314632342D364539422D343234462D423237422D45423142373431383835374222207461726765745265663D2261646A7573746D656E74223E0A2020202020203C636F6E646974696F6E45787072657373696F6E207873693A747970653D2274466F726D616C45787072657373696F6E223E3C215B43444154415B247B666C6167203D3D2066616C73657D5D5D3E3C2F636F6E646974696F6E45787072657373696F6E3E0A202020203C2F73657175656E6365466C6F773E0A202020203C73657175656E6365466C6F772069643D227369642D43363846394435352D444645302D344137422D423535432D39394644443046343733434122206E616D653D22E5908CE6848F2220736F757263655265663D227369642D35383038314632342D364539422D343234462D423237422D45423142373431383835374222207461726765745265663D22656E644576656E74223E0A2020202020203C636F6E646974696F6E45787072657373696F6E207873693A747970653D2274466F726D616C45787072657373696F6E223E3C215B43444154415B247B666C6167203D3D20747275657D5D5D3E3C2F636F6E646974696F6E45787072657373696F6E3E0A202020203C2F73657175656E6365466C6F773E0A202020203C73657175656E6365466C6F772069643D227369642D45383142333433452D383636342D343833452D423344452D4138413546423146413541412220736F757263655265663D22706572736F6E616C417070726F766522207461726765745265663D227369642D35383038314632342D364539422D343234462D423237422D454231423734313838353742223E3C2F73657175656E6365466C6F773E0A202020203C73657175656E6365466C6F772069643D227369642D44304435344146352D303431322D343435422D393545302D31394638444130313245374422206E616D653D22E5908CE6848F2220736F757263655265663D227369642D35363642433133362D454338412D344145452D424144412D37464143333035333545393622207461726765745265663D22706572736F6E616C417070726F7665223E0A2020202020203C636F6E646974696F6E45787072657373696F6E207873693A747970653D2274466F726D616C45787072657373696F6E223E3C215B43444154415B247B666C6167203D3D20747275657D5D5D3E3C2F636F6E646974696F6E45787072657373696F6E3E0A202020203C2F73657175656E6365466C6F773E0A202020203C73657175656E6365466C6F772069643D227369642D30463446354437422D324244462D343331432D413341432D3739323838384336414545382220736F757263655265663D227369642D39463241343034412D434636392D344430442D384234392D45323345314441354538413322207461726765745265663D227369642D35363642433133362D454338412D344145452D424144412D374641433330353335453936223E3C2F73657175656E6365466C6F773E0A20203C2F70726F636573733E0A20203C62706D6E64693A42504D4E4469616772616D2069643D2242504D4E4469616772616D5F70726F63657373223E0A202020203C62706D6E64693A42504D4E506C616E652062706D6E456C656D656E743D2270726F63657373222069643D2242504D4E506C616E655F70726F63657373223E0A2020202020203C62706D6E64693A42504D4E53686170652062706D6E456C656D656E743D2273746172744576656E74222069643D2242504D4E53686170655F73746172744576656E74223E0A20202020202020203C6F6D6764633A426F756E6473206865696768743D2233302E30222077696474683D2233302E302220783D223136352E302220793D223238352E30223E3C2F6F6D6764633A426F756E64733E0A2020202020203C2F62706D6E64693A42504D4E53686170653E0A2020202020203C62706D6E64693A42504D4E53686170652062706D6E456C656D656E743D2261646D696E417070726F7665222069643D2242504D4E53686170655F61646D696E417070726F7665223E0A20202020202020203C6F6D6764633A426F756E6473206865696768743D2238302E30222077696474683D223130302E302220783D223237302E302220793D223236302E30223E3C2F6F6D6764633A426F756E64733E0A2020202020203C2F62706D6E64693A42504D4E53686170653E0A2020202020203C62706D6E64693A42504D4E53686170652062706D6E456C656D656E743D227369642D38454434364336332D373832332D343137392D423631452D434246333139353536413234222069643D2242504D4E53686170655F7369642D38454434364336332D373832332D343137392D423631452D434246333139353536413234223E0A20202020202020203C6F6D6764633A426F756E6473206865696768743D2234302E30222077696474683D2234302E302220783D223435342E302220793D223238302E30223E3C2F6F6D6764633A426F756E64733E0A2020202020203C2F62706D6E64693A42504D4E53686170653E0A2020202020203C62706D6E64693A42504D4E53686170652062706D6E456C656D656E743D227369642D39463241343034412D434636392D344430442D384234392D453233453144413545384133222069643D2242504D4E53686170655F7369642D39463241343034412D434636392D344430442D384234392D453233453144413545384133223E0A20202020202020203C6F6D6764633A426F756E6473206865696768743D223137322E30222077696474683D223436362E302220783D223234312E302220793D2234352E30223E3C2F6F6D6764633A426F756E64733E0A2020202020203C2F62706D6E64693A42504D4E53686170653E0A2020202020203C62706D6E64693A42504D4E53686170652062706D6E456C656D656E743D227369642D45413834354446432D313641462D344139332D414446422D313538453241433833323637222069643D2242504D4E53686170655F7369642D45413834354446432D313641462D344139332D414446422D313538453241433833323637223E0A20202020202020203C6F6D6764633A426F756E6473206865696768743D2233302E30222077696474683D2233302E302220783D223238322E302220793D223130312E30223E3C2F6F6D6764633A426F756E64733E0A2020202020203C2F62706D6E64693A42504D4E53686170653E0A2020202020203C62706D6E64693A42504D4E53686170652062706D6E456C656D656E743D22737570657241646D696E417070726F7665222069643D2242504D4E53686170655F737570657241646D696E417070726F7665223E0A20202020202020203C6F6D6764633A426F756E6473206865696768743D2238302E30222077696474683D223130302E302220783D223334352E302220793D2237362E30223E3C2F6F6D6764633A426F756E64733E0A2020202020203C2F62706D6E64693A42504D4E53686170653E0A2020202020203C62706D6E64693A42504D4E53686170652062706D6E456C656D656E743D227369642D36463346333633302D383145392D343633332D394538342D333930334239314633373532222069643D2242504D4E53686170655F7369642D36463346333633302D383145392D343633332D394538342D333930334239314633373532223E0A20202020202020203C6F6D6764633A426F756E6473206865696768743D2234302E30222077696474683D2234302E302220783D223530322E302220793D2239362E30223E3C2F6F6D6764633A426F756E64733E0A2020202020203C2F62706D6E64693A42504D4E53686170653E0A2020202020203C62706D6E64693A42504D4E53686170652062706D6E456C656D656E743D22656E644576656E7432222069643D2242504D4E53686170655F656E644576656E7432223E0A20202020202020203C6F6D6764633A426F756E6473206865696768743D2232382E30222077696474683D2232382E302220783D223538352E302220793D223130322E30223E3C2F6F6D6764633A426F756E64733E0A2020202020203C2F62706D6E64693A42504D4E53686170653E0A2020202020203C62706D6E64693A42504D4E53686170652062706D6E456C656D656E743D22656E644576656E7431222069643D2242504D4E53686170655F656E644576656E7431223E0A20202020202020203C6F6D6764633A426F756E6473206865696768743D2232382E30222077696474683D2232382E302220783D223530382E302220793D223138302E30223E3C2F6F6D6764633A426F756E64733E0A2020202020203C2F62706D6E64693A42504D4E53686170653E0A2020202020203C62706D6E64693A42504D4E53686170652062706D6E456C656D656E743D227369642D35363642433133362D454338412D344145452D424144412D374641433330353335453936222069643D2242504D4E53686170655F7369642D35363642433133362D454338412D344145452D424144412D374641433330353335453936223E0A20202020202020203C6F6D6764633A426F756E6473206865696768743D2234302E30222077696474683D2234302E302220783D223534302E302220793D223238302E30223E3C2F6F6D6764633A426F756E64733E0A2020202020203C2F62706D6E64693A42504D4E53686170653E0A2020202020203C62706D6E64693A42504D4E53686170652062706D6E456C656D656E743D22706572736F6E616C417070726F7665222069643D2242504D4E53686170655F706572736F6E616C417070726F7665223E0A20202020202020203C6F6D6764633A426F756E6473206865696768743D2238302E30222077696474683D223130302E302220783D223636302E302220793D223236302E30223E3C2F6F6D6764633A426F756E64733E0A2020202020203C2F62706D6E64693A42504D4E53686170653E0A2020202020203C62706D6E64693A42504D4E53686170652062706D6E456C656D656E743D227369642D35383038314632342D364539422D343234462D423237422D454231423734313838353742222069643D2242504D4E53686170655F7369642D35383038314632342D364539422D343234462D423237422D454231423734313838353742223E0A20202020202020203C6F6D6764633A426F756E6473206865696768743D2234302E30222077696474683D2234302E302220783D223835352E302220793D223238302E30223E3C2F6F6D6764633A426F756E64733E0A2020202020203C2F62706D6E64693A42504D4E53686170653E0A2020202020203C62706D6E64693A42504D4E53686170652062706D6E456C656D656E743D22656E644576656E74222069643D2242504D4E53686170655F656E644576656E74223E0A20202020202020203C6F6D6764633A426F756E6473206865696768743D2232382E30222077696474683D2232382E302220783D223939302E302220793D223238362E30223E3C2F6F6D6764633A426F756E64733E0A2020202020203C2F62706D6E64693A42504D4E53686170653E0A2020202020203C62706D6E64693A42504D4E53686170652062706D6E456C656D656E743D2261646A7573746D656E74222069643D2242504D4E53686170655F61646A7573746D656E74223E0A20202020202020203C6F6D6764633A426F756E6473206865696768743D2238302E30222077696474683D223130302E302220783D223531302E302220793D223432302E30223E3C2F6F6D6764633A426F756E64733E0A2020202020203C2F62706D6E64693A42504D4E53686170653E0A2020202020203C62706D6E64693A42504D4E456467652062706D6E456C656D656E743D227369642D32363331363241382D374443352D343239342D424632412D384332413531393242344336222069643D2242504D4E456467655F7369642D32363331363241382D374443352D343239342D424632412D384332413531393242344336223E0A20202020202020203C6F6D6764693A776179706F696E7420783D223434352E302220793D223131362E3139363037383433313337323534223E3C2F6F6D6764693A776179706F696E743E0A20202020202020203C6F6D6764693A776179706F696E7420783D223530322E343231323539383432353139372220793D223131362E3432313235393834323531393639223E3C2F6F6D6764693A776179706F696E743E0A2020202020203C2F62706D6E64693A42504D4E456467653E0A2020202020203C62706D6E64693A42504D4E456467652062706D6E456C656D656E743D227369642D39443846384334382D364246362D343743342D413439412D353245393335433331314146222069643D2242504D4E456467655F7369642D39443846384334382D364246362D343743342D413439412D353245393335433331314146223E0A20202020202020203C6F6D6764693A776179706F696E7420783D223532322E333736363233333736363233332220793D223133352E3632333337363632333337363633223E3C2F6F6D6764693A776179706F696E743E0A20202020202020203C6F6D6764693A776179706F696E7420783D223532322E303930333230373030393431342220793D223138302E3030303239313335343036383035223E3C2F6F6D6764693A776179706F696E743E0A2020202020203C2F62706D6E64693A42504D4E456467653E0A2020202020203C62706D6E64693A42504D4E456467652062706D6E456C656D656E743D227369642D44304435344146352D303431322D343435422D393545302D313946384441303132453744222069643D2242504D4E456467655F7369642D44304435344146352D303431322D343435422D393545302D313946384441303132453744223E0A20202020202020203C6F6D6764693A776179706F696E7420783D223537392E352220793D223330302E35223E3C2F6F6D6764693A776179706F696E743E0A20202020202020203C6F6D6764693A776179706F696E7420783D223636302E302220793D223330302E35223E3C2F6F6D6764693A776179706F696E743E0A2020202020203C2F62706D6E64693A42504D4E456467653E0A2020202020203C62706D6E64693A42504D4E456467652062706D6E456C656D656E743D227369642D32303545444433392D344444362D343837312D423839342D443736434137353833394442222069643D2242504D4E456467655F7369642D32303545444433392D344444362D343837312D423839342D443736434137353833394442223E0A20202020202020203C6F6D6764693A776179706F696E7420783D223337302E302220793D223330302E31363138313232393737333436223E3C2F6F6D6764693A776179706F696E743E0A20202020202020203C6F6D6764693A776179706F696E7420783D223435342E34333530363439333530363439332220793D223330302E3433353036343933353036343933223E3C2F6F6D6764693A776179706F696E743E0A2020202020203C2F62706D6E64693A42504D4E456467653E0A2020202020203C62706D6E64693A42504D4E456467652062706D6E456C656D656E743D227369642D43363846394435352D444645302D344137422D423535432D393946444430463437334341222069643D2242504D4E456467655F7369642D43363846394435352D444645302D344137422D423535432D393946444430463437334341223E0A20202020202020203C6F6D6764693A776179706F696E7420783D223839342E35373432313837352220793D223330302E3432353738313235223E3C2F6F6D6764693A776179706F696E743E0A20202020202020203C6F6D6764693A776179706F696E7420783D223939302E303030313035393830373139312220793D223330302E30353434373432393537393439223E3C2F6F6D6764693A776179706F696E743E0A2020202020203C2F62706D6E64693A42504D4E456467653E0A2020202020203C62706D6E64693A42504D4E456467652062706D6E456C656D656E743D227369642D31454437423943362D333244422D343635332D424246302D373436453332463638464644222069643D2242504D4E456467655F7369642D31454437423943362D333244422D343635332D424246302D373436453332463638464644223E0A20202020202020203C6F6D6764693A776179706F696E7420783D223139352E302220793D223330302E30223E3C2F6F6D6764693A776179706F696E743E0A20202020202020203C6F6D6764693A776179706F696E7420783D223237302E302220793D223330302E30223E3C2F6F6D6764693A776179706F696E743E0A2020202020203C2F62706D6E64693A42504D4E456467653E0A2020202020203C62706D6E64693A42504D4E456467652062706D6E456C656D656E743D227369642D42453031313846412D383930352D344336342D413942392D413245323433414537433541222069643D2242504D4E456467655F7369642D42453031313846412D383930352D344336342D413942392D413245323433414537433541223E0A20202020202020203C6F6D6764693A776179706F696E7420783D223534312E3632352220793D223131362E333735223E3C2F6F6D6764693A776179706F696E743E0A20202020202020203C6F6D6764693A776179706F696E7420783D223538352E303030323939303230373037322220793D223131362E3039313530313331333539303137223E3C2F6F6D6764693A776179706F696E743E0A2020202020203C2F62706D6E64693A42504D4E456467653E0A2020202020203C62706D6E64693A42504D4E456467652062706D6E456C656D656E743D227369642D41303834424241302D323735442D343334352D423531392D414142433844323942394643222069643D2242504D4E456467655F7369642D41303834424241302D323735442D343334352D423531392D414142433844323942394643223E0A20202020202020203C6F6D6764693A776179706F696E7420783D223536312E302220793D223530302E30223E3C2F6F6D6764693A776179706F696E743E0A20202020202020203C6F6D6764693A776179706F696E7420783D223536312E302220793D223537322E30223E3C2F6F6D6764693A776179706F696E743E0A20202020202020203C6F6D6764693A776179706F696E7420783D22313030342E302220793D223537322E30223E3C2F6F6D6764693A776179706F696E743E0A20202020202020203C6F6D6764693A776179706F696E7420783D22313030342E302220793D223331342E30223E3C2F6F6D6764693A776179706F696E743E0A2020202020203C2F62706D6E64693A42504D4E456467653E0A2020202020203C62706D6E64693A42504D4E456467652062706D6E456C656D656E743D227369642D44363839443630322D334431452D343938382D384145362D433936453236444339443839222069643D2242504D4E456467655F7369642D44363839443630322D334431452D343938382D384145362D433936453236444339443839223E0A20202020202020203C6F6D6764693A776179706F696E7420783D223837352E352220793D223331392E35223E3C2F6F6D6764693A776179706F696E743E0A20202020202020203C6F6D6764693A776179706F696E7420783D223837352E352220793D223436302E30223E3C2F6F6D6764693A776179706F696E743E0A20202020202020203C6F6D6764693A776179706F696E7420783D223631302E302220793D223436302E30223E3C2F6F6D6764693A776179706F696E743E0A2020202020203C2F62706D6E64693A42504D4E456467653E0A2020202020203C62706D6E64693A42504D4E456467652062706D6E456C656D656E743D227369642D46393638363236332D434634462D343742422D424443442D463432353433323542314638222069643D2242504D4E456467655F7369642D46393638363236332D434634462D343742422D424443442D463432353433323542314638223E0A20202020202020203C6F6D6764693A776179706F696E7420783D223536302E3434303235313537323332372220793D223331392E3535393734383432373637323936223E3C2F6F6D6764693A776179706F696E743E0A20202020202020203C6F6D6764693A776179706F696E7420783D223536302E313235333931383439353239382220793D223432302E30223E3C2F6F6D6764693A776179706F696E743E0A2020202020203C2F62706D6E64693A42504D4E456467653E0A2020202020203C62706D6E64693A42504D4E456467652062706D6E456C656D656E743D227369642D30463446354437422D324244462D343331432D413341432D373932383838433641454538222069643D2242504D4E456467655F7369642D30463446354437422D324244462D343331432D413341432D373932383838433641454538223E0A20202020202020203C6F6D6764693A776179706F696E7420783D223536302E303035393137313539373633342220793D223231372E30223E3C2F6F6D6764693A776179706F696E743E0A20202020202020203C6F6D6764693A776179706F696E7420783D223536302E333830393532333830393532342220793D223238302E33383039353233383039353234223E3C2F6F6D6764693A776179706F696E743E0A2020202020203C2F62706D6E64693A42504D4E456467653E0A2020202020203C62706D6E64693A42504D4E456467652062706D6E456C656D656E743D227369642D39344530304238432D393437362D343541372D423841332D313644433838393141313646222069643D2242504D4E456467655F7369642D39344530304238432D393437362D343541372D423841332D313644433838393141313646223E0A20202020202020203C6F6D6764693A776179706F696E7420783D223437342E352220793D223238302E35223E3C2F6F6D6764693A776179706F696E743E0A20202020202020203C6F6D6764693A776179706F696E7420783D223437342E352220793D223231372E30223E3C2F6F6D6764693A776179706F696E743E0A2020202020203C2F62706D6E64693A42504D4E456467653E0A2020202020203C62706D6E64693A42504D4E456467652062706D6E456C656D656E743D227369642D39443144453739462D303745352D344443332D384634452D423034414236364235433945222069643D2242504D4E456467655F7369642D39443144453739462D303745352D344443332D384634452D423034414236364235433945223E0A20202020202020203C6F6D6764693A776179706F696E7420783D223531302E302220793D223436302E30223E3C2F6F6D6764693A776179706F696E743E0A20202020202020203C6F6D6764693A776179706F696E7420783D223332302E302220793D223436302E30223E3C2F6F6D6764693A776179706F696E743E0A20202020202020203C6F6D6764693A776179706F696E7420783D223332302E302220793D223334302E30223E3C2F6F6D6764693A776179706F696E743E0A2020202020203C2F62706D6E64693A42504D4E456467653E0A2020202020203C62706D6E64693A42504D4E456467652062706D6E456C656D656E743D227369642D42434433394441362D393530412D343035302D413330422D394133324438314231443432222069643D2242504D4E456467655F7369642D42434433394441362D393530412D343035302D413330422D394133324438314231443432223E0A20202020202020203C6F6D6764693A776179706F696E7420783D223439332E352220793D223330302E35223E3C2F6F6D6764693A776179706F696E743E0A20202020202020203C6F6D6764693A776179706F696E7420783D223534302E352220793D223330302E35223E3C2F6F6D6764693A776179706F696E743E0A2020202020203C2F62706D6E64693A42504D4E456467653E0A2020202020203C62706D6E64693A42504D4E456467652062706D6E456C656D656E743D227369642D45383142333433452D383636342D343833452D423344452D413841354642314641354141222069643D2242504D4E456467655F7369642D45383142333433452D383636342D343833452D423344452D413841354642314641354141223E0A20202020202020203C6F6D6764693A776179706F696E7420783D223736302E302220793D223330302E30223E3C2F6F6D6764693A776179706F696E743E0A20202020202020203C6F6D6764693A776179706F696E7420783D223835352E302220793D223330302E30223E3C2F6F6D6764693A776179706F696E743E0A2020202020203C2F62706D6E64693A42504D4E456467653E0A2020202020203C62706D6E64693A42504D4E456467652062706D6E456C656D656E743D227369642D43423934423231312D413739372D343236382D393436432D304139333031444139454643222069643D2242504D4E456467655F7369642D43423934423231312D413739372D343236382D393436432D304139333031444139454643223E0A20202020202020203C6F6D6764693A776179706F696E7420783D223331322E302220793D223131362E30223E3C2F6F6D6764693A776179706F696E743E0A20202020202020203C6F6D6764693A776179706F696E7420783D223334352E302220793D223131362E30223E3C2F6F6D6764693A776179706F696E743E0A2020202020203C2F62706D6E64693A42504D4E456467653E0A202020203C2F62706D6E64693A42504D4E506C616E653E0A20203C2F62706D6E64693A42504D4E4469616772616D3E0A3C2F646566696E6974696F6E733E, '0');
INSERT INTO `act_ge_bytearray` VALUES ('50013', '1', '.process.png', '50011', 0x89504E470D0A1A0A0000000D4948445200000404000002460806000000CC2757B2000039C64944415478DAEDDD0F705DD57D27708790846ED36D2633DBC9CE309D4CBB933F9BED66D8211D7627ED6ADA74175AD2B010E5F94A3216B6B1C0FC09D8906153A8297F0288524D9D348967A10EE0D4C45902894A30C8364246D88B711C6C5CC08E8C632C8C651C0106CB8E6CDFBDE7D54FF3FCA4273DFD79F27BF77D3E33676CEBE98F7D7CEE39BFFB7DE7DE3B6306000000000000000000000000000000000000000000000000000000000000000000000000000000000000000000000000000000000000000000000000000000000000000000000000000000000000000000000000000000000000000000000000000000000000000000000000000000000000000000000000000000000000000000000000000000000000000000000000000000000000000000000000000000000000000000000000000000000000000000000000637BEEB9E7FEDB82050B767CFAD39F1E4CFE186B9AA6699A56BC9D79E699873EF1894F2C4B7EFF6155040050D56140E2E8F9E79F1F6FDCB8311E1818880180910D0E0EC65BB76E8D2FBAE8A2E3BFF55BBFB55D28000054AD2BAEB8A227840100C0F8FCD99FFDD9FE6429BD4335010054A5709940D81900008CCFB66DDBDE4996D21DAA0900A05AB94C000026205C3E30E35FEF2B0000509D81000030310201004020000002010000814041A134EA6BA17DE8431F8A3FFBD9CFC69B376F565D0220100000A885402078E69967B2BF0FA10000080400002A241078ECB1C7E23FF8833F883FF0810FC4BFF11BBF11D7D5D5C5BB77EF1EF1A43FFFCFB9DFCF9F3F3FFB75679D7556DCD3D353F4EBC2F7CF7F2DFC9C3FFCC33FCC7EECE0C183F1E5975F9EFD3E6147C115575C317443C4D75F7F3DFE933FF993ECD77FFAD39F8E9F7FFEF9ECC7DF7EFBEDB8B9B939FBF9E1EBEAEBEBE3BEBEBE31FF4DA3BD0600020100A0660281DFFEEDDFCE163D7BF6ECC96EEB0FBFCF9DA89712088413ECD07227F9C5760884C020FFB5AEAEAEF8CD37DFCC7E2C8401E1632B57AE8C1F79E491ECEF432810FCC55FFC45F6CF21089891B7D360CE9C39D93F6FDDBA353C1E2AFBFBF3CE3B6FCC7FD368AF0180400000A89940E0F39FFFFCD03BF8E1E47BE9D2A5D977DF4B0D048E1D3B966D334EDC2F20FFB5D0DEFFFEF7C79FF9CC67E20D1B360CFBBA9CF075C5BE57EEB542B98FCF28B85FC158FFA6D15E0300810000503381403801EFECEC8CAFBDF6DAF8777FF777B305D0273FF9C9090502610BFE485F37428175D2C7C2D7157EAFDFFCCDDF2C2910C80F164AF9378DF61A00080400809A0904CE39E79CA12DF9610B7FF8FD99679E997DED777EE777B27F7EE59557E2279E7862C440E0A1871E8A1F7FFCF1ECEFC33BEE13090472DBFFF32F19B8EAAAABB2AFE52E1978EEB9E74EBA64A0A9A929FBE77FFCC77FCC5E36107EFFC77FFCC763FE9B467B0D0004020040CD0402E1A67D175D7451F65DFAB08D3E5C4FFFECB3CF665F5BBE7C79F69AFBF0DAA2458B460C04C2F5FFE1EBC289FAAE5DBB261408849B0A869B138677FD430B6140EEA682E15AFF70121F7E46B81960EEF185BFFAD5AFB24142EE4684E1FE01E1DF32D6BF69B4D70040200000D44C200000080400008100002010000004020020100000100800804000004020000002010000810000080400000402002010000010080080400000402000000201000081000008040000040200201000001008008040000040200000020100008100000804000004020020100000040200804000001008504976EFDE1DAF5FBF3E5EB3664DDCD1D1A14D735BBD7A75DCD5D515EFD8B1C36004040200804080E90B03D6AD5B17F7F5F5C5478E1CD14E51DBBF7F7FDCD9D9196FDFBEDDA004040200804080F20B3B03840195130A845D1A00020100402040D985135027E395D3C2250400020100402040D985135027E2020140200000201010088CD8DE7D6B6FBC73E3B278DBEA5BB22DFC3E7CCC49BC4000100800000804521A081CECEF8D5F7CE2A6F885C7AE3FA9858F85D79CC80B04008100008040208581C06BDB7E322C0CC8B53DDBDA9DC80B04008100008040208D81C04B4FDD55341008AF39911708000201000081400A0381173B6E2E1A0884D79CC80B040081000080404020A00904008100008040200D814078AA40B14020BCE6445E2000080400000402290C0476747FAB6820105E73222F1000040200000281140602077AB7C42F3EB978F8E502C9C7C26B4EE4050280400000402090C24020B4579F7F605820103EE6245E2000080400000402690D040E1F8E773CFB9DE1970B241F0BAF3991170800020100008140CA028183FDBDF1F6EE6F16BD8740782D7C8E93798100201000001008A42110387C38DEBB636DBC75D5D78B8601B9163E277CAEDD020201402000002010A8E24060AC5D01760B08040081000080402085814029BB0246DB2DE0C45E20309D76EDDAA513100800000804988A4060A26140AE39B117084C975B6FBD357BB2147E058100008040804906029A40A01ADC75D75DF1FBDEF7BEF8ACB3CECAFEFAD77FFDD73A05810000804000818040A016C2805C081076089C76DA694201040200000201040202815A0903C6FA3808040000040208040402552EEC0418EDA43FF7BA7B0A2010000010084CA9DDBB77C72B56ACC8BE1379F5D557C7CDCDCDF1CC9933E3A6A6A678C18205F14D37DD147FF7BBDF8D77EEDC2910D00402650A03C63AD9B753E0643D3D3D715B5B5B768E0A73551445D9792BB4C6C6C6F8B2CB2E8B5B5B5BB39F8740000040205060D5AA55D993906BAEB9265EBA7469BC61C386B8B7B7371E1818C8BE1E7EEDEBEB8B376DDA14DF7FFFFDF157BFFAD578D1A245F1B265CB04029A40600AE44EF24B7DE77FBC9F9F4621BC9C376FDE4901C0586DEEDCB9F17DF7DD67C0090400000402E11DB3DB6EBB2DBEFEFAEBB327FB478F1E2DF96B7FFEF39FC737DC70437CC51557C45BB66C1108680281498601E37DC7BF564381975F7E399E3F7F7EC921C048ED924B2EA9E8794B200000201028AB9FFEF4A7D9ADB4EDEDEDE30A0246DA5D10DE75ABD4DD02020181401AC3805ABD7C20CC33E13280FC93FBF0E73BEEB8235EBB766DF6B2A777DE7927FBB9EFBDF75E76A753777777F6928259B3669DF475616781DD02020100809A0B04BABABAE2ABAEBA2ADEBE7DFB947CBF5DBB7665C385707F018180261028CD5837109CEEEF53E956AE5C39ECFE00CB972FCF5ECE548AFEFEFEECE717060ADFFEF6B70D46810000406D040261674008034A2DA24B15BE5FD8C65B69EFB809040402951C064CD576FFB4EF14083B03F2C380850B176677034C44F8BA7099547E2860A78040000020F58140B8674078277FAA76068CB453E0E28B2F8E376FDE2C10D00402639CBCE7C28063C78E656F8E177E1D8FC2AF4BEB3D05C23D03F2DFD55FBC78F1D0650113152E27B8FDF6DB4FBA7CA092E62D810000804060CADD72CB2DD97B06947B0742B8A780404013088CFD4E7E3899FFC4273E913D210ABF961A0A14FBBA348602975E7AE9493B03261B06E48702F93B05C28D0611080000A432100837FF0BC5EFAF7FFDEBB2FFACF0E4814AD9822B101008546A18108477F84F9C0C951C0AE48701B9162ED729BC1C210D970F84470BE6DF3360A297098C76F940FEEE03970E08040000521908849384F068C1E9F0C20B2F54CC2E01818040A0528EBF914ED2473AB91F2D1428F5F3D3724F811098E44ED6C30D01CB1D3AD82520100000485D2010DE050B37129CCCE305C72B0402E1DADF729E283CF9E493020181C0B49E9C9632E68A8501C5B6F1977A923FDEF0A0922F1F28A52FC33D4F7237120CEFE21F3870A02C7F97F0F481FC47129673DE4220000008044EC9B6DB7BEFBD775A7FE637BFF9CDB8B5B5B56CDF3F57BC87138B356BD6080404026557EA989BC849F95827FBE30D03F27FFE69A79D56713B054AE9CBB6B6B6A1CF2BE75C32DD3F0B81000020109856E1A460C3860DD3FA33D7AF5F1FB7B4B494FD8422D7C28DC7467AC75120201098EE3137D16DFBC54EFA0707072714068C75B942A5F7E582050B865EEFECEC2CEBDFA7BBBB7BE8679573DE422000000804A6DDD5575F1DEFDDBB775A7FE61B6FBC113734344CDB0945FE3B8EF92716020181C0748FB9898401A385021FFCE007271C064CF6EF732AFBB2A9A969E8E3537D33C142BDBDBD433FAB9CF316020100402030ED9A9B9BE381818169FD99E1E785E27ABA4F28F2DF710C5B9105020281E91E73937D477EA450603261C0782F5FA894BECCFFF3543D6AB098F008C2FC9F87400000203581C0A92A70C72AFAA7A309042AAB55C2982867BBF0C20BB32737679D75D6A48E9D709940E1CE80F0E7F0F1C9087FAF6AECD7E99EAF10080000A42610983D7BF6B4EF103874E8D029D92110FEAD2B57AECC9E7CBA64C00E815331E6C67AAA801D02A5F565EE090376080804000004029370E595574EFB3D04C2CF9BCE7B08149E94E5943B1018E9A42DB4B4BC2E1018FF98CB3FF9760F8189F7A57B0808040000040253E0E69B6F9EF6A70C3CF5D453D3F29481707F84F058C5914ECAA62B1018ED63D5FEBA4060FC636EA2EFC8D7E2530646EB4B4F19100800000804A6C0BDF7DE9B6DD3293CCBBB9CCFF31EEDDD59818040E0548EB989BC335F2C0CC89DF48FF57A310F3CF0407CDA69A7555418506A5FB6B5B50D9DA497732E99EE9F8540000010084CAB9D3B77662F1B387AF4E8B4FDCC59B366C52FBFFCF229FFB70B040402A7DA58EFD0977AB23FDE50201746DC70C30D55D96F3D3D3D4327E98D8D8DF1810307CAF273FAFBFB4FBA3CA112E62D8100008040604A5D77DD75F1A64D9BA6E567757575C5975C724945FCBB050202814A506CA7C0784FF24BFDFC6A0F0372E6CD9B3774A2BE7CF9F2B2FC8C70C942EE6754CABC2510000010084CA91FFCE007F1A2458BA665974028AAEFBBEF3E818040402050B053A070FB7E38E19D31CECB00460A05E6CF9F5FF28E846A927FB21E76094CF5CD05C3F70BDF37F7332A65DE120800000804A65CB86CA0BDBDBDAC3F23DCAB200402E3B9CE5A202010A8B5CB0772371ACC3FB91FCF8D028B7D5D253D5A70AACC9D3B77E8847DE1C28553F608C2F0A8C11092E6EF0EA894794B20000020109872E1DAD83973E6C4DBB76F2FCBF7FF977FF997EC23BB366FDE5C31FF668F1DF4D8C14ABF7C209CCC8777F8C7FB28C1C2AF2B0C1BD222CC5B51140D9DB82F5EBC78D2A14008036EBBEDB6A1EF19BE7F25CD5B020100008140597CEF7BDFCB3E56ABAFAF6F4ABF6F788E77B83157A56DB92D7720A00904A6221428C7E50869B26CD9B2A193F7DC4E81895E3E10BE2E7F67804B0504020000351308044B972ECDBEB338553B05C2CE8010067CE31BDFA8B87FAB40402090F65060AAC3854A9EB7F24FE2C3B5FFE14683E12901A5089F17EE49907FCF80D02A71DE120800000804CAFE8E5B7834E0A38F3E3AA91B0D8677D6C26502A158AF4402018140259BEC36FFB45E2650EA4E815C30D0DADA1A77767666DFFDCF5D4E102E0B083B97BABBBBE3254B96C4B367CF3EE9EBC26502953A6F0904000004026517AECD0D3B052EBFFCF2715F3FBB6EDDBAECFD08C28DB82AF9DA5B818040A05A4281F1BEC39FC61B08963A6FE53F8E7022ADD2E72D810000804060DA3CF8E083D9602014C97FFBB77F9B7D476DCF9E3DF1C0C040F6F543870EC57BF7EE8DBBBABAB2EFC4859D05E173C3BB6B957E576E818040208D970FD4CA650263CD5BE30D06AA65DE120800000804A65D4F4F4F7CCF3DF7C40B162C18769D6DB82C20DC8C300402E11DBA6A21101008A42D1478E08107B29F77C30D37E8B494CE5B020100008100020181408D5E3E50EC3280DCD30484010804000004020804040235B253C065020804000004020804040235160A0803100800000804100808046A2C1438EBACB3840108040000040208040402B524DC3320DC1CAFD61E2D8840000040208040402050F3422000020100008100020181804000040200000201040202018100080400000402080404020201100800000804100808040402201000001008080434818040000402000002018180261010088040000040202010D00402020110080000080404029A404020000201000081804040130808044020000020101008680201810008040000547302014D2020100081000020104020A00904040220100000040208043481804000040200804000818040008100080400008100020181000201040200000201A6DA9A356B9C880B040402201000001008D49A75EBD6C57D7D7D4EC62BA0BDF1C61BD98006810008040000810065D7D3D313777676C6FBF6ED73525E0161C0F6EDDB0D4A8100080400008100D3170AAC5DBB36BB5D5D3B354D18201000810000201000100880400000100800080410080000080400040208040000040280404020804000004020000804402000002010000402201000001008000201100800000804008100080400000402804000040200000201402000020100008100201000810000804000100880400000402000080440200000201000CAA3A5A5251B008CD666CF9EADA31008000008048034E9EAEA1A331058B972A58E42200000201000D2E6D24B2F2D1A06343737C7478E1CD149080400000402402DED1258B162850E42200000201000D26AA47B09847B07D81D80400000402000D4D82E01F70E402000002010006AC065975D667700020100008100506BD6AC59331408FCE8473FD22108040000040240ADC8DD4BC0EE0004020000020120C57A7A7AE2B6B6B678C18205715353D349F710686C6CCC5E46D0DADA9AFD3C100800000804802A171E27386FDEBC388AA2A28F1C2C6C73E7CE8DEFBBEF3E9D87400000402000549B975F7E399E3F7F7EC921C048ED924B2E89B76CD9A233110800000804806AB06CD9B2EC6500859705DC71C71DF1DAB56BE3DDBB77C7EFBCF34EF673DF7BEFBDB8B7B737EEEEEECE5E52306BD6AC93BE2EEC2CB05B00810000804000A8702B57AE3CE9F28010042C5FBE3CEEEBEB2BE9EBFBFBFBB39F5F18287CFBDBDFD6B908040000040240A5EE0CC80F03162E5C98DD0D3011E1EBAEBFFEFA9342013B05100800000804800A13EE1990FFAEFEE2C58B872E0B98A87039C1EDB7DF7ED2E5039B376FD6D908040000040240A5B8F4D24B4FDA1930D930203F14C8DF29106E34080201000081005001C2A305F3EF1930D1CB048A09DF2F7FF7814B07100800000804800A306FDEBCA193F57043C072870E760920100000100800A7584F4FCFD08D04C3BBF8070E1C28CBCF094F1FC87F2461B86701080400000402C029D2D6D6367492DEDADA9A9A9F05020100402000308A050B160C9DA477767696F5677577770FFDAC9696169D8F4000004020009C2A4D4D4D4327E9537D33C142BDBDBD433FABA1A141E723100000100800A74AEEFE01A14DD5A3068B098F20CCFDACD0402000002010004E91E93E411708201000001008007608804000004020009C0AEE2100020100402000D4204F19008100002010006A505B5BDBD0497A6B6B6B6A7E16080400008100C0287A7A7A864ED21B1B1BE303070E94E5E7F4F7F79F7479C2CB2FBFACF3110800000804805369DEBC794327EACB972F2FCBCF58B162C5D0CFB8E4924B743A02010000810070AAE59FAC875D02537D73C1F0FDC2F7CDFD8CFBEEBB4FA7231000001008009560EEDCB94327EC0B172E9CB2471086470D2E5AB4E8A4DD01478E1CD1E1080400000402402508D7F447513474E2BE78F1E2498702210CB8EDB6DB86BE67F8FE9B376FD6D9080400000402402559B66CD9D0C97B6EA7C0442F1F085F97BF33C0A50208040000040240055BBA74E94927F1E1DAFF70A3C1F094805284CF0BF724C8BF674068DFF8C637742E020100008100504D3B0572C1406B6B6BDCD9D9997DF73F773941B82CA0B7B737EEEEEE8E972C5912CF9E3DFBA4AF0B9709849001040200000201A00A847B0AE43F8E70222DDC40D03D03100800000804802AF4E0830F8E3B18084140D815E069020804000004024095EBE9E989EFB9E79E78C18205C3EE0FD0D0D010B7B4B4642F29083B0B402000002010000081000080400000040200000201001008000094271018181850D101C0380D0E0EF60B040080AAF57BBFF77B07376EDCA8AA038071DAB469D3F3C952BA4335010054A54F7DEA53DF3DEFBCF30695750030BE0D021FFBD8C7D6244BE91DAA0900A05A7D38B1ED8FFEE88FF66FD8B0A17F705036004CDC9123477402E94E010607FBC3CE801361C04B611D554A0000551D0A24EDE613854DAC699A3691F6FEF7BF3FFED297BE149F71C619FA434B7B0B9709DC2D0C000000CA62E6CC99ED498BEBEAEA4EAF96BF732693694BFECE7FE77F0F0000002676627D4E72623D180281288ACEAD96BF777D7DFDC792BFF381F0ABFF45000000187F20F04808034EB48D55F677B74B00000000C62B39993E3BB73B20D79293ECF3ABE5EF6F97000000004C2C1068CF0F0372BB04DC4B00000000D21B060CDB1D906B51145D502DFF0EBB04000000607C81C0E323850127DAFA6AFAB7D82500000000A58501457707B89700000000A43710681F2D0CF0C401000000A89D9020AEE6BFBF5D02000000508381406097000000008C531A0201BB04000000A0060381C02E010000001887B404027609000000400D0602815D0200000050A23405027609000000400D0602815D020000005082B405027609000000400D0602815D0200000030863406027609000000400D0602815D02000000308AB406027609000000400D0602815D0200000050449A0301BB04000000A0060381C02E010000001841DA0301BB04000000A0060381C02E0100000028500B81805D0200000050838140609700000000E4A99540C02E01000000A8C14020B04B000000004EA8A540C02E01000000A8C14020B04B0000000066D45E20609700000000D4602010D82500000040CDABC540C02E01000000040235180804760900000050D36A3510B04B0000000081408DB24B000000809A55CB81805D0200000008046A945D02000000D4A45A0F04EC120000801489E3F8F49D3B77FE70C3860DC7D6AC591377747468D3DC56AF5E1D777575BD99B42623522050E9EC12B02E68D60500202542D1B76EDDBAB8AFAF2F3E72E488768ADAFEFDFBE3A79F7EFAEDA408FCB2512910A8647609581734EB02009012E11D20455FC5147F473A3A3A5E322A050295CE2E01EB82665D000052206C075574554E4B0ABF41A3522050E9EC12B02E68D605002005C2B58A0AAE8A2AFC9C700A04AA825D02D605CDBA0000D448E1F7EE5B7BE39D1B97C5DB56DF926DE1F7E1638A35859F40A036D925605DB02E581700801A28FC0EF6F7C62F3E7153FCC263D79FD4C2C7C26B0A36859F40A036D925605DB02E5817008094177EAF6DFBC9B0A22FD7F66C6B57B029FC040235CA2E01EB8275C1BA0000A4BCF07BE9A9BB8A167EE135059BC24F2050BBEC12B02E5817AC0B00408A0BBF173B6E2E5AF885D7146C0A3F8140EDB24BC0BA605DB02E00000A3F4DE12710A85176095817AC0BD6050020A5855FB87B74B1C22FBCA66053F809046A9B5D02D605EB827501004869E1B7A3FB5B450BBFF09A824DE12710C02E01EB8275C1BA0000A4B0F03BD0BB257EF1C9C5C3B785261F0BAF29D8147E0201EC12B02E5817AC0B00400A0BBFD05E7DFE8161855FF898624DE1271020C72E01EB8275C1BA0000A4ADF03B7C38DEF1EC77866F0B4D3E165E53B029FC040204C57609D4D5D59DAE77AC0B9A750100A8B2C2EF607F6FBCBDFB9B45AF150DAF85CF51B429FC04020485BB04923F277F9CB943CF581734EB0200502D85DFE1C3F1DE1D6BE3ADABBE5EB4E8CBB5F039E173BD2BA4F013081076076432990351147D2DE9AF97429FE937EB82665D0000AAA4F01BEBDD1FEF0A29FC04028CA4B9B9F98CA48F2E8BA2A83F17040804AC0BD605EB02005045855F29EFFE8CF6AE90024EE12710A8C920E0BAA4ED2F0C024A0C043EA217AD0B9A75A10698EB00A8FCC26FA2455FAE29E0147E2975EE8913DB7375C5B0A0E4C6624140098140E84FFD6A5DD0AC0BA95F43CC75005445E1A729FC18E60B49EB4F5ADB895FCFD725273B71F3C081710602FAD5BAA05917AC2100A0F0D3147E155FC8E50AB8F0EECE7E05DD7051147D2A39F9DF586220A05FAD0B9A75C11A02000A3F4DE1573585DC581FAF7927EE27F09D310201FD6A5DD0AC0BD610731D000A3F4DE157B1CE1DA360CBBDEE7AD011844B0892D63F4220A05FAD0B9A75C11A62AE03F857711C9FB165CB9696FBEFBFFFE93BEFBCF3EDABAFBE7AB0B9B9395B403635351DBFFCF2CB8FFCD55FFDD5CEBBEEBA6B79D23EA9C7147E0A3FA6B1901BAB50F32ECFE8A1C07F4AE6F217C37C5E5F5FFF31FD6A5DD0AC0BD610735DAD686C6C3C335907AF4CD6C01F266D47D20E9E08C9C3FD765E4D5E7B243CA1277C9EDEA2668380871F7EF8815B6FBD75F09A6BAE89972E5D1A6FD8B021EEEDED8D070606E220FCDAD7D7176FDAB429BEFFFEFBE3AF7EF5ABC7AFBDF6DA5DF3E7CF9FA707157E0A3FCAE40B33C6F7AECD783FBFA6D4D5D59D9E143DDB3EF7B9CFFD5FFD6A5DD0AC0BD610735DDA45517441D23A927664AC27F0E4B5A792CF6FD27BD48CE4C47FCE6DB7DD76F8FAEBAFCF9EEC1F3D7A342ED5CF7FFEF3F8861B6E38DAD2D2F2527D7DFD7FD09B0A3F851F6528E4CE9FC0D71D54D08DECA31FFDE8573EF0810F1CFBE0073F78A17EB52E68D6056B88B92E8D9293FA8F2727F5ABC611028CD4D639BF21D592F3F9D37FFCE31FAFBDECB2CBE2F6F6F67105018556AD5A15CF9933E790DD020A3F851FA7B8909BAAAF4F75BF4E200CD0AFD605CDBA600DA12A84FBE6343434FC2AFFE4BEB1B131BEE38E3BE2B56BD7C6BB77EF8EDF79E79DEC39CC7BEFBD97DD11DDDDDD1DB7B5B5C5B366CD2A0C050EDA2D406AC380CECECEE7AEBAEAAA78FBF6EDF154D8B56B577CD965971D9A376FDE157A58E1A7F06312C6BAF9D3747F1FFDAA5FAD0B9A75C15C47758401E72727F047F38380E5CB97672F7B2E457F7F7FF6F3C3D7E50703C9F7F4A627E91276068430A0D483A354E1FBCD9F3F5F92A6F053F831D9026CAAB66A7A9747BF5A1734EB82B9CE5C571B61C0CCFC3060E1C285D9DD001311BE2E5C4E5D100A38BF211DC23D03C2650253B53360A49D02175F7C717F72D07C4A6F2BFC147E4CA0F0CA1572EF4BDAEC13BF8E47E1D7D5FA4DA2F4AB7541B32E98EBCC75A916EE19907F99C0E2C58B872E0B98A87039C1EDB7DF5E78F980F31BAA5B789AC02DB7DC7224DC33A09C1E7BECB1438D8D8DEBF5B8C24FE1C7380BB9F3F30AB2FBC2B475E2D7520BBA625F57AB059D7EB52E68D605739DB92EF51A1A1A56E7EF0C986C18901F0A14EC1458A7B7A96A8F3CF2C8F7C3A0FEF5AF7F1D97DB82050BDEB0B546E1A7F06302855C30FB4441168FA3A0CB2FE472EDE2BCD76BED7A50FD6A5DD0AC0BE63A735DEA85470BE6DF3360A297098C76F940FE3D059CDF50B5C2EE805B6FBD75303C5A703ABCF0C20B47EC1250F829FC1843B1026BA4C26CB4826EA4CFBF7784CFAF95EB41F5AB7541B32E5843CC75B5120874E44ED6C30D01CB61C58A15760950FDB66CD9D2126E243899C70B8ED79C3973DE08D7F498A8A28EA47D5EE1A7F0ABE5F13D4A2177EE380AB4910ABA520BB9C282EE5CFD5A7BFD6A5DD0AC0BE63A735D7AC6466363E399B91B098677F10F1C385096739AF0F4818247127EDCFF1055E7FEFBEF7FFADE7BEF8DA7535B5BDBCF9303E6BA5AEFFBBC2D461D994CE61C859FC2AF16C7F7040BAAB10ABAF11672F93F7FFF8C0A7E9747BF3A6EAC0BD605C782B9CED8187D6C241FBF32F779ADADADE53EAFC90F04AEF33F44D5B9F3CE3BDFDEB061C3B40602CF3EFBECAEE4806937A1CD8C0BDAE323259E0A3F855F9AC7F708855CA98554B182EEB409167239157D3DA87E75DC5817AC0B8E05739DB131FAD8483EF6C3DCEB9D9D9D653DAFE9EEEECEFFBBB4FB1FA2EA5C7DF5D5837BF7EE9DD640E08D37DEE84B0E98D74C68C326B4A1C4337F6253F829FCD23CBE2758C88D56D0BD3289426EB27F1FFD5AA5FD6A5DD0AC0BE63A735D7AC646F2E71DB98F4FF5CD040BF5F6F6E6FF3D5EF33F44D5696E6E8E070606A63510083F2F3960064C68234F68F98967D80AA5F053F8A5797CCF98FCBB292315749329E40A0BBA73F56BFAFBD5BAA05917AC21E6BAF48C8DA41DCAFD79AA1E3538DA2308F37EF680FF21AAF2A03A154A3898B5134DE15759CD989CBA76E18517E68AAEB6494E65A78DF0AECE2B273E3E196DFA55BF5A1734EB82B9CE5C57BD6DBACF6B9C5D527566CF9E7D7CBA77081C3A74E80D09DAA809E7C64C26737E5D5DDDE9E1F3147EDE094AF3F89E31F61DA127F3EE4E29CF984ECB0E01FD6A5DD0AC0BD610739DB1918C8DE4F707ED1080125D75D55547A6FB1E02AFBFFEFA2BAEB11971422B5CE4665442E1576491AC98D7157ED53DBEF30AA78333CA73FDE7440ABA6ABA87807EB52E9CF2566BEB8075C15C67AEABECB1E11E02300E37DD74D38EE97ECAC0134F3CF15377E13C69425B1F45D1054516B98A080446FBD8A97E5DE157DDE37B8402AAD477538A3D166AA43B448FA7A0AB96A70CE857EB42450502B5B40E5817CC75E6BACA1E1B9E3200E370F7DD77DF9B98D64060F1E2C58F794E6776B21A2DED160808046A627C1729E8C62AA4C67A46F458CF982EE6EC1915FE0C69FDEAB8110808041C0BE63A6363F4B191BC7E65EE24BDB5B5B5ACE7356D6D6DF981C075FE87A83A37DE78E3EF5F79E595C78E1E3D3A6D0F19686868E8490E988FEBFDD2080404023566AC7757C62AE4664CB0A0CB6D39BD40BFEA57EB8240C0BA60AE33D755AFC6C6C63393738DC170929EFC3E3E70E040594E6AFAFBFBE3A6A6A6E3798180F31BAAD3C2850B7FB169D3A6E9BA5C607972B0ACD3EB02018100A328F62E4FA985DC780BBADCCFBB40BFEA57EB8240C0BA60AE33D755BF288A3A7227EACB972F2FCB79CD8A152BF2770738BFA17ACD9D3BB77ED1A24583D3B04BA0BFA1A1E167C901DAA4D705020201C610DEE529DC7A397BC6F89F113D52417771C1CFA9A5EB3DF5AB754120605D30D799EB6A2110B82077B21E76094CF5CD05C3F74BCE6B86760738BFA1EAB5B4B46C696F6F2F6B1A10EE5710D2B3715E0FA6F0130808046ABBA0CBBF49547E61564A2137638CAFABD5C742E957EB8240C0BA60AE33D7A55E72DEF154EE847DE1C28553F608C2F0A8C1458B161DCDDF1DE0FC86341C301F9F3367CEA1EDDBB797250CD8B265CB8F939FB1378AA24FE9EDEA0B046678ECA0C2EFD429DCFA190AB18B678CFF3150855F37D96757EB57FD2A10F0D841EB82B9CE5C57E1E73749DB9F3B715FBC78F1A443811006DC7EFBEDF9F70D38E8FC86D4686A6A6A6C696979AFAFAF6F4AC3803D7BF63CD3D0D0F04B5B69D251F8D57A53F85544413759236D25D5AFFAD5BAA05917CC75E6BA94C9643233733718CCED1498E8E503E1EB0A7606B85480F4696C6C9C337FFEFC8353B55320EC0C0861407230DEA077157E0A3F2AA0A09BEAC250BFEA57EB8275C1BA60AEA3822527EECDF9A140B8A740B8D160784A40A94F13083710CCBF674068CE6F487592D6D4D4F4F6A38F3EFAEE246E34D87FCF3DF72C0B9709848350AF2AFC147E4C81C96ED1B4C553BF5A1734EB82B9CE5C57A3E73749EBCF3FA10FC1406B6B6BDCD9D9997DF73F773941B82CA0B7B737EEEEEE8E972C5912CF9E3DFB58FED785CB049CDF500B49DAC71B1A1AD6B4B4B4BCF1B39FFDECD038828081279F7C72455353D3C670830DD7D428FC147E94A9A01BEFBB336EFEA45FAD0B9A7501735D8D9FDFE43F8E7082CDF90D3577E07C390403CDCDCD7D77DE79E7B6679E79E697BDBDBD7B070606B267FF870E1D7AE3F5D75F7F65F5EAD5FF7CF3CD373FDED8D8B8331C28213573B74D859FC28F3219EF964D5B3CF5AB7541B32E60AE63E8FCE6443030389E20C0F90D352D39D13F333970AE490E841F26EDD5A40D9C3838C2AFAF25AD3D69D785E44D6F29FC147E5450417776D20E26ED025DA65FAD0B9A7501731DC5CE6F92DF1F737E0328FC34855FF538F744A176EE28AFEF57C8E957EB82665DC05CC7683299CC39B91D035114B9340450F8690ABF2A51EC5D1E5B3CF5AB7541B32E60AEA3D440E091BCCB0336EA1140E1A729FCAAB7A053C8E957EB82665DC05C474966CE9C7976E1FD0432998CFF7F40E1A729FCAAB0A06B53C8E957EB82665DC05CC7380281F6116E22B8D10D0401859FA6F0AB2EE19ABF7886C7424D79BF86E248BF5A1734EB82B98E14860167177BDA401445EE1F0128FC34855F95F9882E284BC164DC5B1734EB82B98E34FE9F3F3ECAA306D7EB2140E1A729FC50302992AD0B9A75C15C47FAFEBF8BEE0E702F0140E1A729FC40916C5DD0AC0BE63AD2FBFFDD3E5A18E0890380C24F53F88122D9BAA05917CC751803000A3F4DE1870209EB82665D30D7610C0028FC147EA040C2BA605DB02E98EB300600147E0A3F5020615DB02E60AEC3180050F829FC40818475C1BA80B90E630040E1A7F0030512D605EB02E63A8C0100859FC20F14485817AC0B98EB300600147E0A3F5020615DB02E60AEC3180050F829FC40818475C1BA80B90E630050F829FC147EA040C2BA605DC05C87310028FC34851F2890AC0BE663EB02E63A8C0140E1A729FC4081645DD0AC0B98EB300600859FA6F00305927541B32E60AEC31800D260CD9A350AAECA690349E1376854A240C2BAA05917CC7518030065D7D5D5B5B7AFAF4FD15501ADB7B7F7A1A4F07BC9A84481847541B32E98EB300600CA6EEDDAB55FEAECEC7C6BDFBE7D87145FA7EE1DA050F4AD5EBDFA9749FBB251890209EB8275C1BA60AEC31800981649B1717E4747C7C6B02D315CAB586D6DC58A15719860ABF1EF7EA2857E7F49D1870209EB82665D30D7610C0030BEC9B53D4CB0757575A7EB0D50200198EB3006006A4026933927995C07C3041B45D1B97A04144800E63A8C0180DA08041E0993EB89B6518F800209C05C87310090FE49F5ECDCEE805CCB6432E7EB1950200198EB300600D23DA9B6E78701B95D02EE25000A2400731DC600407A27D461BB03722D8AA20BF410289000CC75180300E99C501F1F290C38D1D6EB2150200198EB300600D2379916DD1DE05E02A0400230D7610C00A477326D1F2D0CF0C40150200198EB3006004CB080E317C05C8731006082051CBF00E63A8C0100132CE0F80530D7610C00986001C72F80B90E6300C0040B387E01CC751803002658C0F10B60AEC3180030C1028E5F00731DC60080091670FC0298EB3006004CB080E317C05C8731006082051CBF80B90E630000132CE0F805CC751803009860C1F10B60AEC31800C0040B8E5F00731DC60000265870FC0298EB30060030C182E317C05C8731008009161CBF00E63A8C0100132CE0F80530D7610C00986001C72F80B90E6300C0040B387E01CC751803002658C0F10B60AEC3180030C1028E5F00731DC60080091670FC0298EB3006004CB080E317C05C8731006082051CBF00E63A8C0100132CE0F80530D7610C00986001C72F80B90E6300C0040B387E01739DB9CE183006004CB080E31730D7610C00608205C7AFE31730D7610C00608205C72F80B90E630000132C387E01CC751803009860C1F10B60AEC31800C0040B8E5F00731DC60080091670FC0298EB3006004CB080E317C05C8731006082051CBF00E63A8C0100132CE0F80530D7610C00986001C72F80B90E6300C0040B387E01CC751803002658C0F10B60AEC3180030C1028E5F00731DC60080091670FC0298EB3006004CB080E317C05C8731006082051CBF00E63A8C0100132CE0F805CC75180300986001C72F60AEC31800C0040B8E5F00731DC60000265870FC0298EB30060030C182E317C05C8731008009161CBF00E63A8C010013AC09161CBF00E63A8C0100132CE0F80530D7610C00986001C72F80B90E6300C0040B387E01CC751803002658C0F10B60AEC3180030C1028E5F00731DC60080091670FC0298EB3006004CB080E317C05C8731006082051CBF00E63A8C0100132CE0F80530D7610C00986081C263B53D1CAF63B48D7A0A50AB600C00608285741DAB67276D70B4402093C99CAFA700B50AC60000265848DFF1FAF82881C0FABABABAD3F512A056C11800C0040BE93B5ECF2E1608445174811E02D42A180300986021BDC7EC48F712D8687700A056C11800C0040BE93E6687DD4BC0BD0300B50AC600002658A801994CE611BB0300B50AC600002658A8BD40E09CBC7B079CAB4700B50AC600002658A89D63377B2F01BB0300B50AC600002658A8AD63F76CC72FA056C11800C0040BE310C7F1E93B77EEFCE1860D1B8EAD59B326EEE8E8D0A6B9AD5EBD3AEEEAEA7A33694D4624A056C1180030C1C2B40861C0BA75EBE2BEBEBEF8C89123DA296AFBF7EF8F9F7EFAE9B757AF5EFD65A31250AB600C009860A1ECC2CE006140C58402473A3A3A5E322A01B50AC600800916CA2E5C26E064BC725A4747C7A05109A8553006004CB05076E11A7627E2151508988700B50AC6008009162A271078F7ADBDF1CE8DCBE26DAB6FC9B6F0FBF03127F1020140AD82310060828594060207FB7BE3179FB8297EE1B1EB4F6AE163E13527F2020140AD823100608285140602AF6DFBC9B03020D7F66C6B77222F1000D42A1803002658486320F0D25377150D04C26B4EE40502805A056300C0040B290C045EECB8B96820105E73222F1000D42A1803002658100868020140AD823100608285340402E1A902C50281F09A13798100A056C1180030C1420A03811DDDDF2A1A0884D79CC80B0400B50AC6008009165218081CE8DD12BFF8E4E2E1970B241F0BAF39911708006A158C0100132CA4301008EDD5E71F181608848F39891708006A158C0100132CA43510387C38DEF1EC77865F2E907C2CBCE6445E2000A8553006004CB090B240E0607F6FBCBDFB9B45EF21105E0B9FE3645E2000A8553006004CB0908640E0F0E178EF8EB5F1D6555F2F1A06E45AF89CF0B9760B080400B50AC600800916AA3810186B5780DD02020140AD823100608285140602A5EC0A186DB780137B8100A056C1180030C142150602130D0372CD89BD400050AB600C009860A10A03014D2000A8553006004CB02010D00402805A056300C0040B02014D2000A8553006004CB02010D00402805A056300C0040B02014D2000A8553006004CB02010D00402805A056300C0040B02014D2000A8553006004CB02010D00402805A056300C0040B02014D2000A8553006004CB02010100800A8553006004CB02010100800A8553006004CB020101008006A158C01004CB020101008006A158C01004CB090A7AEAEEE748180400050AB600C006082A546C471FCB13D7BF6ACEFEEEE8E6FBCF1C645C582018140750502C93C7576269379C40807B50AC6000026581866F7EEDD370D0C0C0CC6271C3E7CF8D70F3DF4D08E2BAEB8E2330281EA0C04421090B4F6A40D9AAB40AD8231008009164EF2EEBBEF7E76DFBE7DBBE2225E7DF5D5813BEFBCF3BBCDCDCD670804AA2310280C0272CD6807B50AC6000026580897079CF1DA6BAF3D78ECD8B1E3F1188E1F3F7E6CD5AA556F5E7BEDB55F1408546E2090C964CE099706140601020150ABE80563402F009860216BDFBE7D17BDF5D65B6FC7E3D4DFDF7FF83BDFF9CE9AF6F67627E21516088CB423402000A855300600CA3CC16A5AB5B5254B968493FB78028140F66BC3F7E8EDED75325E598180A6699A401081000030BAC6C6C633E7CF9FFFCFCF3EFBECDEE3C78F1F2D250C78EBADB7FEA9A5A5E5A9B0253DE144BC022F19F8CA57BEF285A4E85BEF84000081000030AA288A2EF89BBFF99BD7FAFBFBFB46B97FC08B4B972EFD3F4931B1237C7EF8BA6ABB8740F2571EB195FA7AB5DD5430F97F3A37F9FF5A2710004020000014555F5FFFE1C6C6C6BF7FF8E187FB8E1D3B76282F0B18F8C52F7EF1DDE4B51733994C5B7373F347725F538D81C0681F1BEBF56A7DECE0891D03EB0402000201BD00008C562C9C7DEDB5D76ED9B97367EFA143879EFEFAD7BFFE8313DBCFCF2EFC5C81407504023927760CAC37CA010402000023AAABAB3B3D3979BC26140EE1D7F0E7913E4F20505D8100000201BD0000941C0C8CF6BA4040200080400000A8410201810000020100402020101008002010000004021E3B281000402000000804348100000201004020A00904001008000002014D2000804000001008680201000402008040401308002010000004029A4000008100002010D004020008040000818040000004020080404020000002010040202010004020000020101008002010000010080804001008000008040402000804000004020201000402000002018100000201004020A00904001008000002014D2000804000001008680201000402008040401308002010000004029A4000008100002010D0040200080400008180261000402000000804348100000201004020A009040010080000020181000008040000818040000004020080404020008040000060F2D6AC59E344BC72DA404747C7A051098040000028BBAEAEAEBD7D7D7D4EC62BA0F5F6F63ED4D1D1F19251098040000028BBB56BD77EA9B3B3F3AD7DFBF61DAAE693E937DF7CB3AA7706843060F5EAD5BF4CDA978D4A00040200C0B4484E42CFEFE8E8D818B6AB876BD8ABAD3DF7DC73F192254BE2471F7D34AEC6BFFF897E7F49180080400000A044711C9FF1AB5FFDAA3F115F7AE9A51BEAEAEA4ED72B000804000052EEB5D75E7B303E61D3A64D2F2585D2CD7A0500810000408ABDF5D65BBF7FECD8B1E3719EBBEFBE7B7726933947EF002010000048A9575E79E5677181A3478FBEB960C1829DCDCDCD1FD143000804000052E685175EB8B8707740CEF6EDDB9F4F0AA607F512000201008014093712DCBF7FFFBBF128EEBEFBEECD994C66A6DE024020000090125BB76EFD513C8623478EEC9C356B56DCDCDC7C861E03402000009002AB56AD1A2B0F887B7B7BF75E7CF1C50BF516000201008094F8DAD7BED678F0E0C123C5C280E3C78F1FBDE5965BB6D4D5D59DAEB70010080000A4C8F7BFFFFDB5C5028155AB56F52505D3D97A090081000040CAD4D7D77F78EBD6AD070BC380C3870FBF376FDEBC6FE92100040200002975F7DD777FE1EDB7DF3E9A1F083CF0C0037DCDCDCD1FD13B000804000052ECD1471F5D910B037EF9CB5FBE3367CE9C8BF40A00020100801AF0CA2BAF1C387AF4687CE38D37FE3FBD0180400000A0467474749CF3831FFC20CE643217EA0D0004020000B555206DCC6432E7E8090052BEDE090400000A0AA47551147D5E4F0090F2F54E200000505020754651F4DFF50400295FEF040200000505D2EAA4FDA99E0020E5EB9D400000A0A0407A2293C9FC0F3D0140CAD73B81000040BE4C26F3584343C39FEB0900D24C200000502093C9FC248AA22FEA0900D24C20000030BC40FA51D2FE979E0020E5EB9D400000205F14452B33994CBD9E0020CD0402000005A2285A91C96466EA0900D24C20000030BC407A308AA2263D0140CAD73B810000404181F4BD288A66EB090052BEDE090400000A0AA47B9336574F0090F2F54E2000005050202D4DDA7C3D0140CAD73B81000040BE4C26F30F51142DD01300A499400000A0402693591245D1557A028034130800000C2F90FE2E69D7EA090052BEDE09040000F24551D49AC964AED71300A499400000A0401445776432991BF404006926100000185E20DD9AB41BF50400295FEF040200000505D2CD495BAC270048F97A271000002828906E0CBB04F40400295FEF04020000F9A228FADF4991F40D3D01409A090400000A84270C84270DE80900D24C200000502093C92C8CA2E81E3D01409A090400008617485727EDEFF50400295FEF04020000F9A2285A90C964FE414F00906602010080025114B5643299EFEA0900D24C20000030BC409A9BB47BF50400295FEF0402000005055273D296E9090052BEDE09040000F24551D49414490FEA0900D24C20000050204A2445D23FE90900D24C200000502093C9D44751B4524F0090660201008002994CE6C2A4487A584F00906602010080E105D25F26EDC77A028094AF77020100807C0D0D0D7F9EC9641ED31300A499400000A0404343C3FFCC6432ABF404006926100000185E20FD69D256EB090052BEDE090400000A0AA4BAA43DA5270048F97A27100000C81745D1E79322699D9E0020CD0402000005A228FAAF4991F4AC9E0020CD04020000053299CCE79222E9393D01409A090400000A643299FF9214499BF404006926100000281045D17F4E8AA417F40400692610000028505F5FFF1FA328DAA6270048338100004081FAFAFA4F4651F4B29E0020CD04020000053299CCEF2745D22FF404006926100000185E207D3C69AFEA090052BEDE09040000F23536369E991449AFE90900D24C20000050A0A9A9E9DF2745D2EB7A0280341308000014A8AFAFFF774991D4A7270048338100004081FAFAFA8F2645D2013D01409A090400000A343636FEDBA4487A5B4F00906602010080025FFCE217FF4D5224BDA7270048338100004081F3CE3BEF43499174584F0090660201008002F5F5F5EF4F8AA4A37A02803413080000142992344DD3342DEDCD8A0F000000000000000000000000000000000000000000000000000000000000000000000029F5FF017F23CDA9BAEB828A0000000049454E44AE426082, '1');
INSERT INTO `act_ge_bytearray` VALUES ('52511', '1', 'var-leaveTask', null, 0xACED000573720025636F6D2E6A6176617765622E4D69636861656C4B61692E706F6A6F2E557365724C65617665000000000000000102000B4C0007656E6454696D657400124C6A6176612F6C616E672F537472696E673B4C0002696471007E00014C00096C65617665446179737400134C6A6176612F6C616E672F496E74656765723B4C000B6C65617665526561736F6E71007E00014C000870617373776F726471007E00014C001470726F63657373446566696E6974696F6E4B657971007E00014C001170726F63657373496E7374616E6365496471007E00014C0009737461727454696D6571007E00014C000673746174757371007E00024C000775726C5061746871007E00014C000675736572496471007E00017870740013323031392D30382D31302030303A30303A3030740013313135393334373137313739363036323230387070707070740013323031392D30382D30382030303A30303A3030737200116A6176612E6C616E672E496E746567657212E2A0A4F781873802000149000576616C7565787200106A6176612E6C616E672E4E756D62657286AC951D0B94E08B0200007870000000017400282F6C656176652F726561644F6E6C794C656176652F3131353933343731373137393630363232303874000131, null);
INSERT INTO `act_ge_bytearray` VALUES ('52513', '1', 'hist.var-leaveTask', null, 0xACED000573720025636F6D2E6A6176617765622E4D69636861656C4B61692E706F6A6F2E557365724C65617665000000000000000102000B4C0007656E6454696D657400124C6A6176612F6C616E672F537472696E673B4C0002696471007E00014C00096C65617665446179737400134C6A6176612F6C616E672F496E74656765723B4C000B6C65617665526561736F6E71007E00014C000870617373776F726471007E00014C001470726F63657373446566696E6974696F6E4B657971007E00014C001170726F63657373496E7374616E6365496471007E00014C0009737461727454696D6571007E00014C000673746174757371007E00024C000775726C5061746871007E00014C000675736572496471007E00017870740013323031392D30382D31302030303A30303A3030740013313135393334373137313739363036323230387070707070740013323031392D30382D30382030303A30303A3030737200116A6176612E6C616E672E496E746567657212E2A0A4F781873802000149000576616C7565787200106A6176612E6C616E672E4E756D62657286AC951D0B94E08B0200007870000000017400282F6C656176652F726561644F6E6C794C656176652F3131353933343731373137393630363232303874000131, null);
INSERT INTO `act_ge_bytearray` VALUES ('55002', '1', '.bpmn20.xml', '55001', 0x3C3F786D6C2076657273696F6E3D22312E302220656E636F64696E673D225554462D38223F3E0A3C646566696E6974696F6E7320786D6C6E733D22687474703A2F2F7777772E6F6D672E6F72672F737065632F42504D4E2F32303130303532342F4D4F44454C2220786D6C6E733A7873693D22687474703A2F2F7777772E77332E6F72672F323030312F584D4C536368656D612D696E7374616E63652220786D6C6E733A7873643D22687474703A2F2F7777772E77332E6F72672F323030312F584D4C536368656D612220786D6C6E733A61637469766974693D22687474703A2F2F61637469766974692E6F72672F62706D6E2220786D6C6E733A62706D6E64693D22687474703A2F2F7777772E6F6D672E6F72672F737065632F42504D4E2F32303130303532342F44492220786D6C6E733A6F6D6764633D22687474703A2F2F7777772E6F6D672E6F72672F737065632F44442F32303130303532342F44432220786D6C6E733A6F6D6764693D22687474703A2F2F7777772E6F6D672E6F72672F737065632F44442F32303130303532342F44492220747970654C616E67756167653D22687474703A2F2F7777772E77332E6F72672F323030312F584D4C536368656D61222065787072657373696F6E4C616E67756167653D22687474703A2F2F7777772E77332E6F72672F313939392F585061746822207461726765744E616D6573706163653D22687474703A2F2F7777772E61637469766974692E6F72672F70726F63657373646566223E0A20203C70726F636573732069643D2270726F636573732220697345786563757461626C653D2274727565223E0A202020203C73746172744576656E742069643D2273746172744576656E7422206E616D653D2273746172744576656E74223E3C2F73746172744576656E743E0A202020203C757365725461736B2069643D2261646D696E417070726F766522206E616D653D22E7AEA1E79086E59198E5AEA1E689B9222061637469766974693A61737369676E65653D2231223E3C2F757365725461736B3E0A202020203C6578636C7573697665476174657761792069643D227369642D38454434364336332D373832332D343137392D423631452D434246333139353536413234223E3C2F6578636C7573697665476174657761793E0A202020203C73657175656E6365466C6F772069643D227369642D32303545444433392D344444362D343837312D423839342D4437364341373538333944422220736F757263655265663D2261646D696E417070726F766522207461726765745265663D227369642D38454434364336332D373832332D343137392D423631452D434246333139353536413234223E3C2F73657175656E6365466C6F773E0A202020203C73756250726F636573732069643D227369642D39463241343034412D434636392D344430442D384234392D45323345314441354538413322206E616D653D2273756250726F63657373223E0A2020202020203C73746172744576656E742069643D227369642D45413834354446432D313641462D344139332D414446422D313538453241433833323637223E3C2F73746172744576656E743E0A2020202020203C757365725461736B2069643D22737570657241646D696E417070726F766522206E616D653D22E8B685E7BAA7E7AEA1E79086E59198E5AEA1E689B9222061637469766974693A61737369676E65653D2231223E3C2F757365725461736B3E0A2020202020203C6578636C7573697665476174657761792069643D227369642D36463346333633302D383145392D343633332D394538342D333930334239314633373532223E3C2F6578636C7573697665476174657761793E0A2020202020203C656E644576656E742069643D22656E644576656E743222206E616D653D22656E644576656E7432223E3C2F656E644576656E743E0A2020202020203C656E644576656E742069643D22656E644576656E743122206E616D653D22656E644576656E7431223E3C2F656E644576656E743E0A2020202020203C73657175656E6365466C6F772069643D227369642D43423934423231312D413739372D343236382D393436432D3041393330314441394546432220736F757263655265663D227369642D45413834354446432D313641462D344139332D414446422D31353845324143383332363722207461726765745265663D22737570657241646D696E417070726F7665223E3C2F73657175656E6365466C6F773E0A2020202020203C73657175656E6365466C6F772069643D227369642D32363331363241382D374443352D343239342D424632412D3843324135313932423443362220736F757263655265663D22737570657241646D696E417070726F766522207461726765745265663D227369642D36463346333633302D383145392D343633332D394538342D333930334239314633373532223E3C2F73657175656E6365466C6F773E0A2020202020203C73657175656E6365466C6F772069643D227369642D42453031313846412D383930352D344336342D413942392D41324532343341453743354122206E616D653D22E4B88DE5908CE6848F2220736F757263655265663D227369642D36463346333633302D383145392D343633332D394538342D33393033423931463337353222207461726765745265663D22656E644576656E7432223E0A20202020202020203C636F6E646974696F6E45787072657373696F6E207873693A747970653D2274466F726D616C45787072657373696F6E223E3C215B43444154415B247B666C6167203D3D2066616C73657D5D5D3E3C2F636F6E646974696F6E45787072657373696F6E3E0A2020202020203C2F73657175656E6365466C6F773E0A2020202020203C73657175656E6365466C6F772069643D227369642D39443846384334382D364246362D343743342D413439412D35324539333543333131414622206E616D653D22E5908CE6848F2220736F757263655265663D227369642D36463346333633302D383145392D343633332D394538342D33393033423931463337353222207461726765745265663D22656E644576656E7431223E0A20202020202020203C636F6E646974696F6E45787072657373696F6E207873693A747970653D2274466F726D616C45787072657373696F6E223E3C215B43444154415B247B666C6167203D3D20747275657D5D5D3E3C2F636F6E646974696F6E45787072657373696F6E3E0A2020202020203C2F73657175656E6365466C6F773E0A202020203C2F73756250726F636573733E0A202020203C73657175656E6365466C6F772069643D227369642D31454437423943362D333244422D343635332D424246302D3734364533324636384646442220736F757263655265663D2273746172744576656E7422207461726765745265663D2261646D696E417070726F7665223E3C2F73657175656E6365466C6F773E0A202020203C6578636C7573697665476174657761792069643D227369642D35363642433133362D454338412D344145452D424144412D374641433330353335453936223E3C2F6578636C7573697665476174657761793E0A202020203C757365725461736B2069643D22706572736F6E616C417070726F766522206E616D653D22E4BABAE4BA8BE5AEA1E689B9222061637469766974693A61737369676E65653D2231313333353830393736343133333437383430223E3C2F757365725461736B3E0A202020203C6578636C7573697665476174657761792069643D227369642D35383038314632342D364539422D343234462D423237422D454231423734313838353742223E3C2F6578636C7573697665476174657761793E0A202020203C656E644576656E742069643D22656E644576656E7422206E616D653D22656E644576656E74223E3C2F656E644576656E743E0A202020203C757365725461736B2069643D2261646A7573746D656E7422206E616D653D22E8B083E695B4223E3C2F757365725461736B3E0A202020203C73657175656E6365466C6F772069643D227369642D39344530304238432D393437362D343541372D423841332D31364443383839314131364622206E616D653D22E5908CE6848F2220736F757263655265663D227369642D38454434364336332D373832332D343137392D423631452D43424633313935353641323422207461726765745265663D227369642D39463241343034412D434636392D344430442D384234392D453233453144413545384133223E0A2020202020203C636F6E646974696F6E45787072657373696F6E207873693A747970653D2274466F726D616C45787072657373696F6E223E3C215B43444154415B247B666C6167203D3D20747275657D5D5D3E3C2F636F6E646974696F6E45787072657373696F6E3E0A202020203C2F73657175656E6365466C6F773E0A202020203C73657175656E6365466C6F772069643D227369642D42434433394441362D393530412D343035302D413330422D39413332443831423144343222206E616D653D22E4B88DE5908CE6848F2220736F757263655265663D227369642D38454434364336332D373832332D343137392D423631452D43424633313935353641323422207461726765745265663D227369642D35363642433133362D454338412D344145452D424144412D374641433330353335453936223E0A2020202020203C636F6E646974696F6E45787072657373696F6E207873693A747970653D2274466F726D616C45787072657373696F6E223E3C215B43444154415B247B666C6167203D3D2066616C73657D5D5D3E3C2F636F6E646974696F6E45787072657373696F6E3E0A202020203C2F73657175656E6365466C6F773E0A202020203C73657175656E6365466C6F772069643D227369642D46393638363236332D434634462D343742422D424443442D46343235343332354231463822206E616D653D22E4B88DE5908CE6848F2220736F757263655265663D227369642D35363642433133362D454338412D344145452D424144412D37464143333035333545393622207461726765745265663D2261646A7573746D656E74223E0A2020202020203C636F6E646974696F6E45787072657373696F6E207873693A747970653D2274466F726D616C45787072657373696F6E223E3C215B43444154415B247B666C6167203D3D2066616C73657D5D5D3E3C2F636F6E646974696F6E45787072657373696F6E3E0A202020203C2F73657175656E6365466C6F773E0A202020203C73657175656E6365466C6F772069643D227369642D39443144453739462D303745352D344443332D384634452D42303441423636423543394522206E616D653D22E9878DE696B0E794B3E8AFB72220736F757263655265663D2261646A7573746D656E7422207461726765745265663D2261646D696E417070726F7665223E0A2020202020203C636F6E646974696F6E45787072657373696F6E207873693A747970653D2274466F726D616C45787072657373696F6E223E3C215B43444154415B247B666C6167203D3D20747275657D5D5D3E3C2F636F6E646974696F6E45787072657373696F6E3E0A202020203C2F73657175656E6365466C6F773E0A202020203C73657175656E6365466C6F772069643D227369642D41303834424241302D323735442D343334352D423531392D41414243384432394239464322206E616D653D22E58F96E6B688E8AFB7E581872220736F757263655265663D2261646A7573746D656E7422207461726765745265663D22656E644576656E74223E0A2020202020203C636F6E646974696F6E45787072657373696F6E207873693A747970653D2274466F726D616C45787072657373696F6E223E3C215B43444154415B247B666C6167203D3D2066616C73657D5D5D3E3C2F636F6E646974696F6E45787072657373696F6E3E0A202020203C2F73657175656E6365466C6F773E0A202020203C73657175656E6365466C6F772069643D227369642D44363839443630322D334431452D343938382D384145362D43393645323644433944383922206E616D653D22E4B88DE5908CE6848F2220736F757263655265663D227369642D35383038314632342D364539422D343234462D423237422D45423142373431383835374222207461726765745265663D2261646A7573746D656E74223E0A2020202020203C636F6E646974696F6E45787072657373696F6E207873693A747970653D2274466F726D616C45787072657373696F6E223E3C215B43444154415B247B666C6167203D3D2066616C73657D5D5D3E3C2F636F6E646974696F6E45787072657373696F6E3E0A202020203C2F73657175656E6365466C6F773E0A202020203C73657175656E6365466C6F772069643D227369642D43363846394435352D444645302D344137422D423535432D39394644443046343733434122206E616D653D22E5908CE6848F2220736F757263655265663D227369642D35383038314632342D364539422D343234462D423237422D45423142373431383835374222207461726765745265663D22656E644576656E74223E0A2020202020203C636F6E646974696F6E45787072657373696F6E207873693A747970653D2274466F726D616C45787072657373696F6E223E3C215B43444154415B247B666C6167203D3D20747275657D5D5D3E3C2F636F6E646974696F6E45787072657373696F6E3E0A202020203C2F73657175656E6365466C6F773E0A202020203C73657175656E6365466C6F772069643D227369642D45383142333433452D383636342D343833452D423344452D4138413546423146413541412220736F757263655265663D22706572736F6E616C417070726F766522207461726765745265663D227369642D35383038314632342D364539422D343234462D423237422D454231423734313838353742223E3C2F73657175656E6365466C6F773E0A202020203C73657175656E6365466C6F772069643D227369642D44304435344146352D303431322D343435422D393545302D31394638444130313245374422206E616D653D22E5908CE6848F2220736F757263655265663D227369642D35363642433133362D454338412D344145452D424144412D37464143333035333545393622207461726765745265663D22706572736F6E616C417070726F7665223E0A2020202020203C636F6E646974696F6E45787072657373696F6E207873693A747970653D2274466F726D616C45787072657373696F6E223E3C215B43444154415B247B666C6167203D3D20747275657D5D5D3E3C2F636F6E646974696F6E45787072657373696F6E3E0A202020203C2F73657175656E6365466C6F773E0A202020203C73657175656E6365466C6F772069643D227369642D30463446354437422D324244462D343331432D413341432D3739323838384336414545382220736F757263655265663D227369642D39463241343034412D434636392D344430442D384234392D45323345314441354538413322207461726765745265663D227369642D35363642433133362D454338412D344145452D424144412D374641433330353335453936223E3C2F73657175656E6365466C6F773E0A20203C2F70726F636573733E0A20203C62706D6E64693A42504D4E4469616772616D2069643D2242504D4E4469616772616D5F70726F63657373223E0A202020203C62706D6E64693A42504D4E506C616E652062706D6E456C656D656E743D2270726F63657373222069643D2242504D4E506C616E655F70726F63657373223E0A2020202020203C62706D6E64693A42504D4E53686170652062706D6E456C656D656E743D2273746172744576656E74222069643D2242504D4E53686170655F73746172744576656E74223E0A20202020202020203C6F6D6764633A426F756E6473206865696768743D2233302E30222077696474683D2233302E302220783D223136352E302220793D223238352E30223E3C2F6F6D6764633A426F756E64733E0A2020202020203C2F62706D6E64693A42504D4E53686170653E0A2020202020203C62706D6E64693A42504D4E53686170652062706D6E456C656D656E743D2261646D696E417070726F7665222069643D2242504D4E53686170655F61646D696E417070726F7665223E0A20202020202020203C6F6D6764633A426F756E6473206865696768743D2238302E30222077696474683D223130302E302220783D223237302E302220793D223236302E30223E3C2F6F6D6764633A426F756E64733E0A2020202020203C2F62706D6E64693A42504D4E53686170653E0A2020202020203C62706D6E64693A42504D4E53686170652062706D6E456C656D656E743D227369642D38454434364336332D373832332D343137392D423631452D434246333139353536413234222069643D2242504D4E53686170655F7369642D38454434364336332D373832332D343137392D423631452D434246333139353536413234223E0A20202020202020203C6F6D6764633A426F756E6473206865696768743D2234302E30222077696474683D2234302E302220783D223435342E302220793D223238302E30223E3C2F6F6D6764633A426F756E64733E0A2020202020203C2F62706D6E64693A42504D4E53686170653E0A2020202020203C62706D6E64693A42504D4E53686170652062706D6E456C656D656E743D227369642D39463241343034412D434636392D344430442D384234392D453233453144413545384133222069643D2242504D4E53686170655F7369642D39463241343034412D434636392D344430442D384234392D453233453144413545384133223E0A20202020202020203C6F6D6764633A426F756E6473206865696768743D223137322E30222077696474683D223436362E302220783D223234312E302220793D2234352E30223E3C2F6F6D6764633A426F756E64733E0A2020202020203C2F62706D6E64693A42504D4E53686170653E0A2020202020203C62706D6E64693A42504D4E53686170652062706D6E456C656D656E743D227369642D45413834354446432D313641462D344139332D414446422D313538453241433833323637222069643D2242504D4E53686170655F7369642D45413834354446432D313641462D344139332D414446422D313538453241433833323637223E0A20202020202020203C6F6D6764633A426F756E6473206865696768743D2233302E30222077696474683D2233302E302220783D223238322E302220793D223130312E30223E3C2F6F6D6764633A426F756E64733E0A2020202020203C2F62706D6E64693A42504D4E53686170653E0A2020202020203C62706D6E64693A42504D4E53686170652062706D6E456C656D656E743D22737570657241646D696E417070726F7665222069643D2242504D4E53686170655F737570657241646D696E417070726F7665223E0A20202020202020203C6F6D6764633A426F756E6473206865696768743D2238302E30222077696474683D223130302E302220783D223334352E302220793D2237362E30223E3C2F6F6D6764633A426F756E64733E0A2020202020203C2F62706D6E64693A42504D4E53686170653E0A2020202020203C62706D6E64693A42504D4E53686170652062706D6E456C656D656E743D227369642D36463346333633302D383145392D343633332D394538342D333930334239314633373532222069643D2242504D4E53686170655F7369642D36463346333633302D383145392D343633332D394538342D333930334239314633373532223E0A20202020202020203C6F6D6764633A426F756E6473206865696768743D2234302E30222077696474683D2234302E302220783D223530322E302220793D2239362E30223E3C2F6F6D6764633A426F756E64733E0A2020202020203C2F62706D6E64693A42504D4E53686170653E0A2020202020203C62706D6E64693A42504D4E53686170652062706D6E456C656D656E743D22656E644576656E7432222069643D2242504D4E53686170655F656E644576656E7432223E0A20202020202020203C6F6D6764633A426F756E6473206865696768743D2232382E30222077696474683D2232382E302220783D223538352E302220793D223130322E30223E3C2F6F6D6764633A426F756E64733E0A2020202020203C2F62706D6E64693A42504D4E53686170653E0A2020202020203C62706D6E64693A42504D4E53686170652062706D6E456C656D656E743D22656E644576656E7431222069643D2242504D4E53686170655F656E644576656E7431223E0A20202020202020203C6F6D6764633A426F756E6473206865696768743D2232382E30222077696474683D2232382E302220783D223530382E302220793D223138302E30223E3C2F6F6D6764633A426F756E64733E0A2020202020203C2F62706D6E64693A42504D4E53686170653E0A2020202020203C62706D6E64693A42504D4E53686170652062706D6E456C656D656E743D227369642D35363642433133362D454338412D344145452D424144412D374641433330353335453936222069643D2242504D4E53686170655F7369642D35363642433133362D454338412D344145452D424144412D374641433330353335453936223E0A20202020202020203C6F6D6764633A426F756E6473206865696768743D2234302E30222077696474683D2234302E302220783D223534302E302220793D223238302E30223E3C2F6F6D6764633A426F756E64733E0A2020202020203C2F62706D6E64693A42504D4E53686170653E0A2020202020203C62706D6E64693A42504D4E53686170652062706D6E456C656D656E743D22706572736F6E616C417070726F7665222069643D2242504D4E53686170655F706572736F6E616C417070726F7665223E0A20202020202020203C6F6D6764633A426F756E6473206865696768743D2238302E30222077696474683D223130302E302220783D223636302E302220793D223236302E30223E3C2F6F6D6764633A426F756E64733E0A2020202020203C2F62706D6E64693A42504D4E53686170653E0A2020202020203C62706D6E64693A42504D4E53686170652062706D6E456C656D656E743D227369642D35383038314632342D364539422D343234462D423237422D454231423734313838353742222069643D2242504D4E53686170655F7369642D35383038314632342D364539422D343234462D423237422D454231423734313838353742223E0A20202020202020203C6F6D6764633A426F756E6473206865696768743D2234302E30222077696474683D2234302E302220783D223835352E302220793D223238302E30223E3C2F6F6D6764633A426F756E64733E0A2020202020203C2F62706D6E64693A42504D4E53686170653E0A2020202020203C62706D6E64693A42504D4E53686170652062706D6E456C656D656E743D22656E644576656E74222069643D2242504D4E53686170655F656E644576656E74223E0A20202020202020203C6F6D6764633A426F756E6473206865696768743D2232382E30222077696474683D2232382E302220783D223939302E302220793D223238362E30223E3C2F6F6D6764633A426F756E64733E0A2020202020203C2F62706D6E64693A42504D4E53686170653E0A2020202020203C62706D6E64693A42504D4E53686170652062706D6E456C656D656E743D2261646A7573746D656E74222069643D2242504D4E53686170655F61646A7573746D656E74223E0A20202020202020203C6F6D6764633A426F756E6473206865696768743D2238302E30222077696474683D223130302E302220783D223531302E302220793D223432302E30223E3C2F6F6D6764633A426F756E64733E0A2020202020203C2F62706D6E64693A42504D4E53686170653E0A2020202020203C62706D6E64693A42504D4E456467652062706D6E456C656D656E743D227369642D32363331363241382D374443352D343239342D424632412D384332413531393242344336222069643D2242504D4E456467655F7369642D32363331363241382D374443352D343239342D424632412D384332413531393242344336223E0A20202020202020203C6F6D6764693A776179706F696E7420783D223434352E302220793D223131362E3139363037383433313337323534223E3C2F6F6D6764693A776179706F696E743E0A20202020202020203C6F6D6764693A776179706F696E7420783D223530322E343231323539383432353139372220793D223131362E3432313235393834323531393639223E3C2F6F6D6764693A776179706F696E743E0A2020202020203C2F62706D6E64693A42504D4E456467653E0A2020202020203C62706D6E64693A42504D4E456467652062706D6E456C656D656E743D227369642D39443846384334382D364246362D343743342D413439412D353245393335433331314146222069643D2242504D4E456467655F7369642D39443846384334382D364246362D343743342D413439412D353245393335433331314146223E0A20202020202020203C6F6D6764693A776179706F696E7420783D223532322E333736363233333736363233332220793D223133352E3632333337363632333337363633223E3C2F6F6D6764693A776179706F696E743E0A20202020202020203C6F6D6764693A776179706F696E7420783D223532322E303930333230373030393431342220793D223138302E3030303239313335343036383035223E3C2F6F6D6764693A776179706F696E743E0A2020202020203C2F62706D6E64693A42504D4E456467653E0A2020202020203C62706D6E64693A42504D4E456467652062706D6E456C656D656E743D227369642D44304435344146352D303431322D343435422D393545302D313946384441303132453744222069643D2242504D4E456467655F7369642D44304435344146352D303431322D343435422D393545302D313946384441303132453744223E0A20202020202020203C6F6D6764693A776179706F696E7420783D223537392E352220793D223330302E35223E3C2F6F6D6764693A776179706F696E743E0A20202020202020203C6F6D6764693A776179706F696E7420783D223636302E302220793D223330302E35223E3C2F6F6D6764693A776179706F696E743E0A2020202020203C2F62706D6E64693A42504D4E456467653E0A2020202020203C62706D6E64693A42504D4E456467652062706D6E456C656D656E743D227369642D32303545444433392D344444362D343837312D423839342D443736434137353833394442222069643D2242504D4E456467655F7369642D32303545444433392D344444362D343837312D423839342D443736434137353833394442223E0A20202020202020203C6F6D6764693A776179706F696E7420783D223337302E302220793D223330302E31363138313232393737333436223E3C2F6F6D6764693A776179706F696E743E0A20202020202020203C6F6D6764693A776179706F696E7420783D223435342E34333530363439333530363439332220793D223330302E3433353036343933353036343933223E3C2F6F6D6764693A776179706F696E743E0A2020202020203C2F62706D6E64693A42504D4E456467653E0A2020202020203C62706D6E64693A42504D4E456467652062706D6E456C656D656E743D227369642D43363846394435352D444645302D344137422D423535432D393946444430463437334341222069643D2242504D4E456467655F7369642D43363846394435352D444645302D344137422D423535432D393946444430463437334341223E0A20202020202020203C6F6D6764693A776179706F696E7420783D223839342E35373432313837352220793D223330302E3432353738313235223E3C2F6F6D6764693A776179706F696E743E0A20202020202020203C6F6D6764693A776179706F696E7420783D223939302E303030313035393830373139312220793D223330302E30353434373432393537393439223E3C2F6F6D6764693A776179706F696E743E0A2020202020203C2F62706D6E64693A42504D4E456467653E0A2020202020203C62706D6E64693A42504D4E456467652062706D6E456C656D656E743D227369642D31454437423943362D333244422D343635332D424246302D373436453332463638464644222069643D2242504D4E456467655F7369642D31454437423943362D333244422D343635332D424246302D373436453332463638464644223E0A20202020202020203C6F6D6764693A776179706F696E7420783D223139352E302220793D223330302E30223E3C2F6F6D6764693A776179706F696E743E0A20202020202020203C6F6D6764693A776179706F696E7420783D223237302E302220793D223330302E30223E3C2F6F6D6764693A776179706F696E743E0A2020202020203C2F62706D6E64693A42504D4E456467653E0A2020202020203C62706D6E64693A42504D4E456467652062706D6E456C656D656E743D227369642D42453031313846412D383930352D344336342D413942392D413245323433414537433541222069643D2242504D4E456467655F7369642D42453031313846412D383930352D344336342D413942392D413245323433414537433541223E0A20202020202020203C6F6D6764693A776179706F696E7420783D223534312E3632352220793D223131362E333735223E3C2F6F6D6764693A776179706F696E743E0A20202020202020203C6F6D6764693A776179706F696E7420783D223538352E303030323939303230373037322220793D223131362E3039313530313331333539303137223E3C2F6F6D6764693A776179706F696E743E0A2020202020203C2F62706D6E64693A42504D4E456467653E0A2020202020203C62706D6E64693A42504D4E456467652062706D6E456C656D656E743D227369642D41303834424241302D323735442D343334352D423531392D414142433844323942394643222069643D2242504D4E456467655F7369642D41303834424241302D323735442D343334352D423531392D414142433844323942394643223E0A20202020202020203C6F6D6764693A776179706F696E7420783D223536312E302220793D223530302E30223E3C2F6F6D6764693A776179706F696E743E0A20202020202020203C6F6D6764693A776179706F696E7420783D223536312E302220793D223537322E30223E3C2F6F6D6764693A776179706F696E743E0A20202020202020203C6F6D6764693A776179706F696E7420783D22313030342E302220793D223537322E30223E3C2F6F6D6764693A776179706F696E743E0A20202020202020203C6F6D6764693A776179706F696E7420783D22313030342E302220793D223331342E30223E3C2F6F6D6764693A776179706F696E743E0A2020202020203C2F62706D6E64693A42504D4E456467653E0A2020202020203C62706D6E64693A42504D4E456467652062706D6E456C656D656E743D227369642D44363839443630322D334431452D343938382D384145362D433936453236444339443839222069643D2242504D4E456467655F7369642D44363839443630322D334431452D343938382D384145362D433936453236444339443839223E0A20202020202020203C6F6D6764693A776179706F696E7420783D223837352E352220793D223331392E35223E3C2F6F6D6764693A776179706F696E743E0A20202020202020203C6F6D6764693A776179706F696E7420783D223837352E352220793D223436302E30223E3C2F6F6D6764693A776179706F696E743E0A20202020202020203C6F6D6764693A776179706F696E7420783D223631302E302220793D223436302E30223E3C2F6F6D6764693A776179706F696E743E0A2020202020203C2F62706D6E64693A42504D4E456467653E0A2020202020203C62706D6E64693A42504D4E456467652062706D6E456C656D656E743D227369642D46393638363236332D434634462D343742422D424443442D463432353433323542314638222069643D2242504D4E456467655F7369642D46393638363236332D434634462D343742422D424443442D463432353433323542314638223E0A20202020202020203C6F6D6764693A776179706F696E7420783D223536302E3434303235313537323332372220793D223331392E3535393734383432373637323936223E3C2F6F6D6764693A776179706F696E743E0A20202020202020203C6F6D6764693A776179706F696E7420783D223536302E313235333931383439353239382220793D223432302E30223E3C2F6F6D6764693A776179706F696E743E0A2020202020203C2F62706D6E64693A42504D4E456467653E0A2020202020203C62706D6E64693A42504D4E456467652062706D6E456C656D656E743D227369642D30463446354437422D324244462D343331432D413341432D373932383838433641454538222069643D2242504D4E456467655F7369642D30463446354437422D324244462D343331432D413341432D373932383838433641454538223E0A20202020202020203C6F6D6764693A776179706F696E7420783D223536302E303035393137313539373633342220793D223231372E30223E3C2F6F6D6764693A776179706F696E743E0A20202020202020203C6F6D6764693A776179706F696E7420783D223536302E333830393532333830393532342220793D223238302E33383039353233383039353234223E3C2F6F6D6764693A776179706F696E743E0A2020202020203C2F62706D6E64693A42504D4E456467653E0A2020202020203C62706D6E64693A42504D4E456467652062706D6E456C656D656E743D227369642D39344530304238432D393437362D343541372D423841332D313644433838393141313646222069643D2242504D4E456467655F7369642D39344530304238432D393437362D343541372D423841332D313644433838393141313646223E0A20202020202020203C6F6D6764693A776179706F696E7420783D223437342E352220793D223238302E35223E3C2F6F6D6764693A776179706F696E743E0A20202020202020203C6F6D6764693A776179706F696E7420783D223437342E352220793D223231372E30223E3C2F6F6D6764693A776179706F696E743E0A2020202020203C2F62706D6E64693A42504D4E456467653E0A2020202020203C62706D6E64693A42504D4E456467652062706D6E456C656D656E743D227369642D39443144453739462D303745352D344443332D384634452D423034414236364235433945222069643D2242504D4E456467655F7369642D39443144453739462D303745352D344443332D384634452D423034414236364235433945223E0A20202020202020203C6F6D6764693A776179706F696E7420783D223531302E302220793D223436302E30223E3C2F6F6D6764693A776179706F696E743E0A20202020202020203C6F6D6764693A776179706F696E7420783D223332302E302220793D223436302E30223E3C2F6F6D6764693A776179706F696E743E0A20202020202020203C6F6D6764693A776179706F696E7420783D223332302E302220793D223334302E30223E3C2F6F6D6764693A776179706F696E743E0A2020202020203C2F62706D6E64693A42504D4E456467653E0A2020202020203C62706D6E64693A42504D4E456467652062706D6E456C656D656E743D227369642D42434433394441362D393530412D343035302D413330422D394133324438314231443432222069643D2242504D4E456467655F7369642D42434433394441362D393530412D343035302D413330422D394133324438314231443432223E0A20202020202020203C6F6D6764693A776179706F696E7420783D223439332E352220793D223330302E35223E3C2F6F6D6764693A776179706F696E743E0A20202020202020203C6F6D6764693A776179706F696E7420783D223534302E352220793D223330302E35223E3C2F6F6D6764693A776179706F696E743E0A2020202020203C2F62706D6E64693A42504D4E456467653E0A2020202020203C62706D6E64693A42504D4E456467652062706D6E456C656D656E743D227369642D45383142333433452D383636342D343833452D423344452D413841354642314641354141222069643D2242504D4E456467655F7369642D45383142333433452D383636342D343833452D423344452D413841354642314641354141223E0A20202020202020203C6F6D6764693A776179706F696E7420783D223736302E302220793D223330302E30223E3C2F6F6D6764693A776179706F696E743E0A20202020202020203C6F6D6764693A776179706F696E7420783D223835352E302220793D223330302E30223E3C2F6F6D6764693A776179706F696E743E0A2020202020203C2F62706D6E64693A42504D4E456467653E0A2020202020203C62706D6E64693A42504D4E456467652062706D6E456C656D656E743D227369642D43423934423231312D413739372D343236382D393436432D304139333031444139454643222069643D2242504D4E456467655F7369642D43423934423231312D413739372D343236382D393436432D304139333031444139454643223E0A20202020202020203C6F6D6764693A776179706F696E7420783D223331322E302220793D223131362E30223E3C2F6F6D6764693A776179706F696E743E0A20202020202020203C6F6D6764693A776179706F696E7420783D223334352E302220793D223131362E30223E3C2F6F6D6764693A776179706F696E743E0A2020202020203C2F62706D6E64693A42504D4E456467653E0A202020203C2F62706D6E64693A42504D4E506C616E653E0A20203C2F62706D6E64693A42504D4E4469616772616D3E0A3C2F646566696E6974696F6E733E, '0');
INSERT INTO `act_ge_bytearray` VALUES ('55003', '1', '.process.png', '55001', 0x89504E470D0A1A0A0000000D4948445200000404000002460806000000CC2757B2000039C64944415478DAEDDD0F705DD57D27708790846ED36D2633DBC9CE309D4CBB933F9BED66D8211D7627ED6ADA74175AD2B010E5F94A3216B6B1C0FC09D8906153A8297F0288524D9D348967A10EE0D4C45902894A30C8364246D88B711C6C5CC08E8C632C8C651C0106CB8E6CDFBDE7D54FF3FCA4273DFD79F27BF77D3E33676CEBE98F7D7CEE39BFFB7DE7DE3B6306000000000000000000000000000000000000000000000000000000000000000000000000000000000000000000000000000000000000000000000000000000000000000000000000000000000000000000000000000000000000000000000000000000000000000000000000000000000000000000000000000000000000000000000000000000000000000000000000000000000000000000000000000000000000000000000000000000000000000000000000637BEEB9E7FEDB82050B767CFAD39F1E4CFE186B9AA6699A56BC9D79E699873EF1894F2C4B7EFF6155040050D56140E2E8F9E79F1F6FDCB8311E1818880180910D0E0EC65BB76E8D2FBAE8A2E3BFF55BBFB55D28000054AD2BAEB8A227840100C0F8FCD99FFDD9FE6429BD4335010054A5709940D81900008CCFB66DDBDE4996D21DAA0900A05AB94C000026205C3E30E35FEF2B0000509D81000030310201004020000002010000814041A134EA6BA17DE8431F8A3FFBD9CFC69B376F565D0220100000A885402078E69967B2BF0FA10000080400002A241078ECB1C7E23FF8833F883FF0810FC4BFF11BBF11D7D5D5C5BB77EF1EF1A43FFFCFB9DFCF9F3F3FFB75679D7556DCD3D353F4EBC2F7CF7F2DFC9C3FFCC33FCC7EECE0C183F1E5975F9EFD3E6147C115575C317443C4D75F7F3DFE933FF993ECD77FFAD39F8E9F7FFEF9ECC7DF7EFBEDB8B9B939FBF9E1EBEAEBEBE3BEBEBE31FF4DA3BD0600020100A0660281DFFEEDDFCE163D7BF6ECC96EEB0FBFCF9DA89712088413ECD07227F9C5760884C020FFB5AEAEAEF8CD37DFCC7E2C8401E1632B57AE8C1F79E491ECEF432810FCC55FFC45F6CF21089891B7D360CE9C39D93F6FDDBA353C1E2AFBFBF3CE3B6FCC7FD368AF0180400000A89940E0F39FFFFCD03BF8E1E47BE9D2A5D977DF4B0D048E1D3B966D334EDC2F20FFB5D0DEFFFEF7C79FF9CC67E20D1B360CFBBA9CF075C5BE57EEB542B98FCF28B85FC158FFA6D15E0300810000503381403801EFECEC8CAFBDF6DAF8777FF777B305D0273FF9C9090502610BFE485F37428175D2C7C2D7157EAFDFFCCDDF2C2910C80F164AF9378DF61A00080400809A0904CE39E79CA12DF9610B7FF8FD99679E997DED777EE777B27F7EE59557E2279E7862C440E0A1871E8A1F7FFCF1ECEFC33BEE13090472DBFFF32F19B8EAAAABB2AFE52E1978EEB9E74EBA64A0A9A929FBE77FFCC77FCC5E36107EFFC77FFCC763FE9B467B0D0004020040CD0402E1A67D175D7451F65DFAB08D3E5C4FFFECB3CF665F5BBE7C79F69AFBF0DAA2458B460C04C2F5FFE1EBC289FAAE5DBB261408849B0A869B138677FD430B6140EEA682E15AFF70121F7E46B81960EEF185BFFAD5AFB24142EE4684E1FE01E1DF32D6BF69B4D70040200000D44C200000080400008100002010000004020020100000100800804000004020000002010000810000080400000402002010000010080080400000402000000201000081000008040000040200201000001008008040000040200000020100008100000804000004020020100000040200804000001008504976EFDE1DAF5FBF3E5EB3664DDCD1D1A14D735BBD7A75DCD5D515EFD8B1C36004040200804080E90B03D6AD5B17F7F5F5C5478E1CD14E51DBBF7F7FDCD9D9196FDFBEDDA004040200804080F20B3B03840195130A845D1A00020100402040D985135027E395D3C2250400020100402040D985135027E2020140200000201010088CD8DE7D6B6FBC73E3B278DBEA5BB22DFC3E7CCC49BC4000100800000804521A081CECEF8D5F7CE2A6F885C7AE3FA9858F85D79CC80B04008100008040208581C06BDB7E322C0CC8B53DDBDA9DC80B04008100008040208D81C04B4FDD55341008AF39911708000201000081400A0381173B6E2E1A0884D79CC80B040081000080404020A00904008100008040200D814078AA40B14020BCE6445E2000080400000402290C0476747FAB6820105E73222F1000040200000281140602077AB7C42F3EB978F8E502C9C7C26B4EE4050280400000402090C24020B4579F7F605820103EE6245E2000080400000402690D040E1F8E773CFB9DE1970B241F0BAF3991170800020100008140CA028183FDBDF1F6EE6F16BD8740782D7C8E93798100201000001008A42110387C38DEBB636DBC75D5D78B8601B9163E277CAEDD020201402000002010A8E24060AC5D01760B08040081000080402085814029BB0246DB2DE0C45E20309D76EDDAA513100800000804988A4060A26140AE39B117084C975B6FBD357BB2147E058100008040804906029A40A01ADC75D75DF1FBDEF7BEF8ACB3CECAFEFAD77FFDD73A05810000804000818040A016C2805C081076089C76DA694201040200000201040202815A0903C6FA3808040000040208040402552EEC0418EDA43FF7BA7B0A2010000010084CA9DDBB77C72B56ACC8BE1379F5D557C7CDCDCDF1CC9933E3A6A6A678C18205F14D37DD147FF7BBDF8D77EEDC2910D00402650A03C63AD9B753E0643D3D3D715B5B5B768E0A73551445D9792BB4C6C6C6F8B2CB2E8B5B5B5BB39F8740000040205060D5AA55D993906BAEB9265EBA7469BC61C386B8B7B7371E1818C8BE1E7EEDEBEB8B376DDA14DF7FFFFDF157BFFAD578D1A245F1B265CB04029A40600AE44EF24B7DE77FBC9F9F4621BC9C376FDE4901C0586DEEDCB9F17DF7DD67C0090400000402E11DB3DB6EBB2DBEFEFAEBB327FB478F1E2DF96B7FFEF39FC737DC70437CC51557C45BB66C1108680281498601E37DC7BF564381975F7E399E3F7F7EC921C048ED924B2EA9E8794B200000201028AB9FFEF4A7D9ADB4EDEDEDE30A0246DA5D10DE75ABD4DD02020181401AC3805ABD7C20CC33E13280FC93FBF0E73BEEB8235EBB766DF6B2A777DE7927FBB9EFBDF75E76A753777777F6928259B3669DF475616781DD02020100809A0B04BABABAE2ABAEBA2ADEBE7DFB947CBF5DBB7665C385707F018180261028CD5837109CEEEF53E956AE5C39ECFE00CB972FCF5ECE548AFEFEFEECE717060ADFFEF6B70D46810000406D040261674008034A2DA24B15BE5FD8C65B69EFB809040402951C064CD576FFB4EF14083B03F2C380850B176677034C44F8BA7099547E2860A78040000020F58140B8674078277FAA76068CB453E0E28B2F8E376FDE2C10D00402639CBCE7C28063C78E656F8E177E1D8FC2AF4BEB3D05C23D03F2DFD55FBC78F1D0650113152E27B8FDF6DB4FBA7CA092E62D810000804060CADD72CB2DD97B06947B0742B8A780404013088CFD4E7E3899FFC4273E913D210ABF961A0A14FBBA348602975E7AE9493B03261B06E48702F93B05C28D0611080000A432100837FF0BC5EFAF7FFDEBB2FFACF0E4814AD9822B101008546A18108477F84F9C0C951C0AE48701B9162ED729BC1C210D970F84470BE6DF3360A297098C76F940FEEE03970E08040000521908849384F068C1E9F0C20B2F54CC2E01818040A0528EBF914ED2473AB91F2D1428F5F3D3724F811098E44ED6C30D01CB1D3AD82520100000485D2010DE050B37129CCCE305C72B0402E1DADF729E283CF9E493020181C0B49E9C9632E68A8501C5B6F1977A923FDEF0A0922F1F28A52FC33D4F7237120CEFE21F3870A02C7F97F0F481FC47129673DE4220000008044EC9B6DB7BEFBD775A7FE637BFF9CDB8B5B5B56CDF3F57BC87138B356BD6080404026557EA989BC849F95827FBE30D03F27FFE69A79D56713B054AE9CBB6B6B6A1CF2BE75C32DD3F0B81000020109856E1A460C3860DD3FA33D7AF5F1FB7B4B494FD8422D7C28DC7467AC75120201098EE3137D16DFBC54EFA0707072714068C75B942A5F7E582050B865EEFECEC2CEBDFA7BBBB7BE8679573DE422000000804A6DDD5575F1DEFDDBB775A7FE61B6FBC113734344CDB0945FE3B8EF92716020181C0748FB9898401A385021FFCE007271C064CF6EF732AFBB2A9A969E8E3537D33C142BDBDBD433FAB9CF316020100402030ED9A9B9BE381818169FD99E1E785E27ABA4F28F2DF710C5B9105020281E91E73937D477EA450603261C0782F5FA894BECCFFF3543D6AB098F008C2FC9F87400000203581C0A92A70C72AFAA7A309042AAB55C2982867BBF0C20BB32737679D75D6A48E9D709940E1CE80F0E7F0F1C9087FAF6AECD7E99EAF10080000A42610983D7BF6B4EF103874E8D029D92110FEAD2B57AECC9E7CBA64C00E815331E6C67AAA801D02A5F565EE090376080804000004029370E595574EFB3D04C2CF9BCE7B08149E94E5943B1018E9A42DB4B4BC2E1018FF98CB3FF9760F8189F7A57B0808040000040253E0E69B6F9EF6A70C3CF5D453D3F29481707F84F058C5914ECAA62B1018ED63D5FEBA4060FC636EA2EFC8D7E2530646EB4B4F19100800000804A6C0BDF7DE9B6DD3293CCBBB9CCFF31EEDDD59818040E0548EB989BC335F2C0CC89DF48FF57A310F3CF0407CDA69A7555418506A5FB6B5B50D9DA497732E99EE9F8540000010084CAB9D3B77662F1B387AF4E8B4FDCC59B366C52FBFFCF229FFB70B040402A7DA58EFD0977AB23FDE50201746DC70C30D55D96F3D3D3D4327E98D8D8DF1810307CAF273FAFBFB4FBA3CA112E62D8100008040604A5D77DD75F1A64D9BA6E567757575C5975C724945FCBB050202814A506CA7C0784FF24BFDFC6A0F0372E6CD9B3774A2BE7CF9F2B2FC8C70C942EE6754CABC2510000010084CA91FFCE007F1A2458BA665974028AAEFBBEF3E818040402050B053A070FB7E38E19D31CECB00460A05E6CF9F5FF28E846A927FB21E76094CF5CD05C3F70BDF37F7332A65DE120800000804A65CB86CA0BDBDBDAC3F23DCAB200402E3B9CE5A202010A8B5CB0772371ACC3FB91FCF8D028B7D5D253D5A70AACC9D3B77E8847DE1C28553F608C2F0A8C11092E6EF0EA894794B20000020109872E1DAD83973E6C4DBB76F2FCBF7FF977FF997EC23BB366FDE5C31FF668F1DF4D8C14ABF7C209CCC8777F8C7FB28C1C2AF2B0C1BD222CC5B51140D9DB82F5EBC78D2A14008036EBBEDB6A1EF19BE7F25CD5B020100008140597CEF7BDFCB3E56ABAFAF6F4ABF6F788E77B83157A56DB92D7720A00904A6221428C7E50869B26CD9B2A193F7DC4E81895E3E10BE2E7F67804B0504020000351308044B972ECDBEB338553B05C2CE8010067CE31BDFA8B87FAB40402090F65060AAC3854A9EB7F24FE2C3B5FFE14683E12901A5089F17EE49907FCF80D02A71DE120800000804CAFE8E5B7834E0A38F3E3AA91B0D8677D6C26502A158AF4402018140259BEC36FFB45E2650EA4E815C30D0DADA1A77767666DFFDCF5D4E102E0B083B97BABBBBE3254B96C4B367CF3EE9EBC26502953A6F0904000004026517AECD0D3B052EBFFCF2715F3FBB6EDDBAECFD08C28DB82AF9DA5B818040A05A4281F1BEC39FC61B08963A6FE53F8E7022ADD2E72D810000804060DA3CF8E083D9602014C97FFBB77F9B7D476DCF9E3DF1C0C040F6F543870EC57BF7EE8DBBBABAB2EFC4859D05E173C3BB6B957E576E818040208D970FD4CA650263CD5BE30D06AA65DE120800000804A65D4F4F4F7CCF3DF7C40B162C18769D6DB82C20DC8C300402E11DBA6A21101008A42D1478E08107B29F77C30D37E8B494CE5B020100008100020181408D5E3E50EC3280DCD30484010804000004020804040235B253C065020804000004020804040235160A0803100800000804100808046A2C1438EBACB3840108040000040208040402B524DC3320DC1CAFD61E2D8840000040208040402050F3422000020100008100020181804000040200000201040202018100080400000402080404020201100800000804100808040402201000001008080434818040000402000002018180261010088040000040202010D00402020110080000080404029A404020000201000081804040130808044020000020101008680201810008040000547302014D2020100081000020104020A00904040220100000040208043481804000040200804000818040008100080400008100020181000201040200000201A6DA9A356B9C880B040402201000001008D49A75EBD6C57D7D7D4EC62BA0BDF1C61BD98006810008040000810065D7D3D313777676C6FBF6ED73525E0161C0F6EDDB0D4A8100080400008100D3170AAC5DBB36BB5D5D3B354D18201000810000201000100880400000100800080410080000080400040208040000040280404020804000004020000804402000002010000402201000001008000201100800000804008100080400000402804000040200000201402000020100008100201000810000804000100880400000402000080440200000201000CAA3A5A5251B008CD666CF9EADA31008000008048034E9EAEA1A331058B972A58E42200000201000D2E6D24B2F2D1A06343737C7478E1CD149080400000402402DED1258B162850E42200000201000D26AA47B09847B07D81D80400000402000D4D82E01F70E402000002010006AC065975D667700020100008100506BD6AC59331408FCE8473FD22108040000040240ADC8DD4BC0EE0004020000020120C57A7A7AE2B6B6B678C18205715353D349F710686C6CCC5E46D0DADA9AFD3C100800000804802A171E27386FDEBC388AA2A28F1C2C6C73E7CE8DEFBBEF3E9D87400000402000549B975F7E399E3F7F7EC921C048ED924B2E89B76CD9A233110800000804806AB06CD9B2EC6500859705DC71C71DF1DAB56BE3DDBB77C7EFBCF34EF673DF7BEFBDB8B7B737EEEEEECE5E52306BD6AC93BE2EEC2CB05B00810000804000A8702B57AE3CE9F28010042C5FBE3CEEEBEB2BE9EBFBFBFBB39F5F18287CFBDBDFD6B908040000040240A5EE0CC80F03162E5C98DD0D3011E1EBAEBFFEFA9342013B05100800000804800A13EE1990FFAEFEE2C58B872E0B98A87039C1EDB7DF7ED2E5039B376FD6D908040000040240A5B8F4D24B4FDA1930D930203F14C8DF29106E34080201000081005001C2A305F3EF1930D1CB048A09DF2F7FF7814B07100800000804800A306FDEBCA193F57043C072870E760920100000100800A7584F4FCFD08D04C3BBF8070E1C28CBCF094F1FC87F2461B86701080400000402C029D2D6D6367492DEDADA9A9A9F05020100402000308A050B160C9DA477767696F5677577770FFDAC9696169D8F4000004020009C2A4D4D4D4327E9537D33C142BDBDBD433FABA1A141E723100000100800A74AEEFE01A14DD5A3068B098F20CCFDACD0402000002010004E91E93E411708201000001008007608804000004020009C0AEE2100020100402000D4204F19008100002010006A505B5BDBD0497A6B6B6B6A7E16080400008100C0287A7A7A864ED21B1B1BE303070E94E5E7F4F7F79F7479C2CB2FBFACF3110800000804805369DEBC794327EACB972F2FCBCF58B162C5D0CFB8E4924B743A02010000810070AAE59FAC875D02537D73C1F0FDC2F7CDFD8CFBEEBB4FA7231000001008009560EEDCB94327EC0B172E9CB2471086470D2E5AB4E8A4DD01478E1CD1E1080400000402402508D7F447513474E2BE78F1E2498702210CB8EDB6DB86BE67F8FE9B376FD6D9080400000402402559B66CD9D0C97B6EA7C0442F1F085F97BF33C0A50208040000040240055BBA74E94927F1E1DAFF70A3C1F094805284CF0BF724C8BF674068DFF8C637742E020100008100504D3B0572C1406B6B6BDCD9D9997DF73F773941B82CA0B7B737EEEEEE8E972C5912CF9E3DFBA4AF0B9709849001040200000201A00A847B0AE43F8E70222DDC40D03D03100800000804802AF4E0830F8E3B18084140D815E069020804000004024095EBE9E989EFB9E79E78C18205C3EE0FD0D0D010B7B4B4642F29083B0B402000002010000081000080400000040200000201001008000094271018181850D101C0380D0E0EF60B040080AAF57BBFF77B07376EDCA8AA038071DAB469D3F3C952BA4335010054A54F7DEA53DF3DEFBCF30695750030BE0D021FFBD8C7D6244BE91DAA0900A05A7D38B1ED8FFEE88FF66FD8B0A17F705036004CDC9123477402E94E010607FBC3CE801361C04B611D554A0000551D0A24EDE613854DAC699A3691F6FEF7BF3FFED297BE149F71C619FA434B7B0B9709DC2D0C000000CA62E6CC99ED498BEBEAEA4EAF96BF732693694BFECE7FE77F0F0000002676627D4E72623D180281288ACEAD96BF777D7DFDC792BFF381F0ABFF45000000187F20F04808034EB48D55F677B74B00000000C62B39993E3BB73B20D79293ECF3ABE5EF6F97000000004C2C1068CF0F0372BB04DC4B00000000D21B060CDB1D906B51145D502DFF0EBB04000000607C81C0E323850127DAFA6AFAB7D82500000000A58501457707B89700000000A43710681F2D0CF0C401000000A89D9020AEE6BFBF5D02000000508381406097000000008C531A0201BB04000000A0060381C02E010000001887B404027609000000400D0602815D0200000050A23405027609000000400D0602815D020000005082B405027609000000400D0602815D0200000030863406027609000000400D0602815D02000000308AB406027609000000400D0602815D0200000050449A0301BB04000000A0060381C02E010000001841DA0301BB04000000A0060381C02E0100000028500B81805D0200000050838140609700000000E4A99540C02E01000000A8C14020B04B000000004EA8A540C02E01000000A8C14020B04B0000000066D45E20609700000000D4602010D82500000040CDABC540C02E01000000040235180804760900000050D36A3510B04B0000000081408DB24B000000809A55CB81805D0200000008046A945D02000000D4A45A0F04EC120000801489E3F8F49D3B77FE70C3860DC7D6AC591377747468D3DC56AF5E1D777575BD99B42623522050E9EC12B02E68D60500202542D1B76EDDBAB8AFAF2F3E72E488768ADAFEFDFBE3A79F7EFAEDA408FCB2512910A8647609581734EB02009012E11D20455FC5147F473A3A3A5E322A050295CE2E01EB82665D000052206C075574554E4B0ABF41A3522050E9EC12B02E68D605002005C2B58A0AAE8A2AFC9C700A04AA825D02D605CDBA0000D448E1F7EE5B7BE39D1B97C5DB56DF926DE1F7E1638A35859F40A036D925605DB02E581700801A28FC0EF6F7C62F3E7153FCC263D79FD4C2C7C26B0A36859F40A036D925605DB02E5817008094177EAF6DFBC9B0A22FD7F66C6B57B029FC040235CA2E01EB8275C1BA0000A4BCF07BE9A9BB8A167EE135059BC24F2050BBEC12B02E5817AC0B00408A0BBF173B6E2E5AF885D7146C0A3F8140EDB24BC0BA605DB02E00000A3F4DE12710A85176095817AC0BD6050020A5855FB87B74B1C22FBCA66053F809046A9B5D02D605EB827501004869E1B7A3FB5B450BBFF09A824DE12710C02E01EB8275C1BA0000A4B0F03BD0BB257EF1C9C5C3B785261F0BAF29D8147E0201EC12B02E5817AC0B00400A0BBFD05E7DFE8161855FF898624DE1271020C72E01EB8275C1BA0000A4ADF03B7C38DEF1EC77866F0B4D3E165E53B029FC040204C57609D4D5D59DAE77AC0B9A750100A8B2C2EF607F6FBCBDFB9B45AF150DAF85CF51B429FC04020485BB04923F277F9CB943CF581734EB0200502D85DFE1C3F1DE1D6BE3ADABBE5EB4E8CBB5F039E173BD2BA4F013081076076432990351147D2DE9AF97429FE937EB82665D0000AAA4F01BEBDD1FEF0A29FC04028CA4B9B9F98CA48F2E8BA2A83F17040804AC0BD605EB02005045855F29EFFE8CF6AE90024EE12710A8C920E0BAA4ED2F0C024A0C043EA217AD0B9A75A10698EB00A8FCC26FA2455FAE29E0147E2975EE8913DB7375C5B0A0E4C6624140098140E84FFD6A5DD0AC0BA95F43CC75005445E1A729FC18E60B49EB4F5ADB895FCFD725273B71F3C081710602FAD5BAA05917AC2100A0F0D3147E155FC8E50AB8F0EECE7E05DD7051147D2A39F9DF586220A05FAD0B9A75C11A02000A3F4DE1573585DC581FAF7927EE27F09D310201FD6A5DD0AC0BD610731D000A3F4DE157B1CE1DA360CBBDEE7AD011844B0892D63F4220A05FAD0B9A75C11A62AE03F857711C9FB165CB9696FBEFBFFFE93BEFBCF3EDABAFBE7AB0B9B9395B403635351DBFFCF2CB8FFCD55FFDD5CEBBEEBA6B79D23EA9C7147E0A3FA6B1901BAB50F32ECFE8A1C07F4AE6F217C37C5E5F5FFF31FD6A5DD0AC0BD610735DAD686C6C3C335907AF4CD6C01F266D47D20E9E08C9C3FD765E4D5E7B243CA1277C9EDEA2668380871F7EF8815B6FBD75F09A6BAE89972E5D1A6FD8B021EEEDED8D070606E220FCDAD7D7176FDAB429BEFFFEFBE3AF7EF5ABC7AFBDF6DA5DF3E7CF9FA707157E0A3FCAE40B33C6F7AECD783FBFA6D4D5D59D9E143DDB3EF7B9CFFD5FFD6A5DD0AC0BD610735DDA45517441D23A927664AC27F0E4B5A792CF6FD27BD48CE4C47FCE6DB7DD76F8FAEBAFCF9EEC1F3D7A342ED5CF7FFEF3F8861B6E38DAD2D2F2527D7DFD7FD09B0A3F851F6528E4CE9FC0D71D54D08DECA31FFDE8573EF0810F1CFBE0073F78A17EB52E68D6056B88B92E8D9293FA8F2727F5ABC611028CD4D639BF21D592F3F9D37FFCE31FAFBDECB2CBE2F6F6F67105018556AD5A15CF9933E790DD020A3F851FA7B8909BAAAF4F75BF4E200CD0AFD605CDBA600DA12A84FBE6343434FC2AFFE4BEB1B131BEE38E3BE2B56BD7C6BB77EF8EDF79E79DEC39CC7BEFBD97DD11DDDDDD1DB7B5B5C5B366CD2A0C050EDA2D406AC380CECECEE7AEBAEAAA78FBF6EDF154D8B56B577CD965971D9A376FDE157A58E1A7F06312C6BAF9D3747F1FFDAA5FAD0B9A75C15C47758401E72727F047F38380E5CB97672F7B2E457F7F7FF6F3C3D7E50703C9F7F4A627E91276068430A0D483A354E1FBCD9F3F5F92A6F053F831D9026CAAB66A7A9747BF5A1734EB82B9CE5C571B61C0CCFC3060E1C285D9DD001311BE2E5C4E5D100A38BF211DC23D03C2650253B53360A49D02175F7C717F72D07C4A6F2BFC147E4CA0F0CA1572EF4BDAEC13BF8E47E1D7D5FA4DA2F4AB7541B32E98EBCC75A916EE19907F99C0E2C58B872E0B98A87039C1EDB7DF5E78F980F31BAA5B789AC02DB7DC7224DC33A09C1E7BECB1438D8D8DEBF5B8C24FE1C7380BB9F3F30AB2FBC2B475E2D7520BBA625F57AB059D7EB52E68D605739DB92EF51A1A1A56E7EF0C986C18901F0A14EC1458A7B7A96A8F3CF2C8F7C3A0FEF5AF7F1D97DB82050BDEB0B546E1A7F06302855C30FB4441168FA3A0CB2FE472EDE2BCD76BED7A50FD6A5DD0AC0BE63A735DEA85470BE6DF3360A297098C76F940FE3D059CDF50B5C2EE805B6FBD75303C5A703ABCF0C20B47EC1250F829FC1843B1026BA4C26CB4826EA4CFBF7784CFAF95EB41F5AB7541B32E5843CC75B5120874E44ED6C30D01CB61C58A15760950FDB66CD9D2126E243899C70B8ED79C3973DE08D7F498A8A28EA47D5EE1A7F0ABE5F13D4A2177EE380AB4910ABA520BB9C282EE5CFD5A7BFD6A5DD0AC0BE63A735D7AC6466363E399B91B098677F10F1C385096739AF0F4818247127EDCFF1055E7FEFBEF7FFADE7BEF8DA7535B5BDBCF9303E6BA5AEFFBBC2D461D994CE61C859FC2AF16C7F7040BAAB10ABAF11672F93F7FFF8C0A7E9747BF3A6EAC0BD605C782B9CED8187D6C241FBF32F779ADADADE53EAFC90F04AEF33F44D5B9F3CE3BDFDEB061C3B40602CF3EFBECAEE4806937A1CD8C0BDAE323259E0A3F855F9AC7F708855CA98554B182EEB409167239157D3DA87E75DC5817AC0B8E05739DB131FAD8483EF6C3DCEB9D9D9D653DAFE9EEEECEFFBBB4FB1FA2EA5C7DF5D5837BF7EE9DD640E08D37DEE84B0E98D74C68C326B4A1C4337F6253F829FCD23CBE2758C88D56D0BD3289426EB27F1FFD5AA5FD6A5DD0AC0BE63A735D7AC646F2E71DB98F4FF5CD040BF5F6F6E6FF3D5EF33F44D5696E6E8E070606A63510083F2F3960064C68234F68F98967D80AA5F053F8A5797CCF98FCBB292315749329E40A0BBA73F56BFAFBD5BAA05917AC21E6BAF48C8DA41DCAFD79AA1E3538DA2308F37EF680FF21AAF2A03A154A3898B5134DE15759CD989CBA76E18517E68AAEB6494E65A78DF0AECE2B273E3E196DFA55BF5A1734EB82B9CE5C57BD6DBACF6B9C5D527566CF9E7D7CBA77081C3A74E80D09DAA809E7C64C26737E5D5DDDE9E1F3147EDE094AF3F89E31F61DA127F3EE4E29CF984ECB0E01FD6A5DD0AC0BD610739DB1918C8DE4F707ED1080125D75D55547A6FB1E02AFBFFEFA2BAEB11971422B5CE4665442E1576491AC98D7157ED53DBEF30AA78333CA73FDE7440ABA6ABA87807EB52E9CF2566BEB8075C15C67AEABECB1E11E02300E37DD74D38EE97ECAC0134F3CF15377E13C69425B1F45D1054516B98A080446FBD8A97E5DE157DDE37B8402AAD477538A3D166AA43B448FA7A0AB96A70CE857EB42450502B5B40E5817CC75E6BACA1E1B9E3200E370F7DD77DF9B98D64060F1E2C58F794E6776B21A2DED160808046A627C1729E8C62AA4C67A46F458CF982EE6EC1915FE0C69FDEAB8110808041C0BE63A6363F4B191BC7E65EE24BDB5B5B5ACE7356D6D6DF981C075FE87A83A37DE78E3EF5F79E595C78E1E3D3A6D0F19686868E8490E988FEBFDD2080404023566AC7757C62AE4664CB0A0CB6D39BD40BFEA57EB8240C0BA60AE33D755AFC6C6C63393738DC170929EFC3E3E70E040594E6AFAFBFBE3A6A6A6E3798180F31BAAD3C2850B7FB169D3A6E9BA5C607972B0ACD3EB02018100A328F62E4FA985DC780BBADCCFBB40BFEA57EB8240C0BA60AE33D755BF288A3A7227EACB972F2FCB79CD8A152BF2770738BFA17ACD9D3BB77ED1A24583D3B04BA0BFA1A1E167C901DAA4D705020201C610DEE529DC7A397BC6F89F113D52417771C1CFA9A5EB3DF5AB754120605D30D799EB6A2110B82077B21E76094CF5CD05C3F74BCE6B86760738BFA1EAB5B4B46C696F6F2F6B1A10EE5710D2B3715E0FA6F0130808046ABBA0CBBF49547E61564A2137638CAFABD5C742E957EB8240C0BA60AE33D7A55E72DEF154EE847DE1C28553F608C2F0A8C1458B161DCDDF1DE0FC86341C301F9F3367CEA1EDDBB797250CD8B265CB8F939FB1378AA24FE9EDEA0B046678ECA0C2EFD429DCFA190AB18B678CFF3150855F37D96757EB57FD2A10F0D841EB82B9CE5C57E1E73749DB9F3B715FBC78F1A443811006DC7EFBEDF9F70D38E8FC86D4686A6A6A6C696979AFAFAF6F4AC3803D7BF63CD3D0D0F04B5B69D251F8D57A53F85544413759236D25D5AFFAD5BAA05917CC75E6BA94C9643233733718CCED1498E8E503E1EB0A7606B85480F4696C6C9C337FFEFC8353B55320EC0C0861407230DEA077157E0A3F2AA0A09BEAC250BFEA57EB8275C1BA60AEA3822527EECDF9A140B8A740B8D160784A40A94F13083710CCBF674068CE6F487592D6D4D4F4F6A38F3EFAEE246E34D87FCF3DF72C0B9709848350AF2AFC147E4C81C96ED1B4C553BF5A1734EB82B9CE5C57A3E73749EBCF3FA10FC1406B6B6BDCD9D9997DF73F773941B82CA0B7B737EEEEEE8E972C5912CF9E3DFB58FED785CB049CDF500B49DAC71B1A1AD6B4B4B4BCF1B39FFDECD038828081279F7C72455353D3C670830DD7D428FC147E94A9A01BEFBB336EFEA45FAD0B9A7501735D8D9FDFE43F8E7082CDF90D3577E07C390403CDCDCD7D77DE79E7B6679E79E697BDBDBD7B070606B267FF870E1D7AE3F5D75F7F65F5EAD5FF7CF3CD373FDED8D8B8331C28213573B74D859FC28F3219EF964D5B3CF5AB7541B32E60AE63E8FCE6443030389E20C0F90D352D39D13F333970AE490E841F26EDD5A40D9C3838C2AFAF25AD3D69D785E44D6F29FC147E5450417776D20E26ED025DA65FAD0B9A7501731DC5CE6F92DF1F737E0328FC34855FF538F744A176EE28AFEF57C8E957EB82665DC05CC7683299CC39B91D035114B9340450F8690ABF2A51EC5D1E5B3CF5AB7541B32E60AEA3D440E091BCCB0336EA1140E1A729FCAAB7A053C8E957EB82665DC05C474966CE9C7976E1FD0432998CFF7F40E1A729FCAAB0A06B53C8E957EB82665DC05CC7380281F6116E22B8D10D0401859FA6F0AB2EE19ABF7886C7424D79BF86E248BF5A1734EB82B98E14860167177BDA401445EE1F0128FC34855F95F9882E284BC164DC5B1734EB82B98E34FE9F3F3ECAA306D7EB2140E1A729FC50302992AD0B9A75C15C47FAFEBF8BEE0E702F0140E1A729FC40916C5DD0AC0BE63AD2FBFFDD3E5A18E0890380C24F53F88122D9BAA05917CC751803000A3F4DE1870209EB82665D30D7610C0028FC147EA040C2BA605DB02E98EB300600147E0A3F5020615DB02E60AEC3180050F829FC40818475C1BA80B90E630040E1A7F0030512D605EB02E63A8C0100859FC20F14485817AC0B98EB300600147E0A3F5020615DB02E60AEC3180050F829FC40818475C1BA80B90E630050F829FC147EA040C2BA605DC05C87310028FC34851F2890AC0BE663EB02E63A8C0140E1A729FC4081645DD0AC0B98EB300600859FA6F00305927541B32E60AEC31800D260CD9A350AAECA690349E1376854A240C2BAA05917CC7518030065D7D5D5B5B7AFAF4FD15501ADB7B7F7A1A4F07BC9A84481847541B32E98EB300600CA6EEDDAB55FEAECEC7C6BDFBE7D87145FA7EE1DA050F4AD5EBDFA9749FBB251890209EB8275C1BA60AEC31800981649B1717E4747C7C6B02D315CAB586D6DC58A15719860ABF1EF7EA2857E7F49D1870209EB82665D30D7610C0030BEC9B53D4CB0757575A7EB0D50200198EB3006006A4026933927995C07C3041B45D1B97A04144800E63A8C0180DA08041E0993EB89B6518F800209C05C87310090FE49F5ECDCEE805CCB6432E7EB1950200198EB300600D23DA9B6E78701B95D02EE25000A2400731DC600407A27D461BB03722D8AA20BF410289000CC75180300E99C501F1F290C38D1D6EB2150200198EB300600D2379916DD1DE05E02A0400230D7610C00A477326D1F2D0CF0C40150200198EB3006004CB080E317C05C8731006082051CBF00E63A8C0100132CE0F80530D7610C00986001C72F80B90E6300C0040B387E01CC751803002658C0F10B60AEC3180030C1028E5F00731DC60080091670FC0298EB3006004CB080E317C05C8731006082051CBF80B90E630000132CE0F805CC751803009860C1F10B60AEC31800C0040B8E5F00731DC60000265870FC0298EB30060030C182E317C05C8731008009161CBF00E63A8C0100132CE0F80530D7610C00986001C72F80B90E6300C0040B387E01CC751803002658C0F10B60AEC3180030C1028E5F00731DC60080091670FC0298EB3006004CB080E317C05C8731006082051CBF00E63A8C0100132CE0F80530D7610C00986001C72F80B90E6300C0040B387E01739DB9CE183006004CB080E31730D7610C00608205C7AFE31730D7610C00608205C72F80B90E630000132C387E01CC751803009860C1F10B60AEC31800C0040B8E5F00731DC60080091670FC0298EB3006004CB080E317C05C8731006082051CBF00E63A8C0100132CE0F80530D7610C00986001C72F80B90E6300C0040B387E01CC751803002658C0F10B60AEC3180030C1028E5F00731DC60080091670FC0298EB3006004CB080E317C05C8731006082051CBF00E63A8C0100132CE0F805CC75180300986001C72F60AEC31800C0040B8E5F00731DC60000265870FC0298EB30060030C182E317C05C8731008009161CBF00E63A8C010013AC09161CBF00E63A8C0100132CE0F80530D7610C00986001C72F80B90E6300C0040B387E01CC751803002658C0F10B60AEC3180030C1028E5F00731DC60080091670FC0298EB3006004CB080E317C05C8731006082051CBF00E63A8C0100132CE0F80530D7610C00986081C263B53D1CAF63B48D7A0A50AB600C00608285741DAB67276D70B4402093C99CAFA700B50AC60000265848DFF1FAF82881C0FABABABAD3F512A056C11800C0040BE93B5ECF2E1608445174811E02D42A180300986021BDC7EC48F712D8687700A056C11800C0040BE93E6687DD4BC0BD0300B50AC600002658A801994CE611BB0300B50AC600002658A8BD40E09CBC7B079CAB4700B50AC600002658A89D63377B2F01BB0300B50AC600002658A8AD63F76CC72FA056C11800C0040BE310C7F1E93B77EEFCE1860D1B8EAD59B326EEE8E8D0A6B9AD5EBD3AEEEAEA7A33694D4624A056C1180030C1C2B40861C0BA75EBE2BEBEBEF8C89123DA296AFBF7EF8F9F7EFAE9B757AF5EFD65A31250AB600C009860A1ECC2CE006140C58402473A3A3A5E322A01B50AC600800916CA2E5C26E064BC725A4747C7A05109A8553006004CB05076E11A7627E2151508988700B50AC6008009162A271078F7ADBDF1CE8DCBE26DAB6FC9B6F0FBF03127F1020140AD82310060828594060207FB7BE3179FB8297EE1B1EB4F6AE163E13527F2020140AD823100608285140602AF6DFBC9B03020D7F66C6B77222F1000D42A1803002658486320F0D25377150D04C26B4EE40502805A056300C0040B290C045EECB8B96820105E73222F1000D42A1803002658100868020140AD823100608285340402E1A902C50281F09A13798100A056C1180030C1420A03811DDDDF2A1A0884D79CC80B0400B50AC6008009165218081CE8DD12BFF8E4E2E1970B241F0BAF39911708006A158C0100132CA4301008EDD5E71F181608848F39891708006A158C0100132CA43510387C38DEF1EC77865F2E907C2CBCE6445E2000A8553006004CB090B240E0607F6FBCBDFB9B45EF21105E0B9FE3645E2000A8553006004CB0908640E0F0E178EF8EB5F1D6555F2F1A06E45AF89CF0B9760B080400B50AC600800916AA3810186B5780DD02020140AD823100608285140602A5EC0A186DB780137B8100A056C1180030C142150602130D0372CD89BD400050AB600C009860A10A03014D2000A8553006004CB02010D00402805A056300C0040B02014D2000A8553006004CB02010D00402805A056300C0040B02014D2000A8553006004CB02010D00402805A056300C0040B02014D2000A8553006004CB02010D00402805A056300C0040B02014D2000A8553006004CB02010100800A8553006004CB02010100800A8553006004CB020101008006A158C01004CB020101008006A158C01004CB090A7AEAEEE748180400050AB600C006082A546C471FCB13D7BF6ACEFEEEE8E6FBCF1C645C582018140750502C93C7576269379C40807B50AC6000026581866F7EEDD370D0C0C0CC6271C3E7CF8D70F3DF4D08E2BAEB8E2330281EA0C04421090B4F6A40D9AAB40AD8231008009164EF2EEBBEF7E76DFBE7DBBE2225E7DF5D5813BEFBCF3BBCDCDCD670804AA2310280C0272CD6807B50AC6000026580897079CF1DA6BAF3D78ECD8B1E3F1188E1F3F7E6CD5AA556F5E7BEDB55F1408546E2090C964CE099706140601020150ABE80563402F009860216BDFBE7D17BDF5D65B6FC7E3D4DFDF7FF83BDFF9CE9AF6F67627E21516088CB423402000A855300600CA3CC16A5AB5B5254B968493FB78028140F66BC3F7E8EDED75325E598180A6699A401081000030BAC6C6C633E7CF9FFFCFCF3EFBECDEE3C78F1F2D250C78EBADB7FEA9A5A5E5A9B0253DE144BC022F19F8CA57BEF285A4E85BEF84000081000030AA288A2EF89BBFF99BD7FAFBFBFB46B97FC08B4B972EFD3F4931B1237C7EF8BA6ABB8740F2571EB195FA7AB5DD5430F97F3A37F9FF5A2710004020000014555F5FFFE1C6C6C6BF7FF8E187FB8E1D3B76282F0B18F8C52F7EF1DDE4B51733994C5B7373F347725F538D81C0681F1BEBF56A7DECE0891D03EB0402000201BD00008C562C9C7DEDB5D76ED9B97367EFA143879EFEFAD7BFFE8313DBCFCF2EFC5C81407504023927760CAC37CA010402000023AAABAB3B3D3979BC26140EE1D7F0E7913E4F20505D8100000201BD0000941C0C8CF6BA4040200080400000A8410201810000020100402020101008002010000004021E3B281000402000000804348100000201004020A00904001008000002014D2000804000001008680201000402008040401308002010000004029A4000008100002010D004020008040000818040000004020080404020000002010040202010004020000020101008002010000010080804001008000008040402000804000004020201000402000002018100000201004020A00904001008000002014D2000804000001008680201000402008040401308002010000004029A4000008100002010D0040200080400008180261000402000000804348100000201004020A009040010080000020181000008040000818040000004020080404020008040000060F2D6AC59E344BC72DA404747C7A051098040000028BBAEAEAEBD7D7D7D4EC62BA0F5F6F63ED4D1D1F19251098040000028BBB56BD77EA9B3B3F3AD7DFBF61DAAE693E937DF7CB3AA7706843060F5EAD5BF4CDA978D4A00040200C0B4484E42CFEFE8E8D818B6AB876BD8ABAD3DF7DC73F192254BE2471F7D34AEC6BFFF897E7F49180080400000A044711C9FF1AB5FFDAA3F115F7AE9A51BEAEAEA4ED72B000804000052EEB5D75E7B303E61D3A64D2F2585D2CD7A0500810000408ABDF5D65BBF7FECD8B1E3719EBBEFBE7B7726933947EF002010000048A9575E79E5677181A3478FBEB960C1829DCDCDCD1FD143000804000052E685175EB8B8707740CEF6EDDB9F4F0AA607F512000201008014093712DCBF7FFFBBF128EEBEFBEECD994C66A6DE024020000090125BB76EFD513C8623478EEC9C356B56DCDCDC7C861E03402000009002AB56AD1A2B0F887B7B7BF75E7CF1C50BF516000201008094F8DAD7BED678F0E0C123C5C280E3C78F1FBDE5965BB6D4D5D59DAEB70010080000A4C8F7BFFFFDB5C5028155AB56F52505D3D97A090081000040CAD4D7D77F78EBD6AD070BC380C3870FBF376FDEBC6FE92100040200002975F7DD777FE1EDB7DF3E9A1F083CF0C0037DCDCDCD1FD13B000804000052ECD1471F5D910B037EF9CB5FBE3367CE9C8BF40A00020100801AF0CA2BAF1C387AF4687CE38D37FE3FBD0180400000A0467474749CF3831FFC20CE643217EA0D0004020000B555206DCC6432E7E8090052BEDE090400000A0AA47551147D5E4F0090F2F54E200000505020754651F4DFF50400295FEF040200000505D2EAA4FDA99E0020E5EB9D400000A0A0407A2293C9FC0F3D0140CAD73B81000040BE4C26F3584343C39FEB0900D24C200000502093C9FC248AA22FEA0900D24C20000030BC40FA51D2FE979E0020E5EB9D400000205F14452B33994CBD9E0020CD0402000005A2285A91C96466EA0900D24C20000030BC407A308AA2263D0140CAD73B810000404181F4BD288A66EB090052BEDE090400000A0AA47B9336574F0090F2F54E2000005050202D4DDA7C3D0140CAD73B81000040BE4C26F30F51142DD01300A499400000A0402693591245D1557A028034130800000C2F90FE2E69D7EA090052BEDE09040000F24551D49AC964AED71300A499400000A0401445776432991BF404006926100000185E20DD9AB41BF50400295FEF040200000505D2CD495BAC270048F97A271000002828906E0CBB04F40400295FEF04020000F9A228FADF4991F40D3D01409A090400000A84270C84270DE80900D24C200000502093C92C8CA2E81E3D01409A090400008617485727EDEFF50400295FEF04020000F9A2285A90C964FE414F00906602010080025114B5643299EFEA0900D24C20000030BC409A9BB47BF50400295FEF0402000005055273D296E9090052BEDE09040000F24551D49414490FEA0900D24C20000050204A2445D23FE90900D24C200000502093C9D44751B4524F0090660201008002994CE6C2A4487A584F00906602010080E105D25F26EDC77A028094AF77020100807C0D0D0D7F9EC9641ED31300A499400000A0404343C3FFCC6432ABF404006926100000185E20FD69D256EB090052BEDE090400000A0AA4BAA43DA5270048F97A27100000C81745D1E79322699D9E0020CD0402000005A228FAAF4991F4AC9E0020CD04020000053299CCE79222E9393D01409A090400000A643299FF9214499BF404006926100000281045D17F4E8AA417F40400692610000028505F5FFF1FA328DAA6270048338100004081FAFAFA4F4651F4B29E0020CD04020000053299CCEF2745D22FF404006926100000185E207D3C69AFEA090052BEDE09040000F23536369E991449AFE90900D24C20000050A0A9A9E9DF2745D2EB7A0280341308000014A8AFAFFF774991D4A7270048338100004081FAFAFA8F2645D2013D01409A090400000A343636FEDBA4487A5B4F00906602010080025FFCE217FF4D5224BDA7270048338100004081F3CE3BEF43499174584F0090660201008002F5F5F5EF4F8AA4A37A02803413080000142992344DD3342DEDCD8A0F000000000000000000000000000000000000000000000000000000000000000000000029F5FF017F23CDA9BAEB828A0000000049454E44AE426082, '1');
INSERT INTO `act_ge_bytearray` VALUES ('55007', '1', 'var-leaveTask', null, 0xACED000573720025636F6D2E6A6176617765622E4D69636861656C4B61692E706F6A6F2E557365724C65617665000000000000000102000A4C0007656E6454696D657400124C6A6176612F6C616E672F537472696E673B4C0002696471007E00014C00096C65617665446179737400134C6A6176612F6C616E672F496E74656765723B4C000B6C65617665526561736F6E71007E00014C001470726F63657373446566696E6974696F6E4B657971007E00014C001170726F63657373496E7374616E6365496471007E00014C0009737461727454696D6571007E00014C000673746174757371007E00024C000775726C5061746871007E00014C000675736572496471007E000178720024636F6D2E6A6176617765622E4D69636861656C4B61692E706F6A6F2E426173655461736B62F97CA5E6EEB45302000B4C000A63726561746554696D6571007E00014C000C63726561746555736572496471007E00014C0002696471007E00014C001170726F63657373496E7374616E6365496471007E00014C0006726561736F6E71007E00014C000673746174757371007E00024C00087461736B4E616D6571007E00014C000A75706461746554696D6571007E00014C000C75706461746555736572496471007E00014C000775726C5061746871007E00014C000675736572496471007E000178707070707070707070707070740013323031392D30382D31302030303A30303A30307400133131353933383030353930393436353038383070707070740013323031392D30382D30382030303A30303A3030737200116A6176612E6C616E672E496E746567657212E2A0A4F781873802000149000576616C7565787200106A6176612E6C616E672E4E756D62657286AC951D0B94E08B0200007870000000017400282F6C656176652F726561644F6E6C794C656176652F3131353933383030353930393436353038383074000131, null);
INSERT INTO `act_ge_bytearray` VALUES ('55009', '1', 'hist.var-leaveTask', null, 0xACED000573720025636F6D2E6A6176617765622E4D69636861656C4B61692E706F6A6F2E557365724C65617665000000000000000102000A4C0007656E6454696D657400124C6A6176612F6C616E672F537472696E673B4C0002696471007E00014C00096C65617665446179737400134C6A6176612F6C616E672F496E74656765723B4C000B6C65617665526561736F6E71007E00014C001470726F63657373446566696E6974696F6E4B657971007E00014C001170726F63657373496E7374616E6365496471007E00014C0009737461727454696D6571007E00014C000673746174757371007E00024C000775726C5061746871007E00014C000675736572496471007E000178720024636F6D2E6A6176617765622E4D69636861656C4B61692E706F6A6F2E426173655461736B62F97CA5E6EEB45302000B4C000A63726561746554696D6571007E00014C000C63726561746555736572496471007E00014C0002696471007E00014C001170726F63657373496E7374616E6365496471007E00014C0006726561736F6E71007E00014C000673746174757371007E00024C00087461736B4E616D6571007E00014C000A75706461746554696D6571007E00014C000C75706461746555736572496471007E00014C000775726C5061746871007E00014C000675736572496471007E000178707070707070707070707070740013323031392D30382D31302030303A30303A30307400133131353933383030353930393436353038383070707070740013323031392D30382D30382030303A30303A3030737200116A6176612E6C616E672E496E746567657212E2A0A4F781873802000149000576616C7565787200106A6176612E6C616E672E4E756D62657286AC951D0B94E08B0200007870000000017400282F6C656176652F726561644F6E6C794C656176652F3131353933383030353930393436353038383074000131, null);
INSERT INTO `act_ge_bytearray` VALUES ('7502', '1', 'E:\\workspaceIDEA\\project_base\\project_web\\target\\classes\\processes\\my-process.bpmn20.xml', '7501', 0x3C3F786D6C2076657273696F6E3D22312E302220656E636F64696E673D225554462D38223F3E0D0A0D0A3C646566696E6974696F6E7320786D6C6E733D22687474703A2F2F7777772E6F6D672E6F72672F737065632F42504D4E2F32303130303532342F4D4F44454C220D0A20202020202020202020202020786D6C6E733A7873693D22687474703A2F2F7777772E77332E6F72672F323030312F584D4C536368656D612D696E7374616E63652220786D6C6E733A61637469766974693D22687474703A2F2F61637469766974692E6F72672F62706D6E220D0A20202020202020202020202020786D6C6E733A62706D6E64693D22687474703A2F2F7777772E6F6D672E6F72672F737065632F42504D4E2F32303130303532342F44492220786D6C6E733A6F6D6764633D22687474703A2F2F7777772E6F6D672E6F72672F737065632F44442F32303130303532342F4443220D0A20202020202020202020202020786D6C6E733A6F6D6764693D22687474703A2F2F7777772E6F6D672E6F72672F737065632F44442F32303130303532342F44492220747970654C616E67756167653D22687474703A2F2F7777772E77332E6F72672F323030312F584D4C536368656D61220D0A2020202020202020202020202065787072657373696F6E4C616E67756167653D22687474703A2F2F7777772E77332E6F72672F313939392F585061746822207461726765744E616D6573706163653D22687474703A2F2F7777772E61637469766974692E6F72672F74657374223E0D0A0D0A202020203C70726F636573732069643D226D792D70726F63657373223E0D0A0D0A20202020202020203C73746172744576656E742069643D22737461727422202F3E0D0A20202020202020203C73657175656E6365466C6F772069643D22666C6F77312220736F757263655265663D22737461727422207461726765745265663D22736F6D655461736B22202F3E0D0A0D0A20202020202020203C757365725461736B2069643D22736F6D655461736B22206E616D653D22416374697669746920697320617765736F6D652122202F3E0D0A20202020202020203C73657175656E6365466C6F772069643D22666C6F77322220736F757263655265663D22736F6D655461736B22207461726765745265663D22656E6422202F3E0D0A0D0A20202020202020203C656E644576656E742069643D22656E6422202F3E0D0A0D0A202020203C2F70726F636573733E0D0A0D0A3C2F646566696E6974696F6E733E, '0');

-- ----------------------------
-- Table structure for `act_ge_property`
-- ----------------------------
DROP TABLE IF EXISTS `act_ge_property`;
CREATE TABLE `act_ge_property` (
  `NAME_` varchar(64) COLLATE utf8_bin NOT NULL DEFAULT '',
  `VALUE_` varchar(300) COLLATE utf8_bin DEFAULT NULL,
  `REV_` int(11) DEFAULT NULL,
  PRIMARY KEY (`NAME_`)
) ENGINE=InnoDB DEFAULT CHARSET=utf8 COLLATE=utf8_bin;

-- ----------------------------
-- Records of act_ge_property
-- ----------------------------
INSERT INTO `act_ge_property` VALUES ('next.dbid', '57501', '24');
INSERT INTO `act_ge_property` VALUES ('schema.history', 'create(5.22.0.0)', '1');
INSERT INTO `act_ge_property` VALUES ('schema.version', '5.22.0.0', '1');

-- ----------------------------
-- Table structure for `act_hi_actinst`
-- ----------------------------
DROP TABLE IF EXISTS `act_hi_actinst`;
CREATE TABLE `act_hi_actinst` (
  `ID_` varchar(64) COLLATE utf8_bin NOT NULL,
  `PROC_DEF_ID_` varchar(64) COLLATE utf8_bin NOT NULL,
  `PROC_INST_ID_` varchar(64) COLLATE utf8_bin NOT NULL,
  `EXECUTION_ID_` varchar(64) COLLATE utf8_bin NOT NULL,
  `ACT_ID_` varchar(255) COLLATE utf8_bin NOT NULL,
  `TASK_ID_` varchar(64) COLLATE utf8_bin DEFAULT NULL,
  `CALL_PROC_INST_ID_` varchar(64) COLLATE utf8_bin DEFAULT NULL,
  `ACT_NAME_` varchar(255) COLLATE utf8_bin DEFAULT NULL,
  `ACT_TYPE_` varchar(255) COLLATE utf8_bin NOT NULL,
  `ASSIGNEE_` varchar(255) COLLATE utf8_bin DEFAULT NULL,
  `START_TIME_` datetime NOT NULL,
  `END_TIME_` datetime DEFAULT NULL,
  `DURATION_` bigint(20) DEFAULT NULL,
  `TENANT_ID_` varchar(255) COLLATE utf8_bin DEFAULT '',
  PRIMARY KEY (`ID_`),
  KEY `ACT_IDX_HI_ACT_INST_START` (`START_TIME_`),
  KEY `ACT_IDX_HI_ACT_INST_END` (`END_TIME_`),
  KEY `ACT_IDX_HI_ACT_INST_PROCINST` (`PROC_INST_ID_`,`ACT_ID_`),
  KEY `ACT_IDX_HI_ACT_INST_EXEC` (`EXECUTION_ID_`,`ACT_ID_`)
) ENGINE=InnoDB DEFAULT CHARSET=utf8 COLLATE=utf8_bin;

-- ----------------------------
-- Records of act_hi_actinst
-- ----------------------------
INSERT INTO `act_hi_actinst` VALUES ('40002', 'process:3:37509', '40001', '40001', 'sid-C996C073-1AAA-4F81-922F-F68B7A0AF7FE', null, null, null, 'startEvent', null, '2019-08-06 10:54:26', '2019-08-06 10:54:26', '28', '');
INSERT INTO `act_hi_actinst` VALUES ('40003', 'process:3:37509', '40001', '40001', 'sid-7042DFA7-9FCC-44D7-9C0A-FC9D67C71E51', '40004', null, null, 'userTask', null, '2019-08-06 10:54:26', null, null, '');
INSERT INTO `act_hi_actinst` VALUES ('52510', 'process:4:50014', '52509', '52509', 'startEvent', null, null, 'startEvent', 'startEvent', null, '2019-08-08 14:14:40', '2019-08-08 14:14:40', '2', '');
INSERT INTO `act_hi_actinst` VALUES ('52514', 'process:4:50014', '52509', '52509', 'adminApprove', '52515', null, '', 'userTask', '1159004004836052992', '2019-08-08 14:14:40', null, null, '');
INSERT INTO `act_hi_actinst` VALUES ('55006', 'process:5:55004', '55005', '55005', 'startEvent', null, null, 'startEvent', 'startEvent', null, '2019-08-08 16:25:21', '2019-08-08 16:25:21', '46', '');
INSERT INTO `act_hi_actinst` VALUES ('55010', 'process:5:55004', '55005', '55005', 'adminApprove', '55011', null, '', 'userTask', '1', '2019-08-08 16:25:21', null, null, '');

-- ----------------------------
-- Table structure for `act_hi_attachment`
-- ----------------------------
DROP TABLE IF EXISTS `act_hi_attachment`;
CREATE TABLE `act_hi_attachment` (
  `ID_` varchar(64) COLLATE utf8_bin NOT NULL,
  `REV_` int(11) DEFAULT NULL,
  `USER_ID_` varchar(255) COLLATE utf8_bin DEFAULT NULL,
  `NAME_` varchar(255) COLLATE utf8_bin DEFAULT NULL,
  `DESCRIPTION_` varchar(4000) COLLATE utf8_bin DEFAULT NULL,
  `TYPE_` varchar(255) COLLATE utf8_bin DEFAULT NULL,
  `TASK_ID_` varchar(64) COLLATE utf8_bin DEFAULT NULL,
  `PROC_INST_ID_` varchar(64) COLLATE utf8_bin DEFAULT NULL,
  `URL_` varchar(4000) COLLATE utf8_bin DEFAULT NULL,
  `CONTENT_ID_` varchar(64) COLLATE utf8_bin DEFAULT NULL,
  `TIME_` datetime DEFAULT NULL,
  PRIMARY KEY (`ID_`)
) ENGINE=InnoDB DEFAULT CHARSET=utf8 COLLATE=utf8_bin;

-- ----------------------------
-- Records of act_hi_attachment
-- ----------------------------

-- ----------------------------
-- Table structure for `act_hi_comment`
-- ----------------------------
DROP TABLE IF EXISTS `act_hi_comment`;
CREATE TABLE `act_hi_comment` (
  `ID_` varchar(64) COLLATE utf8_bin NOT NULL,
  `TYPE_` varchar(255) COLLATE utf8_bin DEFAULT NULL,
  `TIME_` datetime NOT NULL,
  `USER_ID_` varchar(255) COLLATE utf8_bin DEFAULT NULL,
  `TASK_ID_` varchar(64) COLLATE utf8_bin DEFAULT NULL,
  `PROC_INST_ID_` varchar(64) COLLATE utf8_bin DEFAULT NULL,
  `ACTION_` varchar(255) COLLATE utf8_bin DEFAULT NULL,
  `MESSAGE_` varchar(4000) COLLATE utf8_bin DEFAULT NULL,
  `FULL_MSG_` longblob,
  PRIMARY KEY (`ID_`)
) ENGINE=InnoDB DEFAULT CHARSET=utf8 COLLATE=utf8_bin;

-- ----------------------------
-- Records of act_hi_comment
-- ----------------------------

-- ----------------------------
-- Table structure for `act_hi_detail`
-- ----------------------------
DROP TABLE IF EXISTS `act_hi_detail`;
CREATE TABLE `act_hi_detail` (
  `ID_` varchar(64) COLLATE utf8_bin NOT NULL,
  `TYPE_` varchar(255) COLLATE utf8_bin NOT NULL,
  `PROC_INST_ID_` varchar(64) COLLATE utf8_bin DEFAULT NULL,
  `EXECUTION_ID_` varchar(64) COLLATE utf8_bin DEFAULT NULL,
  `TASK_ID_` varchar(64) COLLATE utf8_bin DEFAULT NULL,
  `ACT_INST_ID_` varchar(64) COLLATE utf8_bin DEFAULT NULL,
  `NAME_` varchar(255) COLLATE utf8_bin NOT NULL,
  `VAR_TYPE_` varchar(255) COLLATE utf8_bin DEFAULT NULL,
  `REV_` int(11) DEFAULT NULL,
  `TIME_` datetime NOT NULL,
  `BYTEARRAY_ID_` varchar(64) COLLATE utf8_bin DEFAULT NULL,
  `DOUBLE_` double DEFAULT NULL,
  `LONG_` bigint(20) DEFAULT NULL,
  `TEXT_` varchar(4000) COLLATE utf8_bin DEFAULT NULL,
  `TEXT2_` varchar(4000) COLLATE utf8_bin DEFAULT NULL,
  PRIMARY KEY (`ID_`),
  KEY `ACT_IDX_HI_DETAIL_PROC_INST` (`PROC_INST_ID_`),
  KEY `ACT_IDX_HI_DETAIL_ACT_INST` (`ACT_INST_ID_`),
  KEY `ACT_IDX_HI_DETAIL_TIME` (`TIME_`),
  KEY `ACT_IDX_HI_DETAIL_NAME` (`NAME_`),
  KEY `ACT_IDX_HI_DETAIL_TASK_ID` (`TASK_ID_`)
) ENGINE=InnoDB DEFAULT CHARSET=utf8 COLLATE=utf8_bin;

-- ----------------------------
-- Records of act_hi_detail
-- ----------------------------

-- ----------------------------
-- Table structure for `act_hi_identitylink`
-- ----------------------------
DROP TABLE IF EXISTS `act_hi_identitylink`;
CREATE TABLE `act_hi_identitylink` (
  `ID_` varchar(64) COLLATE utf8_bin NOT NULL DEFAULT '',
  `GROUP_ID_` varchar(255) COLLATE utf8_bin DEFAULT NULL,
  `TYPE_` varchar(255) COLLATE utf8_bin DEFAULT NULL,
  `USER_ID_` varchar(255) COLLATE utf8_bin DEFAULT NULL,
  `TASK_ID_` varchar(64) COLLATE utf8_bin DEFAULT NULL,
  `PROC_INST_ID_` varchar(64) COLLATE utf8_bin DEFAULT NULL,
  PRIMARY KEY (`ID_`),
  KEY `ACT_IDX_HI_IDENT_LNK_USER` (`USER_ID_`),
  KEY `ACT_IDX_HI_IDENT_LNK_TASK` (`TASK_ID_`),
  KEY `ACT_IDX_HI_IDENT_LNK_PROCINST` (`PROC_INST_ID_`)
) ENGINE=InnoDB DEFAULT CHARSET=utf8 COLLATE=utf8_bin;

-- ----------------------------
-- Records of act_hi_identitylink
-- ----------------------------
INSERT INTO `act_hi_identitylink` VALUES ('52516', null, 'participant', '1159004004836052992', null, '52509');
INSERT INTO `act_hi_identitylink` VALUES ('55012', null, 'participant', '1', null, '55005');

-- ----------------------------
-- Table structure for `act_hi_procinst`
-- ----------------------------
DROP TABLE IF EXISTS `act_hi_procinst`;
CREATE TABLE `act_hi_procinst` (
  `ID_` varchar(64) COLLATE utf8_bin NOT NULL,
  `PROC_INST_ID_` varchar(64) COLLATE utf8_bin NOT NULL,
  `BUSINESS_KEY_` varchar(255) COLLATE utf8_bin DEFAULT NULL,
  `PROC_DEF_ID_` varchar(64) COLLATE utf8_bin NOT NULL,
  `START_TIME_` datetime NOT NULL,
  `END_TIME_` datetime DEFAULT NULL,
  `DURATION_` bigint(20) DEFAULT NULL,
  `START_USER_ID_` varchar(255) COLLATE utf8_bin DEFAULT NULL,
  `START_ACT_ID_` varchar(255) COLLATE utf8_bin DEFAULT NULL,
  `END_ACT_ID_` varchar(255) COLLATE utf8_bin DEFAULT NULL,
  `SUPER_PROCESS_INSTANCE_ID_` varchar(64) COLLATE utf8_bin DEFAULT NULL,
  `DELETE_REASON_` varchar(4000) COLLATE utf8_bin DEFAULT NULL,
  `TENANT_ID_` varchar(255) COLLATE utf8_bin DEFAULT '',
  `NAME_` varchar(255) COLLATE utf8_bin DEFAULT NULL,
  PRIMARY KEY (`ID_`),
  UNIQUE KEY `PROC_INST_ID_` (`PROC_INST_ID_`),
  KEY `ACT_IDX_HI_PRO_INST_END` (`END_TIME_`),
  KEY `ACT_IDX_HI_PRO_I_BUSKEY` (`BUSINESS_KEY_`)
) ENGINE=InnoDB DEFAULT CHARSET=utf8 COLLATE=utf8_bin;

-- ----------------------------
-- Records of act_hi_procinst
-- ----------------------------
INSERT INTO `act_hi_procinst` VALUES ('40001', '40001', null, 'process:3:37509', '2019-08-06 10:54:26', null, null, null, 'sid-C996C073-1AAA-4F81-922F-F68B7A0AF7FE', null, null, null, '', null);
INSERT INTO `act_hi_procinst` VALUES ('52509', '52509', null, 'process:4:50014', '2019-08-08 14:14:40', null, null, null, 'startEvent', null, null, null, '', null);
INSERT INTO `act_hi_procinst` VALUES ('55005', '55005', null, 'process:5:55004', '2019-08-08 16:25:21', null, null, null, 'startEvent', null, null, null, '', null);

-- ----------------------------
-- Table structure for `act_hi_taskinst`
-- ----------------------------
DROP TABLE IF EXISTS `act_hi_taskinst`;
CREATE TABLE `act_hi_taskinst` (
  `ID_` varchar(64) COLLATE utf8_bin NOT NULL,
  `PROC_DEF_ID_` varchar(64) COLLATE utf8_bin DEFAULT NULL,
  `TASK_DEF_KEY_` varchar(255) COLLATE utf8_bin DEFAULT NULL,
  `PROC_INST_ID_` varchar(64) COLLATE utf8_bin DEFAULT NULL,
  `EXECUTION_ID_` varchar(64) COLLATE utf8_bin DEFAULT NULL,
  `NAME_` varchar(255) COLLATE utf8_bin DEFAULT NULL,
  `PARENT_TASK_ID_` varchar(64) COLLATE utf8_bin DEFAULT NULL,
  `DESCRIPTION_` varchar(4000) COLLATE utf8_bin DEFAULT NULL,
  `OWNER_` varchar(255) COLLATE utf8_bin DEFAULT NULL,
  `ASSIGNEE_` varchar(255) COLLATE utf8_bin DEFAULT NULL,
  `START_TIME_` datetime NOT NULL,
  `CLAIM_TIME_` datetime DEFAULT NULL,
  `END_TIME_` datetime DEFAULT NULL,
  `DURATION_` bigint(20) DEFAULT NULL,
  `DELETE_REASON_` varchar(4000) COLLATE utf8_bin DEFAULT NULL,
  `PRIORITY_` int(11) DEFAULT NULL,
  `DUE_DATE_` datetime DEFAULT NULL,
  `FORM_KEY_` varchar(255) COLLATE utf8_bin DEFAULT NULL,
  `CATEGORY_` varchar(255) COLLATE utf8_bin DEFAULT NULL,
  `TENANT_ID_` varchar(255) COLLATE utf8_bin DEFAULT '',
  PRIMARY KEY (`ID_`),
  KEY `ACT_IDX_HI_TASK_INST_PROCINST` (`PROC_INST_ID_`)
) ENGINE=InnoDB DEFAULT CHARSET=utf8 COLLATE=utf8_bin;

-- ----------------------------
-- Records of act_hi_taskinst
-- ----------------------------
INSERT INTO `act_hi_taskinst` VALUES ('40004', 'process:3:37509', 'sid-7042DFA7-9FCC-44D7-9C0A-FC9D67C71E51', '40001', '40001', null, null, null, null, null, '2019-08-06 10:54:26', null, null, null, null, '50', null, null, null, '');
INSERT INTO `act_hi_taskinst` VALUES ('52515', 'process:4:50014', 'adminApprove', '52509', '52509', '', null, null, null, '1159004004836052992', '2019-08-08 14:14:40', null, null, null, null, '50', null, null, null, '');
INSERT INTO `act_hi_taskinst` VALUES ('55011', 'process:5:55004', 'adminApprove', '55005', '55005', '', null, null, null, '1', '2019-08-08 16:25:21', null, null, null, null, '50', null, null, null, '');

-- ----------------------------
-- Table structure for `act_hi_varinst`
-- ----------------------------
DROP TABLE IF EXISTS `act_hi_varinst`;
CREATE TABLE `act_hi_varinst` (
  `ID_` varchar(64) COLLATE utf8_bin NOT NULL,
  `PROC_INST_ID_` varchar(64) COLLATE utf8_bin DEFAULT NULL,
  `EXECUTION_ID_` varchar(64) COLLATE utf8_bin DEFAULT NULL,
  `TASK_ID_` varchar(64) COLLATE utf8_bin DEFAULT NULL,
  `NAME_` varchar(255) COLLATE utf8_bin NOT NULL,
  `VAR_TYPE_` varchar(100) COLLATE utf8_bin DEFAULT NULL,
  `REV_` int(11) DEFAULT NULL,
  `BYTEARRAY_ID_` varchar(64) COLLATE utf8_bin DEFAULT NULL,
  `DOUBLE_` double DEFAULT NULL,
  `LONG_` bigint(20) DEFAULT NULL,
  `TEXT_` varchar(4000) COLLATE utf8_bin DEFAULT NULL,
  `TEXT2_` varchar(4000) COLLATE utf8_bin DEFAULT NULL,
  `CREATE_TIME_` datetime DEFAULT NULL,
  `LAST_UPDATED_TIME_` datetime DEFAULT NULL,
  PRIMARY KEY (`ID_`),
  KEY `ACT_IDX_HI_PROCVAR_PROC_INST` (`PROC_INST_ID_`),
  KEY `ACT_IDX_HI_PROCVAR_NAME_TYPE` (`NAME_`,`VAR_TYPE_`),
  KEY `ACT_IDX_HI_PROCVAR_TASK_ID` (`TASK_ID_`)
) ENGINE=InnoDB DEFAULT CHARSET=utf8 COLLATE=utf8_bin;

-- ----------------------------
-- Records of act_hi_varinst
-- ----------------------------
INSERT INTO `act_hi_varinst` VALUES ('52512', '52509', '52509', null, 'leaveTask', 'serializable', '0', '52513', null, null, null, null, '2019-08-08 14:14:40', '2019-08-08 14:14:40');
INSERT INTO `act_hi_varinst` VALUES ('55008', '55005', '55005', null, 'leaveTask', 'serializable', '0', '55009', null, null, null, null, '2019-08-08 16:25:21', '2019-08-08 16:25:21');

-- ----------------------------
-- Table structure for `act_id_group`
-- ----------------------------
DROP TABLE IF EXISTS `act_id_group`;
CREATE TABLE `act_id_group` (
  `ID_` varchar(64) COLLATE utf8_bin NOT NULL DEFAULT '',
  `REV_` int(11) DEFAULT NULL,
  `NAME_` varchar(255) COLLATE utf8_bin DEFAULT NULL,
  `TYPE_` varchar(255) COLLATE utf8_bin DEFAULT NULL,
  PRIMARY KEY (`ID_`)
) ENGINE=InnoDB DEFAULT CHARSET=utf8 COLLATE=utf8_bin;

-- ----------------------------
-- Records of act_id_group
-- ----------------------------
INSERT INTO `act_id_group` VALUES ('1133215383529066496', '1', '', null);
INSERT INTO `act_id_group` VALUES ('1133293155316273152', '1', '', null);
INSERT INTO `act_id_group` VALUES ('1138264907154853888', '1', '', null);

-- ----------------------------
-- Table structure for `act_id_info`
-- ----------------------------
DROP TABLE IF EXISTS `act_id_info`;
CREATE TABLE `act_id_info` (
  `ID_` varchar(64) COLLATE utf8_bin NOT NULL DEFAULT '',
  `REV_` int(11) DEFAULT NULL,
  `USER_ID_` varchar(64) COLLATE utf8_bin DEFAULT NULL,
  `TYPE_` varchar(64) COLLATE utf8_bin DEFAULT NULL,
  `KEY_` varchar(255) COLLATE utf8_bin DEFAULT NULL,
  `VALUE_` varchar(255) COLLATE utf8_bin DEFAULT NULL,
  `PASSWORD_` longblob,
  `PARENT_ID_` varchar(255) COLLATE utf8_bin DEFAULT NULL,
  PRIMARY KEY (`ID_`)
) ENGINE=InnoDB DEFAULT CHARSET=utf8 COLLATE=utf8_bin;

-- ----------------------------
-- Records of act_id_info
-- ----------------------------

-- ----------------------------
-- Table structure for `act_id_membership`
-- ----------------------------
DROP TABLE IF EXISTS `act_id_membership`;
CREATE TABLE `act_id_membership` (
  `USER_ID_` varchar(64) COLLATE utf8_bin NOT NULL DEFAULT '',
  `GROUP_ID_` varchar(64) COLLATE utf8_bin NOT NULL DEFAULT '',
  PRIMARY KEY (`USER_ID_`,`GROUP_ID_`),
  KEY `ACT_FK_MEMB_GROUP` (`GROUP_ID_`),
  CONSTRAINT `ACT_FK_MEMB_GROUP` FOREIGN KEY (`GROUP_ID_`) REFERENCES `act_id_group` (`ID_`),
  CONSTRAINT `ACT_FK_MEMB_USER` FOREIGN KEY (`USER_ID_`) REFERENCES `act_id_user` (`ID_`)
) ENGINE=InnoDB DEFAULT CHARSET=utf8 COLLATE=utf8_bin;

-- ----------------------------
-- Records of act_id_membership
-- ----------------------------
INSERT INTO `act_id_membership` VALUES ('1', '1133215383529066496');
INSERT INTO `act_id_membership` VALUES ('1133293016937795584', '1133215383529066496');
INSERT INTO `act_id_membership` VALUES ('1133580976413347840', '1133293155316273152');
INSERT INTO `act_id_membership` VALUES ('1159004004836052992', '1138264907154853888');

-- ----------------------------
-- Table structure for `act_id_user`
-- ----------------------------
DROP TABLE IF EXISTS `act_id_user`;
CREATE TABLE `act_id_user` (
  `ID_` varchar(64) COLLATE utf8_bin NOT NULL DEFAULT '',
  `REV_` int(11) DEFAULT NULL,
  `FIRST_` varchar(255) COLLATE utf8_bin DEFAULT NULL,
  `LAST_` varchar(255) COLLATE utf8_bin DEFAULT NULL,
  `EMAIL_` varchar(255) COLLATE utf8_bin DEFAULT NULL,
  `PWD_` varchar(255) COLLATE utf8_bin DEFAULT NULL,
  `PICTURE_ID_` varchar(64) COLLATE utf8_bin DEFAULT NULL,
  PRIMARY KEY (`ID_`)
) ENGINE=InnoDB DEFAULT CHARSET=utf8 COLLATE=utf8_bin;

-- ----------------------------
-- Records of act_id_user
-- ----------------------------
INSERT INTO `act_id_user` VALUES ('1', '1', '', '', '6666', '3fc998176534f989edd113a6ebc983c4', null);
INSERT INTO `act_id_user` VALUES ('1131040231643025408', '1', '1', 'user1', '666', null, null);
INSERT INTO `act_id_user` VALUES ('1133293016937795584', '1', '1', 'user1', 'yonghu1', 'b658bd073405f3cdec29492834f20b33', null);
INSERT INTO `act_id_user` VALUES ('1133580976413347840', '1', '3', '', '2424331381@qq.com', '9957d003ea2b3d4a0f2a02db1dc5c2b7', null);
INSERT INTO `act_id_user` VALUES ('1134294084744253440', '1', '2', 'fyk002', '1111', 'b727585eda2d4d4390174ede03c8cb1e', null);
INSERT INTO `act_id_user` VALUES ('1134294281180286976', '1', '', 'fyk003', '1111', '2bd21c29b1e869f405a93642eac0ce31', null);
INSERT INTO `act_id_user` VALUES ('1134295479455191040', '1', '4', 'fyk004', '1111', '2b27399a5904da81f0b20043e6e185ae', null);
INSERT INTO `act_id_user` VALUES ('1134393203030626304', '1', '1', 'test1', '1', 'a8445ed9c0463301b95d9d6c2acf85d7', null);
INSERT INTO `act_id_user` VALUES ('1159004004836052992', '1', 'test', '666', '2424331381@qq.com', '95d8d14770df245e4babcdf16ed4b44a', null);

-- ----------------------------
-- Table structure for `act_procdef_info`
-- ----------------------------
DROP TABLE IF EXISTS `act_procdef_info`;
CREATE TABLE `act_procdef_info` (
  `ID_` varchar(64) COLLATE utf8_bin NOT NULL,
  `PROC_DEF_ID_` varchar(64) COLLATE utf8_bin NOT NULL,
  `REV_` int(11) DEFAULT NULL,
  `INFO_JSON_ID_` varchar(64) COLLATE utf8_bin DEFAULT NULL,
  PRIMARY KEY (`ID_`),
  UNIQUE KEY `ACT_UNIQ_INFO_PROCDEF` (`PROC_DEF_ID_`),
  KEY `ACT_IDX_INFO_PROCDEF` (`PROC_DEF_ID_`),
  KEY `ACT_FK_INFO_JSON_BA` (`INFO_JSON_ID_`),
  CONSTRAINT `ACT_FK_INFO_JSON_BA` FOREIGN KEY (`INFO_JSON_ID_`) REFERENCES `act_ge_bytearray` (`ID_`),
  CONSTRAINT `ACT_FK_INFO_PROCDEF` FOREIGN KEY (`PROC_DEF_ID_`) REFERENCES `act_re_procdef` (`ID_`)
) ENGINE=InnoDB DEFAULT CHARSET=utf8 COLLATE=utf8_bin;

-- ----------------------------
-- Records of act_procdef_info
-- ----------------------------

-- ----------------------------
-- Table structure for `act_re_deployment`
-- ----------------------------
DROP TABLE IF EXISTS `act_re_deployment`;
CREATE TABLE `act_re_deployment` (
  `ID_` varchar(64) COLLATE utf8_bin NOT NULL DEFAULT '',
  `NAME_` varchar(255) COLLATE utf8_bin DEFAULT NULL,
  `CATEGORY_` varchar(255) COLLATE utf8_bin DEFAULT NULL,
  `TENANT_ID_` varchar(255) COLLATE utf8_bin DEFAULT '',
  `DEPLOY_TIME_` timestamp NULL DEFAULT NULL,
  PRIMARY KEY (`ID_`)
) ENGINE=InnoDB DEFAULT CHARSET=utf8 COLLATE=utf8_bin;

-- ----------------------------
-- Records of act_re_deployment
-- ----------------------------
INSERT INTO `act_re_deployment` VALUES ('1', 'SpringAutoDeployment', null, '', '2019-06-14 16:35:36');
INSERT INTO `act_re_deployment` VALUES ('35001', 'cs4', null, '', '2019-08-06 09:22:55');
INSERT INTO `act_re_deployment` VALUES ('37502', 'new-process4', null, '', '2019-08-06 09:44:15');
INSERT INTO `act_re_deployment` VALUES ('37506', 'cs4', null, '', '2019-08-06 09:44:28');
INSERT INTO `act_re_deployment` VALUES ('50011', '', null, '', '2019-08-08 14:00:42');
INSERT INTO `act_re_deployment` VALUES ('55001', '', null, '', '2019-08-08 16:25:01');
INSERT INTO `act_re_deployment` VALUES ('7501', 'SpringAutoDeployment', null, '', '2019-08-05 11:31:09');

-- ----------------------------
-- Table structure for `act_re_model`
-- ----------------------------
DROP TABLE IF EXISTS `act_re_model`;
CREATE TABLE `act_re_model` (
  `ID_` varchar(64) COLLATE utf8_bin NOT NULL,
  `REV_` int(11) DEFAULT NULL,
  `NAME_` varchar(255) COLLATE utf8_bin DEFAULT NULL,
  `KEY_` varchar(255) COLLATE utf8_bin DEFAULT NULL,
  `CATEGORY_` varchar(255) COLLATE utf8_bin DEFAULT NULL,
  `CREATE_TIME_` timestamp NULL DEFAULT NULL,
  `LAST_UPDATE_TIME_` timestamp NULL DEFAULT NULL,
  `VERSION_` int(11) DEFAULT NULL,
  `META_INFO_` varchar(4000) COLLATE utf8_bin DEFAULT NULL,
  `DEPLOYMENT_ID_` varchar(64) COLLATE utf8_bin DEFAULT NULL,
  `EDITOR_SOURCE_VALUE_ID_` varchar(64) COLLATE utf8_bin DEFAULT NULL,
  `EDITOR_SOURCE_EXTRA_VALUE_ID_` varchar(64) COLLATE utf8_bin DEFAULT NULL,
  `TENANT_ID_` varchar(255) COLLATE utf8_bin DEFAULT '',
  PRIMARY KEY (`ID_`),
  KEY `ACT_FK_MODEL_SOURCE` (`EDITOR_SOURCE_VALUE_ID_`),
  KEY `ACT_FK_MODEL_SOURCE_EXTRA` (`EDITOR_SOURCE_EXTRA_VALUE_ID_`),
  KEY `ACT_FK_MODEL_DEPLOYMENT` (`DEPLOYMENT_ID_`),
  CONSTRAINT `ACT_FK_MODEL_DEPLOYMENT` FOREIGN KEY (`DEPLOYMENT_ID_`) REFERENCES `act_re_deployment` (`ID_`),
  CONSTRAINT `ACT_FK_MODEL_SOURCE` FOREIGN KEY (`EDITOR_SOURCE_VALUE_ID_`) REFERENCES `act_ge_bytearray` (`ID_`),
  CONSTRAINT `ACT_FK_MODEL_SOURCE_EXTRA` FOREIGN KEY (`EDITOR_SOURCE_EXTRA_VALUE_ID_`) REFERENCES `act_ge_bytearray` (`ID_`)
) ENGINE=InnoDB DEFAULT CHARSET=utf8 COLLATE=utf8_bin;

-- ----------------------------
-- Records of act_re_model
-- ----------------------------
INSERT INTO `act_re_model` VALUES ('47501', '14', '', 'leave-process', null, '2019-08-07 16:48:11', '2019-08-08 16:25:02', '1', '{\"name\":\"\",\"description\":\"\",\"revision\":1}', '55001', '47502', '47503', '');

-- ----------------------------
-- Table structure for `act_re_procdef`
-- ----------------------------
DROP TABLE IF EXISTS `act_re_procdef`;
CREATE TABLE `act_re_procdef` (
  `ID_` varchar(64) COLLATE utf8_bin NOT NULL,
  `REV_` int(11) DEFAULT NULL,
  `CATEGORY_` varchar(255) COLLATE utf8_bin DEFAULT NULL,
  `NAME_` varchar(255) COLLATE utf8_bin DEFAULT NULL,
  `KEY_` varchar(255) COLLATE utf8_bin NOT NULL,
  `VERSION_` int(11) NOT NULL,
  `DEPLOYMENT_ID_` varchar(64) COLLATE utf8_bin DEFAULT NULL,
  `RESOURCE_NAME_` varchar(4000) COLLATE utf8_bin DEFAULT NULL,
  `DGRM_RESOURCE_NAME_` varchar(4000) COLLATE utf8_bin DEFAULT NULL,
  `DESCRIPTION_` varchar(4000) COLLATE utf8_bin DEFAULT NULL,
  `HAS_START_FORM_KEY_` tinyint(4) DEFAULT NULL,
  `HAS_GRAPHICAL_NOTATION_` tinyint(4) DEFAULT NULL,
  `SUSPENSION_STATE_` int(11) DEFAULT NULL,
  `TENANT_ID_` varchar(255) COLLATE utf8_bin DEFAULT '',
  PRIMARY KEY (`ID_`),
  UNIQUE KEY `ACT_UNIQ_PROCDEF` (`KEY_`,`VERSION_`,`TENANT_ID_`)
) ENGINE=InnoDB DEFAULT CHARSET=utf8 COLLATE=utf8_bin;

-- ----------------------------
-- Records of act_re_procdef
-- ----------------------------
INSERT INTO `act_re_procdef` VALUES ('my-process:1:7503', '1', 'http://www.activiti.org/test', null, 'my-process', '1', '7501', 'E:\\workspaceIDEA\\project_base\\project_web\\target\\classes\\processes\\my-process.bpmn20.xml', null, null, '0', '0', '1', '');
INSERT INTO `act_re_procdef` VALUES ('myProcess_1:1:4', '1', 'http://www.activiti.org/test', null, 'myProcess_1', '1', '1', 'E:\\workspaceIDEA\\project_base\\project_web\\target\\classes\\processes\\test.bpmn', 'E:\\workspaceIDEA\\project_base\\project_web\\target\\classes\\processes\\test.myProcess_1.png', null, '0', '1', '1', '');
INSERT INTO `act_re_procdef` VALUES ('process:1:35004', '1', 'http://www.activiti.org/processdef', null, 'process', '1', '35001', 'cs4.bpmn20.xml', 'cs4.process.png', null, '0', '1', '1', '');
INSERT INTO `act_re_procdef` VALUES ('process:2:37505', '1', 'http://www.activiti.org/processdef', null, 'process', '2', '37502', 'new-process4.bpmn20.xml', 'new-process4.process.png', null, '0', '1', '1', '');
INSERT INTO `act_re_procdef` VALUES ('process:3:37509', '1', 'http://www.activiti.org/processdef', null, 'process', '3', '37506', 'cs4.bpmn20.xml', 'cs4.process.png', null, '0', '1', '1', '');
INSERT INTO `act_re_procdef` VALUES ('process:4:50014', '1', 'http://www.activiti.org/processdef', null, 'process', '4', '50011', '.bpmn20.xml', '.process.png', null, '0', '1', '1', '');
INSERT INTO `act_re_procdef` VALUES ('process:5:55004', '1', 'http://www.activiti.org/processdef', null, 'process', '5', '55001', '.bpmn20.xml', '.process.png', null, '0', '1', '1', '');

-- ----------------------------
-- Table structure for `act_ru_event_subscr`
-- ----------------------------
DROP TABLE IF EXISTS `act_ru_event_subscr`;
CREATE TABLE `act_ru_event_subscr` (
  `ID_` varchar(64) COLLATE utf8_bin NOT NULL,
  `REV_` int(11) DEFAULT NULL,
  `EVENT_TYPE_` varchar(255) COLLATE utf8_bin NOT NULL,
  `EVENT_NAME_` varchar(255) COLLATE utf8_bin DEFAULT NULL,
  `EXECUTION_ID_` varchar(64) COLLATE utf8_bin DEFAULT NULL,
  `PROC_INST_ID_` varchar(64) COLLATE utf8_bin DEFAULT NULL,
  `ACTIVITY_ID_` varchar(64) COLLATE utf8_bin DEFAULT NULL,
  `CONFIGURATION_` varchar(255) COLLATE utf8_bin DEFAULT NULL,
  `CREATED_` timestamp NOT NULL DEFAULT CURRENT_TIMESTAMP,
  `PROC_DEF_ID_` varchar(64) COLLATE utf8_bin DEFAULT NULL,
  `TENANT_ID_` varchar(255) COLLATE utf8_bin DEFAULT '',
  PRIMARY KEY (`ID_`),
  KEY `ACT_IDX_EVENT_SUBSCR_CONFIG_` (`CONFIGURATION_`),
  KEY `ACT_FK_EVENT_EXEC` (`EXECUTION_ID_`),
  CONSTRAINT `ACT_FK_EVENT_EXEC` FOREIGN KEY (`EXECUTION_ID_`) REFERENCES `act_ru_execution` (`ID_`)
) ENGINE=InnoDB DEFAULT CHARSET=utf8 COLLATE=utf8_bin;

-- ----------------------------
-- Records of act_ru_event_subscr
-- ----------------------------

-- ----------------------------
-- Table structure for `act_ru_execution`
-- ----------------------------
DROP TABLE IF EXISTS `act_ru_execution`;
CREATE TABLE `act_ru_execution` (
  `ID_` varchar(64) COLLATE utf8_bin NOT NULL DEFAULT '',
  `REV_` int(11) DEFAULT NULL,
  `PROC_INST_ID_` varchar(64) COLLATE utf8_bin DEFAULT NULL,
  `BUSINESS_KEY_` varchar(255) COLLATE utf8_bin DEFAULT NULL,
  `PARENT_ID_` varchar(64) COLLATE utf8_bin DEFAULT NULL,
  `PROC_DEF_ID_` varchar(64) COLLATE utf8_bin DEFAULT NULL,
  `SUPER_EXEC_` varchar(64) COLLATE utf8_bin DEFAULT NULL,
  `ACT_ID_` varchar(255) COLLATE utf8_bin DEFAULT NULL,
  `IS_ACTIVE_` tinyint(4) DEFAULT NULL,
  `IS_CONCURRENT_` tinyint(4) DEFAULT NULL,
  `IS_SCOPE_` tinyint(4) DEFAULT NULL,
  `IS_EVENT_SCOPE_` tinyint(4) DEFAULT NULL,
  `SUSPENSION_STATE_` int(11) DEFAULT NULL,
  `CACHED_ENT_STATE_` int(11) DEFAULT NULL,
  `TENANT_ID_` varchar(255) COLLATE utf8_bin DEFAULT '',
  `NAME_` varchar(255) COLLATE utf8_bin DEFAULT NULL,
  `LOCK_TIME_` timestamp NULL DEFAULT NULL,
  PRIMARY KEY (`ID_`),
  KEY `ACT_IDX_EXEC_BUSKEY` (`BUSINESS_KEY_`),
  KEY `ACT_FK_EXE_PROCINST` (`PROC_INST_ID_`),
  KEY `ACT_FK_EXE_PARENT` (`PARENT_ID_`),
  KEY `ACT_FK_EXE_SUPER` (`SUPER_EXEC_`),
  KEY `ACT_FK_EXE_PROCDEF` (`PROC_DEF_ID_`),
  CONSTRAINT `ACT_FK_EXE_PARENT` FOREIGN KEY (`PARENT_ID_`) REFERENCES `act_ru_execution` (`ID_`),
  CONSTRAINT `ACT_FK_EXE_PROCDEF` FOREIGN KEY (`PROC_DEF_ID_`) REFERENCES `act_re_procdef` (`ID_`),
  CONSTRAINT `ACT_FK_EXE_PROCINST` FOREIGN KEY (`PROC_INST_ID_`) REFERENCES `act_ru_execution` (`ID_`) ON DELETE CASCADE ON UPDATE CASCADE,
  CONSTRAINT `ACT_FK_EXE_SUPER` FOREIGN KEY (`SUPER_EXEC_`) REFERENCES `act_ru_execution` (`ID_`)
) ENGINE=InnoDB DEFAULT CHARSET=utf8 COLLATE=utf8_bin;

-- ----------------------------
-- Records of act_ru_execution
-- ----------------------------
INSERT INTO `act_ru_execution` VALUES ('40001', '1', '40001', null, null, 'process:3:37509', null, 'sid-7042DFA7-9FCC-44D7-9C0A-FC9D67C71E51', '1', '0', '1', '0', '1', '2', '', null, null);
INSERT INTO `act_ru_execution` VALUES ('52509', '1', '52509', null, null, 'process:4:50014', null, 'adminApprove', '1', '0', '1', '0', '1', '2', '', null, null);
INSERT INTO `act_ru_execution` VALUES ('55005', '1', '55005', null, null, 'process:5:55004', null, 'adminApprove', '1', '0', '1', '0', '1', '2', '', null, null);

-- ----------------------------
-- Table structure for `act_ru_identitylink`
-- ----------------------------
DROP TABLE IF EXISTS `act_ru_identitylink`;
CREATE TABLE `act_ru_identitylink` (
  `ID_` varchar(64) COLLATE utf8_bin NOT NULL DEFAULT '',
  `REV_` int(11) DEFAULT NULL,
  `GROUP_ID_` varchar(255) COLLATE utf8_bin DEFAULT NULL,
  `TYPE_` varchar(255) COLLATE utf8_bin DEFAULT NULL,
  `USER_ID_` varchar(255) COLLATE utf8_bin DEFAULT NULL,
  `TASK_ID_` varchar(64) COLLATE utf8_bin DEFAULT NULL,
  `PROC_INST_ID_` varchar(64) COLLATE utf8_bin DEFAULT NULL,
  `PROC_DEF_ID_` varchar(64) COLLATE utf8_bin DEFAULT NULL,
  PRIMARY KEY (`ID_`),
  KEY `ACT_IDX_IDENT_LNK_USER` (`USER_ID_`),
  KEY `ACT_IDX_IDENT_LNK_GROUP` (`GROUP_ID_`),
  KEY `ACT_IDX_ATHRZ_PROCEDEF` (`PROC_DEF_ID_`),
  KEY `ACT_FK_TSKASS_TASK` (`TASK_ID_`),
  KEY `ACT_FK_IDL_PROCINST` (`PROC_INST_ID_`),
  CONSTRAINT `ACT_FK_ATHRZ_PROCEDEF` FOREIGN KEY (`PROC_DEF_ID_`) REFERENCES `act_re_procdef` (`ID_`),
  CONSTRAINT `ACT_FK_IDL_PROCINST` FOREIGN KEY (`PROC_INST_ID_`) REFERENCES `act_ru_execution` (`ID_`),
  CONSTRAINT `ACT_FK_TSKASS_TASK` FOREIGN KEY (`TASK_ID_`) REFERENCES `act_ru_task` (`ID_`)
) ENGINE=InnoDB DEFAULT CHARSET=utf8 COLLATE=utf8_bin;

-- ----------------------------
-- Records of act_ru_identitylink
-- ----------------------------
INSERT INTO `act_ru_identitylink` VALUES ('52516', '1', null, 'participant', '1159004004836052992', null, '52509', null);
INSERT INTO `act_ru_identitylink` VALUES ('55012', '1', null, 'participant', '1', null, '55005', null);

-- ----------------------------
-- Table structure for `act_ru_job`
-- ----------------------------
DROP TABLE IF EXISTS `act_ru_job`;
CREATE TABLE `act_ru_job` (
  `ID_` varchar(64) COLLATE utf8_bin NOT NULL,
  `REV_` int(11) DEFAULT NULL,
  `TYPE_` varchar(255) COLLATE utf8_bin NOT NULL,
  `LOCK_EXP_TIME_` timestamp NULL DEFAULT NULL,
  `LOCK_OWNER_` varchar(255) COLLATE utf8_bin DEFAULT NULL,
  `EXCLUSIVE_` tinyint(1) DEFAULT NULL,
  `EXECUTION_ID_` varchar(64) COLLATE utf8_bin DEFAULT NULL,
  `PROCESS_INSTANCE_ID_` varchar(64) COLLATE utf8_bin DEFAULT NULL,
  `PROC_DEF_ID_` varchar(64) COLLATE utf8_bin DEFAULT NULL,
  `RETRIES_` int(11) DEFAULT NULL,
  `EXCEPTION_STACK_ID_` varchar(64) COLLATE utf8_bin DEFAULT NULL,
  `EXCEPTION_MSG_` varchar(4000) COLLATE utf8_bin DEFAULT NULL,
  `DUEDATE_` timestamp NULL DEFAULT NULL,
  `REPEAT_` varchar(255) COLLATE utf8_bin DEFAULT NULL,
  `HANDLER_TYPE_` varchar(255) COLLATE utf8_bin DEFAULT NULL,
  `HANDLER_CFG_` varchar(4000) COLLATE utf8_bin DEFAULT NULL,
  `TENANT_ID_` varchar(255) COLLATE utf8_bin DEFAULT '',
  PRIMARY KEY (`ID_`),
  KEY `ACT_FK_JOB_EXCEPTION` (`EXCEPTION_STACK_ID_`),
  CONSTRAINT `ACT_FK_JOB_EXCEPTION` FOREIGN KEY (`EXCEPTION_STACK_ID_`) REFERENCES `act_ge_bytearray` (`ID_`)
) ENGINE=InnoDB DEFAULT CHARSET=utf8 COLLATE=utf8_bin;

-- ----------------------------
-- Records of act_ru_job
-- ----------------------------

-- ----------------------------
-- Table structure for `act_ru_task`
-- ----------------------------
DROP TABLE IF EXISTS `act_ru_task`;
CREATE TABLE `act_ru_task` (
  `ID_` varchar(64) COLLATE utf8_bin NOT NULL DEFAULT '',
  `REV_` int(11) DEFAULT NULL,
  `EXECUTION_ID_` varchar(64) COLLATE utf8_bin DEFAULT NULL,
  `PROC_INST_ID_` varchar(64) COLLATE utf8_bin DEFAULT NULL,
  `PROC_DEF_ID_` varchar(64) COLLATE utf8_bin DEFAULT NULL,
  `NAME_` varchar(255) COLLATE utf8_bin DEFAULT NULL,
  `PARENT_TASK_ID_` varchar(64) COLLATE utf8_bin DEFAULT NULL,
  `DESCRIPTION_` varchar(4000) COLLATE utf8_bin DEFAULT NULL,
  `TASK_DEF_KEY_` varchar(255) COLLATE utf8_bin DEFAULT NULL,
  `OWNER_` varchar(255) COLLATE utf8_bin DEFAULT NULL,
  `ASSIGNEE_` varchar(255) COLLATE utf8_bin DEFAULT NULL,
  `DELEGATION_` varchar(64) COLLATE utf8_bin DEFAULT NULL,
  `PRIORITY_` int(11) DEFAULT NULL,
  `CREATE_TIME_` timestamp NULL DEFAULT NULL,
  `DUE_DATE_` datetime DEFAULT NULL,
  `CATEGORY_` varchar(255) COLLATE utf8_bin DEFAULT NULL,
  `SUSPENSION_STATE_` int(11) DEFAULT NULL,
  `TENANT_ID_` varchar(255) COLLATE utf8_bin DEFAULT '',
  `FORM_KEY_` varchar(255) COLLATE utf8_bin DEFAULT NULL,
  PRIMARY KEY (`ID_`),
  KEY `ACT_IDX_TASK_CREATE` (`CREATE_TIME_`),
  KEY `ACT_FK_TASK_EXE` (`EXECUTION_ID_`),
  KEY `ACT_FK_TASK_PROCINST` (`PROC_INST_ID_`),
  KEY `ACT_FK_TASK_PROCDEF` (`PROC_DEF_ID_`),
  CONSTRAINT `ACT_FK_TASK_EXE` FOREIGN KEY (`EXECUTION_ID_`) REFERENCES `act_ru_execution` (`ID_`),
  CONSTRAINT `ACT_FK_TASK_PROCDEF` FOREIGN KEY (`PROC_DEF_ID_`) REFERENCES `act_re_procdef` (`ID_`),
  CONSTRAINT `ACT_FK_TASK_PROCINST` FOREIGN KEY (`PROC_INST_ID_`) REFERENCES `act_ru_execution` (`ID_`)
) ENGINE=InnoDB DEFAULT CHARSET=utf8 COLLATE=utf8_bin;

-- ----------------------------
-- Records of act_ru_task
-- ----------------------------
INSERT INTO `act_ru_task` VALUES ('40004', '1', '40001', '40001', 'process:3:37509', null, null, null, 'sid-7042DFA7-9FCC-44D7-9C0A-FC9D67C71E51', null, null, null, '50', '2019-08-06 10:54:26', null, null, '1', '', null);
INSERT INTO `act_ru_task` VALUES ('52515', '1', '52509', '52509', 'process:4:50014', '', null, null, 'adminApprove', null, '1159004004836052992', null, '50', '2019-08-08 14:14:40', null, null, '1', '', null);
INSERT INTO `act_ru_task` VALUES ('55011', '1', '55005', '55005', 'process:5:55004', '', null, null, 'adminApprove', null, '1', null, '50', '2019-08-08 16:25:21', null, null, '1', '', null);

-- ----------------------------
-- Table structure for `act_ru_variable`
-- ----------------------------
DROP TABLE IF EXISTS `act_ru_variable`;
CREATE TABLE `act_ru_variable` (
  `ID_` varchar(64) COLLATE utf8_bin NOT NULL,
  `REV_` int(11) DEFAULT NULL,
  `TYPE_` varchar(255) COLLATE utf8_bin NOT NULL,
  `NAME_` varchar(255) COLLATE utf8_bin NOT NULL,
  `EXECUTION_ID_` varchar(64) COLLATE utf8_bin DEFAULT NULL,
  `PROC_INST_ID_` varchar(64) COLLATE utf8_bin DEFAULT NULL,
  `TASK_ID_` varchar(64) COLLATE utf8_bin DEFAULT NULL,
  `BYTEARRAY_ID_` varchar(64) COLLATE utf8_bin DEFAULT NULL,
  `DOUBLE_` double DEFAULT NULL,
  `LONG_` bigint(20) DEFAULT NULL,
  `TEXT_` varchar(4000) COLLATE utf8_bin DEFAULT NULL,
  `TEXT2_` varchar(4000) COLLATE utf8_bin DEFAULT NULL,
  PRIMARY KEY (`ID_`),
  KEY `ACT_IDX_VARIABLE_TASK_ID` (`TASK_ID_`),
  KEY `ACT_FK_VAR_EXE` (`EXECUTION_ID_`),
  KEY `ACT_FK_VAR_PROCINST` (`PROC_INST_ID_`),
  KEY `ACT_FK_VAR_BYTEARRAY` (`BYTEARRAY_ID_`),
  CONSTRAINT `ACT_FK_VAR_BYTEARRAY` FOREIGN KEY (`BYTEARRAY_ID_`) REFERENCES `act_ge_bytearray` (`ID_`),
  CONSTRAINT `ACT_FK_VAR_EXE` FOREIGN KEY (`EXECUTION_ID_`) REFERENCES `act_ru_execution` (`ID_`),
  CONSTRAINT `ACT_FK_VAR_PROCINST` FOREIGN KEY (`PROC_INST_ID_`) REFERENCES `act_ru_execution` (`ID_`)
) ENGINE=InnoDB DEFAULT CHARSET=utf8 COLLATE=utf8_bin;

-- ----------------------------
-- Records of act_ru_variable
-- ----------------------------
INSERT INTO `act_ru_variable` VALUES ('52512', '1', 'serializable', 'leaveTask', '52509', '52509', null, '52511', null, null, null, null);
INSERT INTO `act_ru_variable` VALUES ('55008', '1', 'serializable', 'leaveTask', '55005', '55005', null, '55007', null, null, null, null);

-- ----------------------------
-- Table structure for `qrtz_blob_triggers`
-- ----------------------------
DROP TABLE IF EXISTS `qrtz_blob_triggers`;
CREATE TABLE `qrtz_blob_triggers` (
  `SCHED_NAME` varchar(120) NOT NULL,
  `TRIGGER_NAME` varchar(200) NOT NULL,
  `TRIGGER_GROUP` varchar(200) NOT NULL,
  `BLOB_DATA` blob,
  PRIMARY KEY (`SCHED_NAME`,`TRIGGER_NAME`,`TRIGGER_GROUP`),
  CONSTRAINT `qrtz_blob_triggers_ibfk_1` FOREIGN KEY (`SCHED_NAME`, `TRIGGER_NAME`, `TRIGGER_GROUP`) REFERENCES `qrtz_triggers` (`SCHED_NAME`, `TRIGGER_NAME`, `TRIGGER_GROUP`)
) ENGINE=InnoDB DEFAULT CHARSET=utf8;

-- ----------------------------
-- Records of qrtz_blob_triggers
-- ----------------------------

-- ----------------------------
-- Table structure for `qrtz_calendars`
-- ----------------------------
DROP TABLE IF EXISTS `qrtz_calendars`;
CREATE TABLE `qrtz_calendars` (
  `SCHED_NAME` varchar(120) NOT NULL,
  `CALENDAR_NAME` varchar(200) NOT NULL,
  `CALENDAR` blob NOT NULL,
  PRIMARY KEY (`SCHED_NAME`,`CALENDAR_NAME`)
) ENGINE=InnoDB DEFAULT CHARSET=utf8;

-- ----------------------------
-- Records of qrtz_calendars
-- ----------------------------

-- ----------------------------
-- Table structure for `qrtz_cron_triggers`
-- ----------------------------
DROP TABLE IF EXISTS `qrtz_cron_triggers`;
CREATE TABLE `qrtz_cron_triggers` (
  `SCHED_NAME` varchar(120) NOT NULL,
  `TRIGGER_NAME` varchar(200) NOT NULL,
  `TRIGGER_GROUP` varchar(200) NOT NULL,
  `CRON_EXPRESSION` varchar(200) NOT NULL,
  `TIME_ZONE_ID` varchar(80) DEFAULT NULL,
  PRIMARY KEY (`SCHED_NAME`,`TRIGGER_NAME`,`TRIGGER_GROUP`),
  CONSTRAINT `qrtz_cron_triggers_ibfk_1` FOREIGN KEY (`SCHED_NAME`, `TRIGGER_NAME`, `TRIGGER_GROUP`) REFERENCES `qrtz_triggers` (`SCHED_NAME`, `TRIGGER_NAME`, `TRIGGER_GROUP`)
) ENGINE=InnoDB DEFAULT CHARSET=utf8;

-- ----------------------------
-- Records of qrtz_cron_triggers
-- ----------------------------
INSERT INTO `qrtz_cron_triggers` VALUES ('quartzScheduler', 'testJob2', 'testGroup2', '0/5 * * * * ?', 'Asia/Shanghai');

-- ----------------------------
-- Table structure for `qrtz_fired_triggers`
-- ----------------------------
DROP TABLE IF EXISTS `qrtz_fired_triggers`;
CREATE TABLE `qrtz_fired_triggers` (
  `SCHED_NAME` varchar(120) NOT NULL,
  `ENTRY_ID` varchar(95) NOT NULL,
  `TRIGGER_NAME` varchar(200) NOT NULL,
  `TRIGGER_GROUP` varchar(200) NOT NULL,
  `INSTANCE_NAME` varchar(200) NOT NULL,
  `FIRED_TIME` bigint(13) NOT NULL,
  `SCHED_TIME` bigint(13) NOT NULL,
  `PRIORITY` int(11) NOT NULL,
  `STATE` varchar(16) NOT NULL,
  `JOB_NAME` varchar(200) DEFAULT NULL,
  `JOB_GROUP` varchar(200) DEFAULT NULL,
  `IS_NONCONCURRENT` varchar(1) DEFAULT NULL,
  `REQUESTS_RECOVERY` varchar(1) DEFAULT NULL,
  PRIMARY KEY (`SCHED_NAME`,`ENTRY_ID`)
) ENGINE=InnoDB DEFAULT CHARSET=utf8;

-- ----------------------------
-- Records of qrtz_fired_triggers
-- ----------------------------

-- ----------------------------
-- Table structure for `qrtz_job_details`
-- ----------------------------
DROP TABLE IF EXISTS `qrtz_job_details`;
CREATE TABLE `qrtz_job_details` (
  `SCHED_NAME` varchar(120) NOT NULL,
  `JOB_NAME` varchar(200) NOT NULL,
  `JOB_GROUP` varchar(200) NOT NULL,
  `DESCRIPTION` varchar(250) DEFAULT NULL,
  `JOB_CLASS_NAME` varchar(250) NOT NULL,
  `IS_DURABLE` varchar(1) NOT NULL,
  `IS_NONCONCURRENT` varchar(1) NOT NULL,
  `IS_UPDATE_DATA` varchar(1) NOT NULL,
  `REQUESTS_RECOVERY` varchar(1) NOT NULL,
  `JOB_DATA` blob,
  PRIMARY KEY (`SCHED_NAME`,`JOB_NAME`,`JOB_GROUP`)
) ENGINE=InnoDB DEFAULT CHARSET=utf8;

-- ----------------------------
-- Records of qrtz_job_details
-- ----------------------------
INSERT INTO `qrtz_job_details` VALUES ('quartzScheduler', 'testJob2', 'testGroup2', null, 'com.javaweb.MichaelKai.quartz.QuartzJobFactory', '0', '0', '0', '0', 0xACED0005737200156F72672E71756172747A2E4A6F62446174614D61709FB083E8BFA9B0CB020000787200266F72672E71756172747A2E7574696C732E537472696E674B65794469727479466C61674D61708208E8C3FBC55D280200015A0013616C6C6F77735472616E7369656E74446174617872001D6F72672E71756172747A2E7574696C732E4469727479466C61674D617013E62EAD28760ACE0200025A000564697274794C00036D617074000F4C6A6176612F7574696C2F4D61703B787001737200116A6176612E7574696C2E486173684D61700507DAC1C31660D103000246000A6C6F6164466163746F724900097468726573686F6C6478703F4000000000000C7708000000100000000174000B7363686564756C654A6F6273720027636F6D2E6A6176617765622E4D69636861656C4B61692E706F6A6F2E5363686564756C654A6F62000000000000000102000F4C00086265616E4E616D657400124C6A6176612F6C616E672F537472696E673B4C000A63726561746554696D6571007E00094C000C63726561746555736572496471007E00094C000E63726F6E45787072657373696F6E71007E00094C000B6465736372697074696F6E71007E00094C0002696471007E00094C00086A6F6247726F757071007E00094C00056A6F62496471007E00094C00076A6F624E616D6571007E00094C00096A6F6253746174757371007E00094C000F6C6173745472696767657254696D6571007E00094C000A6D6574686F644E616D6571007E00094C000F6E6578745472696767657254696D6571007E00094C000A75706461746554696D6571007E00094C000C75706461746555736572496471007E00097870740008746573744A6F6232707074000D302F35202A202A202A202A203F740006E69A82E697A07074000A7465737447726F75703270740008746573744A6F623270707400007070707800);

-- ----------------------------
-- Table structure for `qrtz_locks`
-- ----------------------------
DROP TABLE IF EXISTS `qrtz_locks`;
CREATE TABLE `qrtz_locks` (
  `SCHED_NAME` varchar(120) NOT NULL,
  `LOCK_NAME` varchar(40) NOT NULL,
  PRIMARY KEY (`SCHED_NAME`,`LOCK_NAME`)
) ENGINE=InnoDB DEFAULT CHARSET=utf8;

-- ----------------------------
-- Records of qrtz_locks
-- ----------------------------
INSERT INTO `qrtz_locks` VALUES ('quartzScheduler', 'STATE_ACCESS');
INSERT INTO `qrtz_locks` VALUES ('quartzScheduler', 'TRIGGER_ACCESS');

-- ----------------------------
-- Table structure for `qrtz_paused_trigger_grps`
-- ----------------------------
DROP TABLE IF EXISTS `qrtz_paused_trigger_grps`;
CREATE TABLE `qrtz_paused_trigger_grps` (
  `SCHED_NAME` varchar(120) NOT NULL,
  `TRIGGER_GROUP` varchar(200) NOT NULL,
  PRIMARY KEY (`SCHED_NAME`,`TRIGGER_GROUP`)
) ENGINE=InnoDB DEFAULT CHARSET=utf8;

-- ----------------------------
-- Records of qrtz_paused_trigger_grps
-- ----------------------------
INSERT INTO `qrtz_paused_trigger_grps` VALUES ('quartzScheduler', 'testGroup2');
INSERT INTO `qrtz_paused_trigger_grps` VALUES ('quartzScheduler', '_$_ALL_GROUPS_PAUSED_$_');

-- ----------------------------
-- Table structure for `qrtz_scheduler_state`
-- ----------------------------
DROP TABLE IF EXISTS `qrtz_scheduler_state`;
CREATE TABLE `qrtz_scheduler_state` (
  `SCHED_NAME` varchar(120) NOT NULL,
  `INSTANCE_NAME` varchar(200) NOT NULL,
  `LAST_CHECKIN_TIME` bigint(13) NOT NULL,
  `CHECKIN_INTERVAL` bigint(13) NOT NULL,
  PRIMARY KEY (`SCHED_NAME`,`INSTANCE_NAME`)
) ENGINE=InnoDB DEFAULT CHARSET=utf8;

-- ----------------------------
-- Records of qrtz_scheduler_state
-- ----------------------------
INSERT INTO `qrtz_scheduler_state` VALUES ('quartzScheduler', 'IDY2WQ5W8PTV8UK1565254197170', '1565256827340', '10000');

-- ----------------------------
-- Table structure for `qrtz_simple_triggers`
-- ----------------------------
DROP TABLE IF EXISTS `qrtz_simple_triggers`;
CREATE TABLE `qrtz_simple_triggers` (
  `SCHED_NAME` varchar(120) NOT NULL,
  `TRIGGER_NAME` varchar(200) NOT NULL,
  `TRIGGER_GROUP` varchar(200) NOT NULL,
  `REPEAT_COUNT` bigint(7) NOT NULL,
  `REPEAT_INTERVAL` bigint(12) NOT NULL,
  `TIMES_TRIGGERED` bigint(10) NOT NULL,
  PRIMARY KEY (`SCHED_NAME`,`TRIGGER_NAME`,`TRIGGER_GROUP`),
  CONSTRAINT `qrtz_simple_triggers_ibfk_1` FOREIGN KEY (`SCHED_NAME`, `TRIGGER_NAME`, `TRIGGER_GROUP`) REFERENCES `qrtz_triggers` (`SCHED_NAME`, `TRIGGER_NAME`, `TRIGGER_GROUP`)
) ENGINE=InnoDB DEFAULT CHARSET=utf8;

-- ----------------------------
-- Records of qrtz_simple_triggers
-- ----------------------------

-- ----------------------------
-- Table structure for `qrtz_simprop_triggers`
-- ----------------------------
DROP TABLE IF EXISTS `qrtz_simprop_triggers`;
CREATE TABLE `qrtz_simprop_triggers` (
  `SCHED_NAME` varchar(120) NOT NULL,
  `TRIGGER_NAME` varchar(200) NOT NULL,
  `TRIGGER_GROUP` varchar(200) NOT NULL,
  `STR_PROP_1` varchar(512) DEFAULT NULL,
  `STR_PROP_2` varchar(512) DEFAULT NULL,
  `STR_PROP_3` varchar(512) DEFAULT NULL,
  `INT_PROP_1` int(11) DEFAULT NULL,
  `INT_PROP_2` int(11) DEFAULT NULL,
  `LONG_PROP_1` bigint(20) DEFAULT NULL,
  `LONG_PROP_2` bigint(20) DEFAULT NULL,
  `DEC_PROP_1` decimal(13,4) DEFAULT NULL,
  `DEC_PROP_2` decimal(13,4) DEFAULT NULL,
  `BOOL_PROP_1` varchar(1) DEFAULT NULL,
  `BOOL_PROP_2` varchar(1) DEFAULT NULL,
  PRIMARY KEY (`SCHED_NAME`,`TRIGGER_NAME`,`TRIGGER_GROUP`),
  CONSTRAINT `qrtz_simprop_triggers_ibfk_1` FOREIGN KEY (`SCHED_NAME`, `TRIGGER_NAME`, `TRIGGER_GROUP`) REFERENCES `qrtz_triggers` (`SCHED_NAME`, `TRIGGER_NAME`, `TRIGGER_GROUP`)
) ENGINE=InnoDB DEFAULT CHARSET=utf8;

-- ----------------------------
-- Records of qrtz_simprop_triggers
-- ----------------------------

-- ----------------------------
-- Table structure for `qrtz_triggers`
-- ----------------------------
DROP TABLE IF EXISTS `qrtz_triggers`;
CREATE TABLE `qrtz_triggers` (
  `SCHED_NAME` varchar(120) NOT NULL,
  `TRIGGER_NAME` varchar(200) NOT NULL,
  `TRIGGER_GROUP` varchar(200) NOT NULL,
  `JOB_NAME` varchar(200) NOT NULL,
  `JOB_GROUP` varchar(200) NOT NULL,
  `DESCRIPTION` varchar(250) DEFAULT NULL,
  `NEXT_FIRE_TIME` bigint(13) DEFAULT NULL,
  `PREV_FIRE_TIME` bigint(13) DEFAULT NULL,
  `PRIORITY` int(11) DEFAULT NULL,
  `TRIGGER_STATE` varchar(16) NOT NULL,
  `TRIGGER_TYPE` varchar(8) NOT NULL,
  `START_TIME` bigint(13) NOT NULL,
  `END_TIME` bigint(13) DEFAULT NULL,
  `CALENDAR_NAME` varchar(200) DEFAULT NULL,
  `MISFIRE_INSTR` smallint(2) DEFAULT NULL,
  `JOB_DATA` blob,
  PRIMARY KEY (`SCHED_NAME`,`TRIGGER_NAME`,`TRIGGER_GROUP`),
  KEY `SCHED_NAME` (`SCHED_NAME`,`JOB_NAME`,`JOB_GROUP`),
  CONSTRAINT `qrtz_triggers_ibfk_1` FOREIGN KEY (`SCHED_NAME`, `JOB_NAME`, `JOB_GROUP`) REFERENCES `qrtz_job_details` (`SCHED_NAME`, `JOB_NAME`, `JOB_GROUP`)
) ENGINE=InnoDB DEFAULT CHARSET=utf8;

-- ----------------------------
-- Records of qrtz_triggers
-- ----------------------------
INSERT INTO `qrtz_triggers` VALUES ('quartzScheduler', 'testJob2', 'testGroup2', 'testJob2', 'testGroup2', null, '1561960539114', '1561960210000', '5', 'PAUSED', 'CRON', '1561953569000', '0', null, '0', '');

-- ----------------------------
-- Table structure for `schedule_job`
-- ----------------------------
DROP TABLE IF EXISTS `schedule_job`;
CREATE TABLE `schedule_job` (
  `id` varchar(32) NOT NULL,
  `job_id` varchar(255) DEFAULT NULL,
  `job_name` varchar(255) DEFAULT NULL,
  `job_status` varchar(255) DEFAULT NULL,
  `job_group` varchar(255) DEFAULT NULL,
  `cron_Expression` varchar(255) DEFAULT NULL,
  `description` varchar(255) DEFAULT NULL,
  `bean_name` varchar(255) DEFAULT NULL,
  `method_name` varchar(255) DEFAULT NULL,
  `create_user_id` varchar(32) DEFAULT NULL,
  `create_time` datetime DEFAULT NULL,
  `update_user_id` varchar(32) DEFAULT NULL,
  `update_time` datetime DEFAULT NULL,
  PRIMARY KEY (`id`)
) ENGINE=InnoDB DEFAULT CHARSET=utf8;

-- ----------------------------
-- Records of schedule_job
-- ----------------------------
INSERT INTO `schedule_job` VALUES ('1145542416024080384', '1145542416024080384', 'testJob2', 'PAUSED', 'testGroup2', '0/5 * * * * ?', '', 'testJob2', '', null, null, '1', '2019-07-01 13:49:49');

-- ----------------------------
-- Table structure for `tb_action_log`
-- ----------------------------
DROP TABLE IF EXISTS `tb_action_log`;
CREATE TABLE `tb_action_log` (
  `id` varchar(36) NOT NULL COMMENT 'ID',
  `name` varchar(255) DEFAULT NULL COMMENT '',
  `type` varchar(255) DEFAULT NULL COMMENT '',
  `ipaddr` varchar(255) DEFAULT NULL COMMENT 'IP',
  `clazz` varchar(255) DEFAULT NULL COMMENT '',
  `method` varchar(255) DEFAULT NULL COMMENT '',
  `model` varchar(255) DEFAULT NULL COMMENT '',
  `record_id` bigint(20) DEFAULT NULL COMMENT 'id',
  `message` text COMMENT '',
  `create_user_id` varchar(32) DEFAULT NULL COMMENT '',
  `create_time` datetime DEFAULT NULL COMMENT '',
  `update_user_id` varchar(32) DEFAULT NULL COMMENT '',
  `update_time` datetime DEFAULT NULL COMMENT '',
  PRIMARY KEY (`id`)
) ENGINE=InnoDB DEFAULT CHARSET=utf8mb4 COMMENT='';

-- ----------------------------
-- Records of tb_action_log
-- ----------------------------
INSERT INTO `tb_action_log` VALUES ('1134386507835117568', '', '00', '0:0:0:0:0:0:0:1', 'com.javaweb.MichaelKai.controller.login.LoginController', 'login', null, null, '', '1', '2019-05-16 17:09:54', '1', '2019-05-31 17:09:54');
INSERT INTO `tb_action_log` VALUES ('1134388774546051072', '', '00', '0:0:0:0:0:0:0:1', 'com.javaweb.MichaelKai.controller.login.LoginController', 'login', null, null, '', '1', '2019-05-16 17:18:54', '1', '2019-05-31 17:18:54');
INSERT INTO `tb_action_log` VALUES ('1134389779631312896', '', '00', '0:0:0:0:0:0:0:1', 'com.javaweb.MichaelKai.controller.login.LoginController', 'login', null, null, '', '1', '2019-05-16 17:22:54', '1', '2019-05-31 17:22:54');
INSERT INTO `tb_action_log` VALUES ('1134389848346595328', '', '00', '0:0:0:0:0:0:0:1', 'com.javaweb.MichaelKai.controller.login.LoginController', 'login', null, null, '', '1', '2019-05-18 17:23:10', '1', '2019-05-31 17:23:10');
INSERT INTO `tb_action_log` VALUES ('1134390168694951936', '', '00', '0:0:0:0:0:0:0:1', 'com.javaweb.MichaelKai.controller.login.LoginController', 'login', null, null, '', '1', '2019-05-18 17:24:26', '1', '2019-05-31 17:24:26');
INSERT INTO `tb_action_log` VALUES ('1134390436115386368', '', '00', '0:0:0:0:0:0:0:1', 'com.javaweb.MichaelKai.controller.login.LoginController', 'login', null, null, '', '1', '2019-05-19 17:25:30', '1', '2019-05-31 17:25:30');
INSERT INTO `tb_action_log` VALUES ('1134393082872205312', '', '00', '0:0:0:0:0:0:0:1', 'com.javaweb.MichaelKai.controller.login.LoginController', 'login', null, null, '', '1', '2019-05-20 17:36:01', '1', '2019-05-31 17:36:01');
INSERT INTO `tb_action_log` VALUES ('1134393203194204160', '', '02', '0:0:0:0:0:0:0:1', 'com.javaweb.MichaelKai.controller.UserController', 'addUser', null, null, '', '1', '2019-05-20 17:36:30', '1', '2019-05-31 17:36:30');
INSERT INTO `tb_action_log` VALUES ('1134393312556486656', '', '03', '0:0:0:0:0:0:0:1', 'com.javaweb.MichaelKai.controller.UserController', 'editUserById', null, null, '', '1', '2019-05-20 17:36:56', '1', '2019-05-31 17:36:56');
INSERT INTO `tb_action_log` VALUES ('1134395615753670656', '', '00', '0:0:0:0:0:0:0:1', 'com.javaweb.MichaelKai.controller.login.LoginController', 'login', null, null, '', '1', '2019-05-20 17:46:05', '1', '2019-05-31 17:46:05');
INSERT INTO `tb_action_log` VALUES ('1134396797255553024', '', '00', '0:0:0:0:0:0:0:1', 'com.javaweb.MichaelKai.controller.login.LoginController', 'login', null, null, '', '1', '2019-05-20 17:50:47', '1', '2019-05-31 17:50:47');
INSERT INTO `tb_action_log` VALUES ('1135349612220125184', '', '00', '0:0:0:0:0:0:0:1', 'com.javaweb.MichaelKai.controller.login.LoginController', 'login', null, null, '', '1', '2019-05-21 08:56:55', '1', '2019-06-03 08:56:55');
INSERT INTO `tb_action_log` VALUES ('1135350585428676608', '', '00', '0:0:0:0:0:0:0:1', 'com.javaweb.MichaelKai.controller.login.LoginController', 'login', null, null, '', '1', '2019-06-01 09:00:48', '1', '2019-06-03 09:00:48');
INSERT INTO `tb_action_log` VALUES ('1135350780434452480', '', '00', '0:0:0:0:0:0:0:1', 'com.javaweb.MichaelKai.controller.login.LoginController', 'login', null, null, '', '1', '2019-06-01 09:01:34', '1', '2019-06-03 09:01:34');
INSERT INTO `tb_action_log` VALUES ('1135352783285915648', '', '00', '0:0:0:0:0:0:0:1', 'com.javaweb.MichaelKai.controller.login.LoginController', 'login', null, null, '', '1', '2019-06-01 09:09:32', '1', '2019-06-03 09:09:32');
INSERT INTO `tb_action_log` VALUES ('1135353292356980736', '', '00', '0:0:0:0:0:0:0:1', 'com.javaweb.MichaelKai.controller.login.LoginController', 'login', null, null, '', '1', '2019-06-01 09:11:33', '1', '2019-06-03 09:11:33');
INSERT INTO `tb_action_log` VALUES ('1135353868436246528', '', '00', '0:0:0:0:0:0:0:1', 'com.javaweb.MichaelKai.controller.login.LoginController', 'login', null, null, '', '1', '2019-06-02 09:13:50', '1', '2019-06-03 09:13:50');
INSERT INTO `tb_action_log` VALUES ('1135354173848686592', '', '00', '0:0:0:0:0:0:0:1', 'com.javaweb.MichaelKai.controller.login.LoginController', 'login', null, null, '', '1', '2019-06-01 09:15:03', '1', '2019-06-03 09:15:03');
INSERT INTO `tb_action_log` VALUES ('1135354591509090304', '', '00', '0:0:0:0:0:0:0:1', 'com.javaweb.MichaelKai.controller.login.LoginController', 'login', null, null, '', '1', '2019-06-01 09:16:43', '1', '2019-06-03 09:16:43');
INSERT INTO `tb_action_log` VALUES ('1135356635137576960', '', '00', '0:0:0:0:0:0:0:1', 'com.javaweb.MichaelKai.controller.login.LoginController', 'login', null, null, '', '1', '2019-06-01 09:24:50', '1', '2019-06-03 09:24:50');
INSERT INTO `tb_action_log` VALUES ('1135357626855591936', '', '00', '0:0:0:0:0:0:0:1', 'com.javaweb.MichaelKai.controller.login.LoginController', 'login', null, null, '', '1', '2019-06-03 09:28:46', '1', '2019-06-03 09:28:46');
INSERT INTO `tb_action_log` VALUES ('1135358438071734272', '', '00', '0:0:0:0:0:0:0:1', 'com.javaweb.MichaelKai.controller.login.LoginController', 'login', null, null, '', '1', '2019-06-03 09:32:00', '1', '2019-06-03 09:32:00');
INSERT INTO `tb_action_log` VALUES ('1135358631856967680', '', '00', '0:0:0:0:0:0:0:1', 'com.javaweb.MichaelKai.controller.login.LoginController', 'login', null, null, '', '1', '2019-06-03 09:32:46', '1', '2019-06-03 09:32:46');
INSERT INTO `tb_action_log` VALUES ('1135358766125027328', '', '00', '0:0:0:0:0:0:0:1', 'com.javaweb.MichaelKai.controller.login.LoginController', 'login', null, null, '', '1', '2019-06-03 09:33:18', '1', '2019-06-03 09:33:18');
INSERT INTO `tb_action_log` VALUES ('1135374476456890368', '', '00', '0:0:0:0:0:0:0:1', 'com.javaweb.MichaelKai.controller.login.LoginController', 'login', null, null, '', '1', '2019-06-03 10:35:44', '1', '2019-06-03 10:35:44');
INSERT INTO `tb_action_log` VALUES ('1135374558707191808', '', '00', '0:0:0:0:0:0:0:1', 'com.javaweb.MichaelKai.controller.login.LoginController', 'login', null, null, '', '1', '2019-06-04 10:36:03', '1', '2019-06-03 10:36:03');
INSERT INTO `tb_action_log` VALUES ('1135375096559570944', '', '00', '0:0:0:0:0:0:0:1', 'com.javaweb.MichaelKai.controller.login.LoginController', 'login', null, null, '', '1', '2019-06-05 10:38:11', '1', '2019-06-03 10:38:11');
INSERT INTO `tb_action_log` VALUES ('1135375291863142400', '', '00', '0:0:0:0:0:0:0:1', 'com.javaweb.MichaelKai.controller.login.LoginController', 'login', null, null, '', '1', '2019-06-06 10:38:58', '1', '2019-06-03 10:38:58');
INSERT INTO `tb_action_log` VALUES ('1135375470708264960', '', '00', '0:0:0:0:0:0:0:1', 'com.javaweb.MichaelKai.controller.login.LoginController', 'login', null, null, '', '1', '2019-06-07 10:39:41', '1', '2019-06-03 10:39:41');
INSERT INTO `tb_action_log` VALUES ('1135375991967977472', '', '00', '0:0:0:0:0:0:0:1', 'com.javaweb.MichaelKai.controller.login.LoginController', 'login', null, null, '', '1', '2019-06-03 10:41:45', '1', '2019-06-03 10:41:45');
INSERT INTO `tb_action_log` VALUES ('1135377176489758720', '', '00', '0:0:0:0:0:0:0:1', 'com.javaweb.MichaelKai.controller.login.LoginController', 'login', null, null, '', '1', '2019-06-03 10:46:27', '1', '2019-06-03 10:46:27');
INSERT INTO `tb_action_log` VALUES ('1135377995855433728', '', '00', '0:0:0:0:0:0:0:1', 'com.javaweb.MichaelKai.controller.login.LoginController', 'login', null, null, '', '1', '2019-06-03 10:49:43', '1', '2019-06-03 10:49:43');
INSERT INTO `tb_action_log` VALUES ('1135378407606063104', '', '00', '0:0:0:0:0:0:0:1', 'com.javaweb.MichaelKai.controller.login.LoginController', 'login', null, null, '', '1', '2019-06-03 10:51:21', '1', '2019-06-03 10:51:21');
INSERT INTO `tb_action_log` VALUES ('1135379392210538496', '', '00', '0:0:0:0:0:0:0:1', 'com.javaweb.MichaelKai.controller.login.LoginController', 'login', null, null, '', '1', '2019-06-03 10:55:16', '1', '2019-06-03 10:55:16');
INSERT INTO `tb_action_log` VALUES ('1135379536154857472', '', '00', '0:0:0:0:0:0:0:1', 'com.javaweb.MichaelKai.controller.login.LoginController', 'login', null, null, '', '1', '2019-06-03 10:55:50', '1', '2019-06-03 10:55:50');
INSERT INTO `tb_action_log` VALUES ('1135421936554348544', '', '00', '0:0:0:0:0:0:0:1', 'com.javaweb.MichaelKai.controller.login.LoginController', 'login', null, null, '', '1', '2019-06-03 13:44:19', '1', '2019-06-03 13:44:19');
INSERT INTO `tb_action_log` VALUES ('1135422196517310464', '', '00', '0:0:0:0:0:0:0:1', 'com.javaweb.MichaelKai.controller.login.LoginController', 'login', null, null, '', '1', '2019-06-03 13:45:21', '1', '2019-06-03 13:45:21');
INSERT INTO `tb_action_log` VALUES ('1135422471831425024', '', '00', '0:0:0:0:0:0:0:1', 'com.javaweb.MichaelKai.controller.login.LoginController', 'login', null, null, '', '1', '2019-06-03 13:46:27', '1', '2019-06-03 13:46:27');
INSERT INTO `tb_action_log` VALUES ('1135423096744972288', '', '00', '0:0:0:0:0:0:0:1', 'com.javaweb.MichaelKai.controller.login.LoginController', 'login', null, null, '', '1', '2019-06-03 13:48:56', '1', '2019-06-03 13:48:56');
INSERT INTO `tb_action_log` VALUES ('1135424196860579840', '', '00', '0:0:0:0:0:0:0:1', 'com.javaweb.MichaelKai.controller.login.LoginController', 'login', null, null, '', '1', '2019-06-03 13:53:18', '1', '2019-06-03 13:53:18');
INSERT INTO `tb_action_log` VALUES ('1135425645485101056', '', '00', '0:0:0:0:0:0:0:1', 'com.javaweb.MichaelKai.controller.login.LoginController', 'login', null, null, '', '1', '2019-06-03 13:59:03', '1', '2019-06-03 13:59:03');
INSERT INTO `tb_action_log` VALUES ('1135425962448654336', '', '00', '0:0:0:0:0:0:0:1', 'com.javaweb.MichaelKai.controller.login.LoginController', 'login', null, null, '', '1', '2019-06-03 14:00:19', '1', '2019-06-03 14:00:19');
INSERT INTO `tb_action_log` VALUES ('1135426219639181312', '', '00', '0:0:0:0:0:0:0:1', 'com.javaweb.MichaelKai.controller.login.LoginController', 'login', null, null, '', '1', '2019-06-03 14:01:20', '1', '2019-06-03 14:01:20');
INSERT INTO `tb_action_log` VALUES ('1135427356962459648', '', '00', '0:0:0:0:0:0:0:1', 'com.javaweb.MichaelKai.controller.login.LoginController', 'login', null, null, '', '1', '2019-06-03 14:05:51', '1', '2019-06-03 14:05:51');
INSERT INTO `tb_action_log` VALUES ('1135427488357421056', '', '00', '0:0:0:0:0:0:0:1', 'com.javaweb.MichaelKai.controller.login.LoginController', 'login', null, null, '', '1', '2019-06-03 14:06:23', '1', '2019-06-03 14:06:23');
INSERT INTO `tb_action_log` VALUES ('1135427601993699328', '', '00', '0:0:0:0:0:0:0:1', 'com.javaweb.MichaelKai.controller.login.LoginController', 'login', null, null, '', '1', '2019-06-03 14:06:50', '1', '2019-06-03 14:06:50');
INSERT INTO `tb_action_log` VALUES ('1135427850883698688', '', '00', '0:0:0:0:0:0:0:1', 'com.javaweb.MichaelKai.controller.login.LoginController', 'login', null, null, '', '1', '2019-06-03 14:07:49', '1', '2019-06-03 14:07:49');
INSERT INTO `tb_action_log` VALUES ('1135428450782416896', '', '00', '0:0:0:0:0:0:0:1', 'com.javaweb.MichaelKai.controller.login.LoginController', 'login', null, null, '', '1', '2019-06-03 14:10:12', '1', '2019-06-03 14:10:12');
INSERT INTO `tb_action_log` VALUES ('1135428908490035200', '', '00', '0:0:0:0:0:0:0:1', 'com.javaweb.MichaelKai.controller.login.LoginController', 'login', null, null, '', '1', '2019-06-03 14:12:01', '1', '2019-06-03 14:12:01');
INSERT INTO `tb_action_log` VALUES ('1135429401824071680', '', '00', '0:0:0:0:0:0:0:1', 'com.javaweb.MichaelKai.controller.login.LoginController', 'login', null, null, '', '1', '2019-06-03 14:13:59', '1', '2019-06-03 14:13:59');
INSERT INTO `tb_action_log` VALUES ('1135429981011316736', '', '00', '0:0:0:0:0:0:0:1', 'com.javaweb.MichaelKai.controller.login.LoginController', 'login', null, null, '', '1', '2019-06-03 14:16:17', '1', '2019-06-03 14:16:17');
INSERT INTO `tb_action_log` VALUES ('1135431063951249408', '', '00', '0:0:0:0:0:0:0:1', 'com.javaweb.MichaelKai.controller.login.LoginController', 'login', null, null, '', '1', '2019-06-03 14:20:35', '1', '2019-06-03 14:20:35');
INSERT INTO `tb_action_log` VALUES ('1135431486862921728', '', '00', '0:0:0:0:0:0:0:1', 'com.javaweb.MichaelKai.controller.login.LoginController', 'login', null, null, '', '1', '2019-06-03 14:22:16', '1', '2019-06-03 14:22:16');
INSERT INTO `tb_action_log` VALUES ('1135431701879721984', '', '00', '0:0:0:0:0:0:0:1', 'com.javaweb.MichaelKai.controller.login.LoginController', 'login', null, null, '', '1', '2019-06-03 14:23:07', '1', '2019-06-03 14:23:07');
INSERT INTO `tb_action_log` VALUES ('1135432120047636480', '', '00', '0:0:0:0:0:0:0:1', 'com.javaweb.MichaelKai.controller.login.LoginController', 'login', null, null, '', '1', '2019-06-03 14:24:47', '1', '2019-06-03 14:24:47');
INSERT INTO `tb_action_log` VALUES ('1135434688622628864', '', '00', '0:0:0:0:0:0:0:1', 'com.javaweb.MichaelKai.controller.login.LoginController', 'login', null, null, '', '1', '2019-06-03 14:34:59', '1', '2019-06-03 14:34:59');
INSERT INTO `tb_action_log` VALUES ('1135434738052501504', '', '00', '0:0:0:0:0:0:0:1', 'com.javaweb.MichaelKai.controller.login.LoginController', 'login', null, null, '', '1', '2019-06-03 14:35:11', '1', '2019-06-03 14:35:11');
INSERT INTO `tb_action_log` VALUES ('1135435546424905728', '', '00', '0:0:0:0:0:0:0:1', 'com.javaweb.MichaelKai.controller.login.LoginController', 'login', null, null, '', '1', '2019-06-03 14:38:24', '1', '2019-06-03 14:38:24');
INSERT INTO `tb_action_log` VALUES ('1135436036646768640', '', '00', '0:0:0:0:0:0:0:1', 'com.javaweb.MichaelKai.controller.login.LoginController', 'login', null, null, '', '1', '2019-06-03 14:40:21', '1', '2019-06-03 14:40:21');
INSERT INTO `tb_action_log` VALUES ('1135436216750182400', '', '00', '0:0:0:0:0:0:0:1', 'com.javaweb.MichaelKai.controller.login.LoginController', 'login', null, null, '', '1', '2019-06-03 14:41:04', '1', '2019-06-03 14:41:04');
INSERT INTO `tb_action_log` VALUES ('1135436864178753536', '', '00', '0:0:0:0:0:0:0:1', 'com.javaweb.MichaelKai.controller.login.LoginController', 'login', null, null, '', '1', '2019-06-03 14:43:38', '1', '2019-06-03 14:43:38');
INSERT INTO `tb_action_log` VALUES ('1135437010132144128', '', '00', '0:0:0:0:0:0:0:1', 'com.javaweb.MichaelKai.controller.login.LoginController', 'login', null, null, '', '1', '2019-06-03 14:44:13', '1', '2019-06-03 14:44:13');
INSERT INTO `tb_action_log` VALUES ('1135437181188444160', '', '00', '0:0:0:0:0:0:0:1', 'com.javaweb.MichaelKai.controller.login.LoginController', 'login', null, null, '', '1', '2019-06-03 14:44:54', '1', '2019-06-03 14:44:54');
INSERT INTO `tb_action_log` VALUES ('1135437425661841408', '', '00', '0:0:0:0:0:0:0:1', 'com.javaweb.MichaelKai.controller.login.LoginController', 'login', null, null, '', '1', '2019-06-03 14:45:52', '1', '2019-06-03 14:45:52');
INSERT INTO `tb_action_log` VALUES ('1135438231853207552', '', '00', '0:0:0:0:0:0:0:1', 'com.javaweb.MichaelKai.controller.login.LoginController', 'login', null, null, '', '1', '2019-06-03 14:49:04', '1', '2019-06-03 14:49:04');
INSERT INTO `tb_action_log` VALUES ('1135438674746544128', '', '00', '0:0:0:0:0:0:0:1', 'com.javaweb.MichaelKai.controller.login.LoginController', 'login', null, null, '', '1', '2019-06-03 14:50:50', '1', '2019-06-03 14:50:50');
INSERT INTO `tb_action_log` VALUES ('1135438878199648256', '', '00', '0:0:0:0:0:0:0:1', 'com.javaweb.MichaelKai.controller.login.LoginController', 'login', null, null, '', '1', '2019-06-03 14:51:38', '1', '2019-06-03 14:51:38');
INSERT INTO `tb_action_log` VALUES ('1135439038275260416', '', '00', '0:0:0:0:0:0:0:1', 'com.javaweb.MichaelKai.controller.login.LoginController', 'login', null, null, '', '1', '2019-06-03 14:52:16', '1', '2019-06-03 14:52:16');
INSERT INTO `tb_action_log` VALUES ('1135440491505127424', '', '00', '0:0:0:0:0:0:0:1', 'com.javaweb.MichaelKai.controller.login.LoginController', 'login', null, null, '', '1', '2019-06-03 14:58:03', '1', '2019-06-03 14:58:03');
INSERT INTO `tb_action_log` VALUES ('1135441044079513600', '', '00', '0:0:0:0:0:0:0:1', 'com.javaweb.MichaelKai.controller.login.LoginController', 'login', null, null, '', '1', '2019-06-03 15:00:15', '1', '2019-06-03 15:00:15');
INSERT INTO `tb_action_log` VALUES ('1135441315685863424', '', '00', '0:0:0:0:0:0:0:1', 'com.javaweb.MichaelKai.controller.login.LoginController', 'login', null, null, '', '1', '2019-06-03 15:01:19', '1', '2019-06-03 15:01:19');
INSERT INTO `tb_action_log` VALUES ('1135442079116300288', '', '00', '0:0:0:0:0:0:0:1', 'com.javaweb.MichaelKai.controller.login.LoginController', 'login', null, null, '', '1', '2019-06-03 15:04:21', '1', '2019-06-03 15:04:21');
INSERT INTO `tb_action_log` VALUES ('1135442239712006144', '', '00', '0:0:0:0:0:0:0:1', 'com.javaweb.MichaelKai.controller.login.LoginController', 'login', null, null, '', '1', '2019-06-03 15:05:00', '1', '2019-06-03 15:05:00');
INSERT INTO `tb_action_log` VALUES ('1135442351343407104', '', '00', '0:0:0:0:0:0:0:1', 'com.javaweb.MichaelKai.controller.login.LoginController', 'login', null, null, '', '1', '2019-06-03 15:05:26', '1', '2019-06-03 15:05:26');
INSERT INTO `tb_action_log` VALUES ('1135443486926049280', '', '00', '0:0:0:0:0:0:0:1', 'com.javaweb.MichaelKai.controller.login.LoginController', 'login', null, null, '', '1', '2019-06-03 15:09:57', '1', '2019-06-03 15:09:57');
INSERT INTO `tb_action_log` VALUES ('1135443713833701376', '', '00', '0:0:0:0:0:0:0:1', 'com.javaweb.MichaelKai.controller.login.LoginController', 'login', null, null, '', '1', '2019-06-03 15:10:51', '1', '2019-06-03 15:10:51');
INSERT INTO `tb_action_log` VALUES ('1135445326832996352', '', '00', '0:0:0:0:0:0:0:1', 'com.javaweb.MichaelKai.controller.login.LoginController', 'login', null, null, '', '1', '2019-06-03 15:17:16', '1', '2019-06-03 15:17:16');
INSERT INTO `tb_action_log` VALUES ('1135445854660988928', '', '00', '0:0:0:0:0:0:0:1', 'com.javaweb.MichaelKai.controller.login.LoginController', 'login', null, null, '', '1', '2019-06-03 15:19:21', '1', '2019-06-03 15:19:21');
INSERT INTO `tb_action_log` VALUES ('1135446885721575424', '', '00', '0:0:0:0:0:0:0:1', 'com.javaweb.MichaelKai.controller.login.LoginController', 'login', null, null, '', '1', '2019-06-03 15:23:27', '1', '2019-06-03 15:23:27');
INSERT INTO `tb_action_log` VALUES ('1135450163352047616', '', '00', '0:0:0:0:0:0:0:1', 'com.javaweb.MichaelKai.controller.login.LoginController', 'login', null, null, '', '1', '2019-06-03 15:36:29', '1', '2019-06-03 15:36:29');
INSERT INTO `tb_action_log` VALUES ('1135458099562418176', '', '00', '0:0:0:0:0:0:0:1', 'com.javaweb.MichaelKai.controller.login.LoginController', 'login', null, null, '', '1', '2019-06-03 16:08:01', '1', '2019-06-03 16:08:01');
INSERT INTO `tb_action_log` VALUES ('1135465188049424384', '', '00', '0:0:0:0:0:0:0:1', 'com.javaweb.MichaelKai.controller.login.LoginController', 'login', null, null, '', '1', '2019-06-03 16:36:11', '1', '2019-06-03 16:36:11');
INSERT INTO `tb_action_log` VALUES ('1135465706519924736', '', '00', '0:0:0:0:0:0:0:1', 'com.javaweb.MichaelKai.controller.login.LoginController', 'login', null, null, '', '1', '2019-06-03 16:38:15', '1', '2019-06-03 16:38:15');
INSERT INTO `tb_action_log` VALUES ('1135466807537307648', '', '00', '0:0:0:0:0:0:0:1', 'com.javaweb.MichaelKai.controller.login.LoginController', 'login', null, null, '', '1', '2019-06-03 16:42:37', '1', '2019-06-03 16:42:37');
INSERT INTO `tb_action_log` VALUES ('1135467363039318016', '', '00', '0:0:0:0:0:0:0:1', 'com.javaweb.MichaelKai.controller.login.LoginController', 'login', null, null, '', '1', '2019-06-03 16:44:49', '1', '2019-06-03 16:44:49');
INSERT INTO `tb_action_log` VALUES ('1135467745723420672', '', '00', '0:0:0:0:0:0:0:1', 'com.javaweb.MichaelKai.controller.login.LoginController', 'login', null, null, '', '1', '2019-06-03 16:46:21', '1', '2019-06-03 16:46:21');
INSERT INTO `tb_action_log` VALUES ('1135468405214810112', '', '00', '0:0:0:0:0:0:0:1', 'com.javaweb.MichaelKai.controller.login.LoginController', 'login', null, null, '', '1', '2019-06-03 16:48:58', '1', '2019-06-03 16:48:58');
INSERT INTO `tb_action_log` VALUES ('1135468630323105792', '', '00', '0:0:0:0:0:0:0:1', 'com.javaweb.MichaelKai.controller.login.LoginController', 'login', null, null, '', '1', '2019-06-03 16:49:52', '1', '2019-06-03 16:49:52');
INSERT INTO `tb_action_log` VALUES ('1135469177470062592', '', '00', '0:0:0:0:0:0:0:1', 'com.javaweb.MichaelKai.controller.login.LoginController', 'login', null, null, '', '1', '2019-06-03 16:52:02', '1', '2019-06-03 16:52:02');
INSERT INTO `tb_action_log` VALUES ('1135469906435903488', '', '00', '0:0:0:0:0:0:0:1', 'com.javaweb.MichaelKai.controller.login.LoginController', 'login', null, null, '', '1', '2019-06-03 16:54:56', '1', '2019-06-03 16:54:56');
INSERT INTO `tb_action_log` VALUES ('1135470268093960192', '', '00', '0:0:0:0:0:0:0:1', 'com.javaweb.MichaelKai.controller.login.LoginController', 'login', null, null, '', '1', '2019-06-03 16:56:22', '1', '2019-06-03 16:56:22');
INSERT INTO `tb_action_log` VALUES ('1135470516082184192', '', '00', '0:0:0:0:0:0:0:1', 'com.javaweb.MichaelKai.controller.login.LoginController', 'login', null, null, '', '1', '2019-06-03 16:57:21', '1', '2019-06-03 16:57:21');
INSERT INTO `tb_action_log` VALUES ('1135471032866574336', '', '00', '0:0:0:0:0:0:0:1', 'com.javaweb.MichaelKai.controller.login.LoginController', 'login', null, null, '', '1', '2019-06-03 16:59:24', '1', '2019-06-03 16:59:24');
INSERT INTO `tb_action_log` VALUES ('1135472232219414528', '', '00', '0:0:0:0:0:0:0:1', 'com.javaweb.MichaelKai.controller.login.LoginController', 'login', null, null, '', '1', '2019-06-03 17:04:10', '1', '2019-06-03 17:04:10');
INSERT INTO `tb_action_log` VALUES ('1135474110588129280', '', '00', '0:0:0:0:0:0:0:1', 'com.javaweb.MichaelKai.controller.login.LoginController', 'login', null, null, '', '1', '2019-06-03 17:11:38', '1', '2019-06-03 17:11:38');
INSERT INTO `tb_action_log` VALUES ('1135474384492957696', '', '00', '0:0:0:0:0:0:0:1', 'com.javaweb.MichaelKai.controller.login.LoginController', 'login', null, null, '', '1', '2019-06-03 17:12:44', '1', '2019-06-03 17:12:44');
INSERT INTO `tb_action_log` VALUES ('1135474732150427648', '', '00', '0:0:0:0:0:0:0:1', 'com.javaweb.MichaelKai.controller.login.LoginController', 'login', null, null, '', '1', '2019-06-03 17:14:06', '1', '2019-06-03 17:14:06');
INSERT INTO `tb_action_log` VALUES ('1135475228454031360', '', '00', '0:0:0:0:0:0:0:1', 'com.javaweb.MichaelKai.controller.login.LoginController', 'login', null, null, '', '1', '2019-06-03 17:16:05', '1', '2019-06-03 17:16:05');
INSERT INTO `tb_action_log` VALUES ('1135475340232232960', '', '00', '0:0:0:0:0:0:0:1', 'com.javaweb.MichaelKai.controller.login.LoginController', 'login', null, null, '', '1', '2019-06-03 17:16:31', '1', '2019-06-03 17:16:31');
INSERT INTO `tb_action_log` VALUES ('1135475472432500736', '', '00', '0:0:0:0:0:0:0:1', 'com.javaweb.MichaelKai.controller.login.LoginController', 'login', null, null, '', '1', '2019-06-03 17:17:03', '1', '2019-06-03 17:17:03');
INSERT INTO `tb_action_log` VALUES ('1135477601314410496', '', '00', '0:0:0:0:0:0:0:1', 'com.javaweb.MichaelKai.controller.login.LoginController', 'login', null, null, '', '1', '2019-06-03 17:25:30', '1', '2019-06-03 17:25:30');
INSERT INTO `tb_action_log` VALUES ('1135478470185455616', '', '00', '0:0:0:0:0:0:0:1', 'com.javaweb.MichaelKai.controller.login.LoginController', 'login', null, null, '', '1', '2019-06-03 17:28:58', '1', '2019-06-03 17:28:58');
INSERT INTO `tb_action_log` VALUES ('1135479719689588736', '', '00', '0:0:0:0:0:0:0:1', 'com.javaweb.MichaelKai.controller.login.LoginController', 'login', null, null, '', '1', '2019-06-03 17:33:56', '1', '2019-06-03 17:33:56');
INSERT INTO `tb_action_log` VALUES ('1135479861641613312', '', '00', '0:0:0:0:0:0:0:1', 'com.javaweb.MichaelKai.controller.login.LoginController', 'login', null, null, '', '1', '2019-06-03 17:34:29', '1', '2019-06-03 17:34:29');
INSERT INTO `tb_action_log` VALUES ('1135480004927426560', '', '00', '0:0:0:0:0:0:0:1', 'com.javaweb.MichaelKai.controller.login.LoginController', 'login', null, null, '', '1', '2019-06-03 17:35:04', '1', '2019-06-03 17:35:04');
INSERT INTO `tb_action_log` VALUES ('1135480215296937984', '', '00', '0:0:0:0:0:0:0:1', 'com.javaweb.MichaelKai.controller.login.LoginController', 'login', null, null, '', '1', '2019-06-03 17:35:54', '1', '2019-06-03 17:35:54');
INSERT INTO `tb_action_log` VALUES ('1135480639143940096', '', '00', '0:0:0:0:0:0:0:1', 'com.javaweb.MichaelKai.controller.login.LoginController', 'login', null, null, '', '1', '2019-06-03 17:37:35', '1', '2019-06-03 17:37:35');
INSERT INTO `tb_action_log` VALUES ('1135480682487877632', '', '00', '0:0:0:0:0:0:0:1', 'com.javaweb.MichaelKai.controller.login.LoginController', 'login', null, null, '', '1', '2019-06-03 17:37:45', '1', '2019-06-03 17:37:45');
INSERT INTO `tb_action_log` VALUES ('1135708636803371008', '', '00', '0:0:0:0:0:0:0:1', 'com.javaweb.MichaelKai.controller.login.LoginController', 'login', null, null, '', '1', '2019-06-04 08:43:34', '1', '2019-06-04 08:43:34');
INSERT INTO `tb_action_log` VALUES ('1135708964500148224', '', '00', '0:0:0:0:0:0:0:1', 'com.javaweb.MichaelKai.controller.login.LoginController', 'login', null, null, '', '1', '2019-06-04 08:44:52', '1', '2019-06-04 08:44:52');
INSERT INTO `tb_action_log` VALUES ('1135710609464233984', '', '00', '0:0:0:0:0:0:0:1', 'com.javaweb.MichaelKai.controller.login.LoginController', 'login', null, null, '', '1', '2019-06-04 08:51:24', '1', '2019-06-04 08:51:24');
INSERT INTO `tb_action_log` VALUES ('1135710768738734080', '', '00', '0:0:0:0:0:0:0:1', 'com.javaweb.MichaelKai.controller.login.LoginController', 'login', null, null, '', '1', '2019-06-04 08:52:02', '1', '2019-06-04 08:52:02');
INSERT INTO `tb_action_log` VALUES ('1135710891904471040', '', '00', '0:0:0:0:0:0:0:1', 'com.javaweb.MichaelKai.controller.login.LoginController', 'login', null, null, '', '1', '2019-06-04 08:52:31', '1', '2019-06-04 08:52:31');
INSERT INTO `tb_action_log` VALUES ('1135711016710180864', '', '00', '0:0:0:0:0:0:0:1', 'com.javaweb.MichaelKai.controller.login.LoginController', 'login', null, null, '', '1', '2019-06-04 08:53:01', '1', '2019-06-04 08:53:01');
INSERT INTO `tb_action_log` VALUES ('1135711115687366656', '', '00', '0:0:0:0:0:0:0:1', 'com.javaweb.MichaelKai.controller.login.LoginController', 'login', null, null, '', '1', '2019-06-04 08:53:25', '1', '2019-06-04 08:53:25');
INSERT INTO `tb_action_log` VALUES ('1135711398207295488', '', '00', '0:0:0:0:0:0:0:1', 'com.javaweb.MichaelKai.controller.login.LoginController', 'login', null, null, '', '1', '2019-06-04 08:54:32', '1', '2019-06-04 08:54:32');
INSERT INTO `tb_action_log` VALUES ('1135711482009489408', '', '00', '0:0:0:0:0:0:0:1', 'com.javaweb.MichaelKai.controller.login.LoginController', 'login', null, null, '', '1', '2019-06-04 08:54:52', '1', '2019-06-04 08:54:52');
INSERT INTO `tb_action_log` VALUES ('1135711876081127424', '', '00', '0:0:0:0:0:0:0:1', 'com.javaweb.MichaelKai.controller.login.LoginController', 'login', null, null, '', '1', '2019-06-04 08:56:26', '1', '2019-06-04 08:56:26');
INSERT INTO `tb_action_log` VALUES ('1135712034017644544', '', '00', '0:0:0:0:0:0:0:1', 'com.javaweb.MichaelKai.controller.login.LoginController', 'login', null, null, '', '1', '2019-06-04 08:57:04', '1', '2019-06-04 08:57:04');
INSERT INTO `tb_action_log` VALUES ('1135712194038730752', '', '00', '0:0:0:0:0:0:0:1', 'com.javaweb.MichaelKai.controller.login.LoginController', 'login', null, null, '', '1', '2019-06-04 08:57:42', '1', '2019-06-04 08:57:42');
INSERT INTO `tb_action_log` VALUES ('1135712283473874944', '', '00', '0:0:0:0:0:0:0:1', 'com.javaweb.MichaelKai.controller.login.LoginController', 'login', null, null, '', '1', '2019-06-04 08:58:03', '1', '2019-06-04 08:58:03');
INSERT INTO `tb_action_log` VALUES ('1135712669647638528', '', '00', '0:0:0:0:0:0:0:1', 'com.javaweb.MichaelKai.controller.login.LoginController', 'login', null, null, '', '1', '2019-06-04 08:59:35', '1', '2019-06-04 08:59:35');
INSERT INTO `tb_action_log` VALUES ('1135712789663453184', '', '00', '0:0:0:0:0:0:0:1', 'com.javaweb.MichaelKai.controller.login.LoginController', 'login', null, null, '', '1', '2019-06-04 09:00:04', '1', '2019-06-04 09:00:04');
INSERT INTO `tb_action_log` VALUES ('1135712935138693120', '', '00', '0:0:0:0:0:0:0:1', 'com.javaweb.MichaelKai.controller.login.LoginController', 'login', null, null, '', '1', '2019-06-04 09:00:38', '1', '2019-06-04 09:00:38');
INSERT INTO `tb_action_log` VALUES ('1135713061135585280', '', '00', '0:0:0:0:0:0:0:1', 'com.javaweb.MichaelKai.controller.login.LoginController', 'login', null, null, '', '1', '2019-06-04 09:01:08', '1', '2019-06-04 09:01:08');
INSERT INTO `tb_action_log` VALUES ('1135713159387156480', '', '00', '0:0:0:0:0:0:0:1', 'com.javaweb.MichaelKai.controller.login.LoginController', 'login', null, null, '', '1', '2019-06-04 09:01:32', '1', '2019-06-04 09:01:32');
INSERT INTO `tb_action_log` VALUES ('1135713253712859136', '', '00', '0:0:0:0:0:0:0:1', 'com.javaweb.MichaelKai.controller.login.LoginController', 'login', null, null, '', '1', '2019-06-04 09:01:54', '1', '2019-06-04 09:01:54');
INSERT INTO `tb_action_log` VALUES ('1135713491521507328', '', '00', '0:0:0:0:0:0:0:1', 'com.javaweb.MichaelKai.controller.login.LoginController', 'login', null, null, '', '1', '2019-06-04 09:02:51', '1', '2019-06-04 09:02:51');
INSERT INTO `tb_action_log` VALUES ('1135713815804121088', '', '00', '0:0:0:0:0:0:0:1', 'com.javaweb.MichaelKai.controller.login.LoginController', 'login', null, null, '', '1', '2019-06-04 09:04:08', '1', '2019-06-04 09:04:08');
INSERT INTO `tb_action_log` VALUES ('1135713907923619840', '', '00', '0:0:0:0:0:0:0:1', 'com.javaweb.MichaelKai.controller.login.LoginController', 'login', null, null, '', '1', '2019-06-04 09:04:30', '1', '2019-06-04 09:04:30');
INSERT INTO `tb_action_log` VALUES ('1135714062156566528', '', '00', '0:0:0:0:0:0:0:1', 'com.javaweb.MichaelKai.controller.login.LoginController', 'login', null, null, '', '1', '2019-06-04 09:05:07', '1', '2019-06-04 09:05:07');
INSERT INTO `tb_action_log` VALUES ('1135715130097668096', '', '00', '0:0:0:0:0:0:0:1', 'com.javaweb.MichaelKai.controller.login.LoginController', 'login', null, null, '', '1', '2019-06-04 09:09:22', '1', '2019-06-04 09:09:22');
INSERT INTO `tb_action_log` VALUES ('1135715186469113856', '', '00', '0:0:0:0:0:0:0:1', 'com.javaweb.MichaelKai.controller.login.LoginController', 'login', null, null, '', '1', '2019-06-04 09:09:35', '1', '2019-06-04 09:09:35');
INSERT INTO `tb_action_log` VALUES ('1135715353419190272', '', '00', '0:0:0:0:0:0:0:1', 'com.javaweb.MichaelKai.controller.login.LoginController', 'login', null, null, '', '1', '2019-06-04 09:10:15', '1', '2019-06-04 09:10:15');
INSERT INTO `tb_action_log` VALUES ('1135715719439323136', '', '00', '0:0:0:0:0:0:0:1', 'com.javaweb.MichaelKai.controller.login.LoginController', 'login', null, null, '', '1', '2019-06-04 09:11:42', '1', '2019-06-04 09:11:42');
INSERT INTO `tb_action_log` VALUES ('1135715854730792960', '', '00', '0:0:0:0:0:0:0:1', 'com.javaweb.MichaelKai.controller.login.LoginController', 'login', null, null, '', '1', '2019-06-04 09:12:14', '1', '2019-06-04 09:12:14');
INSERT INTO `tb_action_log` VALUES ('1135740810827010048', '', '00', '0:0:0:0:0:0:0:1', 'com.javaweb.MichaelKai.controller.login.LoginController', 'login', null, null, '', '1', '2019-06-04 10:51:24', '1', '2019-06-04 10:51:24');
INSERT INTO `tb_action_log` VALUES ('1135741341066727424', '', '00', '0:0:0:0:0:0:0:1', 'com.javaweb.MichaelKai.controller.login.LoginController', 'login', null, null, '', '1', '2019-06-04 10:53:31', '1', '2019-06-04 10:53:31');
INSERT INTO `tb_action_log` VALUES ('1135743383457894400', '', '00', '0:0:0:0:0:0:0:1', 'com.javaweb.MichaelKai.controller.login.LoginController', 'login', null, null, '', '1', '2019-06-04 11:01:38', '1', '2019-06-04 11:01:38');
INSERT INTO `tb_action_log` VALUES ('1135744308859768832', '', '00', '0:0:0:0:0:0:0:1', 'com.javaweb.MichaelKai.controller.login.LoginController', 'login', null, null, '', '1', '2019-06-04 11:05:18', '1', '2019-06-04 11:05:18');
INSERT INTO `tb_action_log` VALUES ('1135746703874461696', '', '00', '0:0:0:0:0:0:0:1', 'com.javaweb.MichaelKai.controller.login.LoginController', 'login', null, null, '', '1', '2019-06-04 11:14:50', '1', '2019-06-04 11:14:50');
INSERT INTO `tb_action_log` VALUES ('1135746917242900480', '', '00', '0:0:0:0:0:0:0:1', 'com.javaweb.MichaelKai.controller.login.LoginController', 'login', null, null, '', '1', '2019-06-04 11:15:40', '1', '2019-06-04 11:15:40');
INSERT INTO `tb_action_log` VALUES ('1135748587746103296', '', '00', '0:0:0:0:0:0:0:1', 'com.javaweb.MichaelKai.controller.login.LoginController', 'login', null, null, '', '1', '2019-06-04 11:22:19', '1', '2019-06-04 11:22:19');
INSERT INTO `tb_action_log` VALUES ('1135749018111053824', '', '00', '0:0:0:0:0:0:0:1', 'com.javaweb.MichaelKai.controller.login.LoginController', 'login', null, null, '', '1', '2019-06-04 11:24:01', '1', '2019-06-04 11:24:01');
INSERT INTO `tb_action_log` VALUES ('1135749331442339840', '', '00', '0:0:0:0:0:0:0:1', 'com.javaweb.MichaelKai.controller.login.LoginController', 'login', null, null, '', '1', '2019-06-04 11:25:16', '1', '2019-06-04 11:25:16');
INSERT INTO `tb_action_log` VALUES ('1135788977127821312', '', '00', '0:0:0:0:0:0:0:1', 'com.javaweb.MichaelKai.controller.login.LoginController', 'login', null, null, '', '1', '2019-06-04 14:02:48', '1', '2019-06-04 14:02:48');
INSERT INTO `tb_action_log` VALUES ('1135789054625976320', '', '00', '0:0:0:0:0:0:0:1', 'com.javaweb.MichaelKai.controller.login.LoginController', 'login', null, null, '', '1', '2019-06-04 14:03:07', '1', '2019-06-04 14:03:07');
INSERT INTO `tb_action_log` VALUES ('1135789135362134016', '', '00', '0:0:0:0:0:0:0:1', 'com.javaweb.MichaelKai.controller.login.LoginController', 'login', null, null, '', '1', '2019-06-04 14:03:26', '1', '2019-06-04 14:03:26');
INSERT INTO `tb_action_log` VALUES ('1135791092747341824', '', '00', '0:0:0:0:0:0:0:1', 'com.javaweb.MichaelKai.controller.login.LoginController', 'login', null, null, '', '1', '2019-06-04 14:11:13', '1', '2019-06-04 14:11:13');
INSERT INTO `tb_action_log` VALUES ('1135794954233319424', '', '00', '0:0:0:0:0:0:0:1', 'com.javaweb.MichaelKai.controller.login.LoginController', 'login', null, null, '', '1', '2019-06-04 14:26:33', '1', '2019-06-04 14:26:33');
INSERT INTO `tb_action_log` VALUES ('1135795678069526528', '', '00', '0:0:0:0:0:0:0:1', 'com.javaweb.MichaelKai.controller.login.LoginController', 'login', null, null, '', '1', '2019-06-04 14:29:26', '1', '2019-06-04 14:29:26');
INSERT INTO `tb_action_log` VALUES ('1135796181121765376', '', '00', '0:0:0:0:0:0:0:1', 'com.javaweb.MichaelKai.controller.login.LoginController', 'login', null, null, '', '1', '2019-06-04 14:31:26', '1', '2019-06-04 14:31:26');
INSERT INTO `tb_action_log` VALUES ('1135798249597308928', '', '00', '0:0:0:0:0:0:0:1', 'com.javaweb.MichaelKai.controller.login.LoginController', 'login', null, null, '', '1133293016937795584', '2019-06-04 14:39:39', '1133293016937795584', '2019-06-04 14:39:39');
INSERT INTO `tb_action_log` VALUES ('1135800390231658496', '', '00', '0:0:0:0:0:0:0:1', 'com.javaweb.MichaelKai.controller.login.LoginController', 'login', null, null, '', '1133293016937795584', '2019-06-04 14:48:09', '1133293016937795584', '2019-06-04 14:48:09');
INSERT INTO `tb_action_log` VALUES ('1135800774836752384', '', '00', '0:0:0:0:0:0:0:1', 'com.javaweb.MichaelKai.controller.login.LoginController', 'login', null, null, '', '1', '2019-06-04 14:49:41', '1', '2019-06-04 14:49:41');
INSERT INTO `tb_action_log` VALUES ('1135802023841763328', '', '00', '0:0:0:0:0:0:0:1', 'com.javaweb.MichaelKai.controller.login.LoginController', 'login', null, null, '', '1', '2019-06-04 14:54:39', '1', '2019-06-04 14:54:39');
INSERT INTO `tb_action_log` VALUES ('1135802334799073280', '', '00', '0:0:0:0:0:0:0:1', 'com.javaweb.MichaelKai.controller.login.LoginController', 'login', null, null, '', '1', '2019-06-04 14:55:53', '1', '2019-06-04 14:55:53');
INSERT INTO `tb_action_log` VALUES ('1135803113576468480', '', '00', '0:0:0:0:0:0:0:1', 'com.javaweb.MichaelKai.controller.login.LoginController', 'login', null, null, '', '1', '2019-06-04 14:58:59', '1', '2019-06-04 14:58:59');
INSERT INTO `tb_action_log` VALUES ('1135831942130962432', '', '00', '0:0:0:0:0:0:0:1', 'com.javaweb.MichaelKai.controller.login.LoginController', 'login', null, null, '', '1', '2019-06-04 16:53:32', '1', '2019-06-04 16:53:32');
INSERT INTO `tb_action_log` VALUES ('1135832290384023552', '', '00', '0:0:0:0:0:0:0:1', 'com.javaweb.MichaelKai.controller.login.LoginController', 'login', null, null, '', '1', '2019-06-04 16:54:55', '1', '2019-06-04 16:54:55');
INSERT INTO `tb_action_log` VALUES ('1135832377411637248', '', '00', '0:0:0:0:0:0:0:1', 'com.javaweb.MichaelKai.controller.login.LoginController', 'login', null, null, '', '1', '2019-06-04 16:55:16', '1', '2019-06-04 16:55:16');
INSERT INTO `tb_action_log` VALUES ('1135833594963562496', '', '00', '0:0:0:0:0:0:0:1', 'com.javaweb.MichaelKai.controller.login.LoginController', 'login', null, null, '', '1', '2019-06-04 17:00:06', '1', '2019-06-04 17:00:06');
INSERT INTO `tb_action_log` VALUES ('1135834229389791232', '', '00', '0:0:0:0:0:0:0:1', 'com.javaweb.MichaelKai.controller.login.LoginController', 'login', null, null, '', '1', '2019-06-04 17:02:37', '1', '2019-06-04 17:02:37');
INSERT INTO `tb_action_log` VALUES ('1135834593438601216', '', '00', '0:0:0:0:0:0:0:1', 'com.javaweb.MichaelKai.controller.login.LoginController', 'login', null, null, '', '1', '2019-06-04 17:04:04', '1', '2019-06-04 17:04:04');
INSERT INTO `tb_action_log` VALUES ('1135836397924651008', '', '00', '0:0:0:0:0:0:0:1', 'com.javaweb.MichaelKai.controller.login.LoginController', 'login', null, null, '', '1', '2019-06-04 17:11:14', '1', '2019-06-04 17:11:14');
INSERT INTO `tb_action_log` VALUES ('1135836624157020160', '', '00', '0:0:0:0:0:0:0:1', 'com.javaweb.MichaelKai.controller.login.LoginController', 'login', null, null, '', '1', '2019-06-04 17:12:08', '1', '2019-06-04 17:12:08');
INSERT INTO `tb_action_log` VALUES ('1135837137120399360', '', '00', '0:0:0:0:0:0:0:1', 'com.javaweb.MichaelKai.controller.login.LoginController', 'login', null, null, '', '1', '2019-06-04 17:14:10', '1', '2019-06-04 17:14:10');
INSERT INTO `tb_action_log` VALUES ('1135838473983496192', '', '00', '0:0:0:0:0:0:0:1', 'com.javaweb.MichaelKai.controller.login.LoginController', 'login', null, null, '', '1', '2019-06-04 17:19:29', '1', '2019-06-04 17:19:29');
INSERT INTO `tb_action_log` VALUES ('1135839183814922240', '', '00', '0:0:0:0:0:0:0:1', 'com.javaweb.MichaelKai.controller.login.LoginController', 'login', null, null, '', '1', '2019-06-04 17:22:18', '1', '2019-06-04 17:22:18');
INSERT INTO `tb_action_log` VALUES ('1136071402978414592', '', '00', '0:0:0:0:0:0:0:1', 'com.javaweb.MichaelKai.controller.login.LoginController', 'login', null, null, '', '1', '2019-06-05 08:45:04', '1', '2019-06-05 08:45:04');
INSERT INTO `tb_action_log` VALUES ('1136073184542593024', '', '00', '0:0:0:0:0:0:0:1', 'com.javaweb.MichaelKai.controller.login.LoginController', 'login', null, null, '', '1', '2019-06-05 08:52:09', '1', '2019-06-05 08:52:09');
INSERT INTO `tb_action_log` VALUES ('1136073345037635584', '', '00', '0:0:0:0:0:0:0:1', 'com.javaweb.MichaelKai.controller.login.LoginController', 'login', null, null, '', '1', '2019-06-05 08:52:47', '1', '2019-06-05 08:52:47');
INSERT INTO `tb_action_log` VALUES ('1136073679134920704', '', '00', '0:0:0:0:0:0:0:1', 'com.javaweb.MichaelKai.controller.login.LoginController', 'login', null, null, '', '1', '2019-06-05 08:54:06', '1', '2019-06-05 08:54:06');
INSERT INTO `tb_action_log` VALUES ('1136086790898323456', '', '00', '0:0:0:0:0:0:0:1', 'com.javaweb.MichaelKai.controller.login.LoginController', 'login', null, null, '', '1', '2019-06-05 09:46:13', '1', '2019-06-05 09:46:13');
INSERT INTO `tb_action_log` VALUES ('1136087085627871232', '', '00', '0:0:0:0:0:0:0:1', 'com.javaweb.MichaelKai.controller.login.LoginController', 'login', null, null, '', '1', '2019-06-05 09:47:23', '1', '2019-06-05 09:47:23');
INSERT INTO `tb_action_log` VALUES ('1136087468932730880', '', '00', '0:0:0:0:0:0:0:1', 'com.javaweb.MichaelKai.controller.login.LoginController', 'login', null, null, '', '1', '2019-06-05 09:48:54', '1', '2019-06-05 09:48:54');
INSERT INTO `tb_action_log` VALUES ('1136088088515317760', '', '00', '0:0:0:0:0:0:0:1', 'com.javaweb.MichaelKai.controller.login.LoginController', 'login', null, null, '', '1', '2019-06-05 09:51:22', '1', '2019-06-05 09:51:22');
INSERT INTO `tb_action_log` VALUES ('1136099365509795840', '', '00', '0:0:0:0:0:0:0:1', 'com.javaweb.MichaelKai.controller.login.LoginController', 'login', null, null, '', '1133293016937795584', '2019-06-05 10:36:11', '1133293016937795584', '2019-06-05 10:36:11');
INSERT INTO `tb_action_log` VALUES ('1136099396870606848', '', '00', '0:0:0:0:0:0:0:1', 'com.javaweb.MichaelKai.controller.login.LoginController', 'login', null, null, '', '1133293016937795584', '2019-06-05 10:36:18', '1133293016937795584', '2019-06-05 10:36:18');
INSERT INTO `tb_action_log` VALUES ('1136107983223263232', '', '00', '0:0:0:0:0:0:0:1', 'com.javaweb.MichaelKai.controller.login.LoginController', 'login', null, null, '', '1133293016937795584', '2019-06-05 11:10:25', '1133293016937795584', '2019-06-05 11:10:25');
INSERT INTO `tb_action_log` VALUES ('1136108016270184448', '', '00', '0:0:0:0:0:0:0:1', 'com.javaweb.MichaelKai.controller.login.LoginController', 'login', null, null, '', '1', '2019-06-05 11:10:33', '1', '2019-06-05 11:10:33');
INSERT INTO `tb_action_log` VALUES ('1136110172838694912', '', '00', '0:0:0:0:0:0:0:1', 'com.javaweb.MichaelKai.controller.login.LoginController', 'login', null, null, '', '1', '2019-06-05 11:19:07', '1', '2019-06-05 11:19:07');
INSERT INTO `tb_action_log` VALUES ('1136110260105383936', '', '00', '0:0:0:0:0:0:0:1', 'com.javaweb.MichaelKai.controller.login.LoginController', 'login', null, null, '', '1', '2019-06-05 11:19:28', '1', '2019-06-05 11:19:28');
INSERT INTO `tb_action_log` VALUES ('1136110333908357120', '', '00', '0:0:0:0:0:0:0:1', 'com.javaweb.MichaelKai.controller.login.LoginController', 'login', null, null, '', '1133293016937795584', '2019-06-05 11:19:46', '1133293016937795584', '2019-06-05 11:19:46');
INSERT INTO `tb_action_log` VALUES ('1136112563797495808', '', '00', '0:0:0:0:0:0:0:1', 'com.javaweb.MichaelKai.controller.login.LoginController', 'login', null, null, '', '1133293016937795584', '2019-06-05 11:28:37', '1133293016937795584', '2019-06-05 11:28:37');
INSERT INTO `tb_action_log` VALUES ('1136113689716461568', '', '00', '0:0:0:0:0:0:0:1', 'com.javaweb.MichaelKai.controller.login.LoginController', 'login', null, null, '', '1', '2019-06-05 11:33:06', '1', '2019-06-05 11:33:06');
INSERT INTO `tb_action_log` VALUES ('1136114049713573888', '', '00', '0:0:0:0:0:0:0:1', 'com.javaweb.MichaelKai.controller.login.LoginController', 'login', null, null, '', '1', '2019-06-05 11:34:32', '1', '2019-06-05 11:34:32');
INSERT INTO `tb_action_log` VALUES ('1136114612979240960', '', '00', '0:0:0:0:0:0:0:1', 'com.javaweb.MichaelKai.controller.login.LoginController', 'login', null, null, '', '1', '2019-06-05 11:36:46', '1', '2019-06-05 11:36:46');
INSERT INTO `tb_action_log` VALUES ('1136114758546755584', '', '00', '0:0:0:0:0:0:0:1', 'com.javaweb.MichaelKai.controller.login.LoginController', 'login', null, null, '', '1', '2019-06-05 11:37:21', '1', '2019-06-05 11:37:21');
INSERT INTO `tb_action_log` VALUES ('1136115119214956544', '', '00', '0:0:0:0:0:0:0:1', 'com.javaweb.MichaelKai.controller.login.LoginController', 'login', null, null, '', '1', '2019-06-05 11:38:47', '1', '2019-06-05 11:38:47');
INSERT INTO `tb_action_log` VALUES ('1136115982159450112', '', '00', '0:0:0:0:0:0:0:1', 'com.javaweb.MichaelKai.controller.login.LoginController', 'login', null, null, '', '1', '2019-06-05 11:42:12', '1', '2019-06-05 11:42:12');
INSERT INTO `tb_action_log` VALUES ('1136116156093042688', '', '00', '0:0:0:0:0:0:0:1', 'com.javaweb.MichaelKai.controller.login.LoginController', 'login', null, null, '', '1', '2019-06-05 11:42:54', '1', '2019-06-05 11:42:54');
INSERT INTO `tb_action_log` VALUES ('1136146469745725440', '', '00', '0:0:0:0:0:0:0:1', 'com.javaweb.MichaelKai.controller.login.LoginController', 'login', null, null, '', '1', '2019-06-05 13:43:21', '1', '2019-06-05 13:43:21');
INSERT INTO `tb_action_log` VALUES ('1136153958256087040', '', '00', '0:0:0:0:0:0:0:1', 'com.javaweb.MichaelKai.controller.login.LoginController', 'login', null, null, '', '1', '2019-06-05 14:13:07', '1', '2019-06-05 14:13:07');
INSERT INTO `tb_action_log` VALUES ('1136154106843500544', '', '00', '0:0:0:0:0:0:0:1', 'com.javaweb.MichaelKai.controller.login.LoginController', 'login', null, null, '', '1', '2019-06-05 14:13:42', '1', '2019-06-05 14:13:42');
INSERT INTO `tb_action_log` VALUES ('1136154143019372544', '', '00', '0:0:0:0:0:0:0:1', 'com.javaweb.MichaelKai.controller.login.LoginController', 'login', null, null, '', '1133293016937795584', '2019-06-05 14:13:51', '1133293016937795584', '2019-06-05 14:13:51');
INSERT INTO `tb_action_log` VALUES ('1136154183423102976', '', '00', '0:0:0:0:0:0:0:1', 'com.javaweb.MichaelKai.controller.login.LoginController', 'login', null, null, '', '1', '2019-06-05 14:14:00', '1', '2019-06-05 14:14:00');
INSERT INTO `tb_action_log` VALUES ('1136156154016174080', '', '00', '0:0:0:0:0:0:0:1', 'com.javaweb.MichaelKai.controller.login.LoginController', 'login', null, null, '', '1', '2019-06-05 14:21:50', '1', '2019-06-05 14:21:50');
INSERT INTO `tb_action_log` VALUES ('1136156298602221568', '', '00', '0:0:0:0:0:0:0:1', 'com.javaweb.MichaelKai.controller.login.LoginController', 'login', null, null, '', '1', '2019-06-05 14:22:25', '1', '2019-06-05 14:22:25');
INSERT INTO `tb_action_log` VALUES ('1136156495793229824', '', '00', '0:0:0:0:0:0:0:1', 'com.javaweb.MichaelKai.controller.login.LoginController', 'login', null, null, '', '1', '2019-06-05 14:23:12', '1', '2019-06-05 14:23:12');
INSERT INTO `tb_action_log` VALUES ('1136157006005145600', '', '00', '0:0:0:0:0:0:0:1', 'com.javaweb.MichaelKai.controller.login.LoginController', 'login', null, null, '', '1', '2019-06-05 14:25:13', '1', '2019-06-05 14:25:13');
INSERT INTO `tb_action_log` VALUES ('1136157260838473728', '', '00', '0:0:0:0:0:0:0:1', 'com.javaweb.MichaelKai.controller.login.LoginController', 'login', null, null, '', '1', '2019-06-05 14:26:14', '1', '2019-06-05 14:26:14');
INSERT INTO `tb_action_log` VALUES ('1136157430397407232', '', '00', '0:0:0:0:0:0:0:1', 'com.javaweb.MichaelKai.controller.login.LoginController', 'login', null, null, '', '1', '2019-06-05 14:26:54', '1', '2019-06-05 14:26:54');
INSERT INTO `tb_action_log` VALUES ('1136192896299569152', '', '00', '0:0:0:0:0:0:0:1', 'com.javaweb.MichaelKai.controller.login.LoginController', 'login', null, null, '', '1', '2019-06-05 16:47:50', '1', '2019-06-05 16:47:50');
INSERT INTO `tb_action_log` VALUES ('1136199970479804416', '', '00', '0:0:0:0:0:0:0:1', 'com.javaweb.MichaelKai.controller.login.LoginController', 'login', null, null, '', '1', '2019-06-05 17:15:57', '1', '2019-06-05 17:15:57');
INSERT INTO `tb_action_log` VALUES ('1136200158292348928', '', '00', '0:0:0:0:0:0:0:1', 'com.javaweb.MichaelKai.controller.login.LoginController', 'login', null, null, '', '1', '2019-06-05 17:16:41', '1', '2019-06-05 17:16:41');
INSERT INTO `tb_action_log` VALUES ('1136200307961892864', '', '00', '0:0:0:0:0:0:0:1', 'com.javaweb.MichaelKai.controller.login.LoginController', 'login', null, null, '', '1', '2019-06-05 17:17:17', '1', '2019-06-05 17:17:17');
INSERT INTO `tb_action_log` VALUES ('1136200639865556992', '', '00', '0:0:0:0:0:0:0:1', 'com.javaweb.MichaelKai.controller.login.LoginController', 'login', null, null, '', '1133293016937795584', '2019-06-05 17:18:36', '1133293016937795584', '2019-06-05 17:18:36');
INSERT INTO `tb_action_log` VALUES ('1136200666293866496', '', '00', '0:0:0:0:0:0:0:1', 'com.javaweb.MichaelKai.controller.login.LoginController', 'login', null, null, '', '1', '2019-06-05 17:18:43', '1', '2019-06-05 17:18:43');
INSERT INTO `tb_action_log` VALUES ('1136203474099376128', '', '00', '0:0:0:0:0:0:0:1', 'com.javaweb.MichaelKai.controller.login.LoginController', 'login', null, null, '', '1', '2019-06-05 17:29:52', '1', '2019-06-05 17:29:52');
INSERT INTO `tb_action_log` VALUES ('1136203651686207488', '', '00', '0:0:0:0:0:0:0:1', 'com.javaweb.MichaelKai.controller.login.LoginController', 'login', null, null, '', '1', '2019-06-05 17:30:34', '1', '2019-06-05 17:30:34');
INSERT INTO `tb_action_log` VALUES ('1136203749535125504', '', '00', '0:0:0:0:0:0:0:1', 'com.javaweb.MichaelKai.controller.login.LoginController', 'login', null, null, '', '1133293016937795584', '2019-06-05 17:30:58', '1133293016937795584', '2019-06-05 17:30:58');
INSERT INTO `tb_action_log` VALUES ('1136203972990865408', '', '00', '0:0:0:0:0:0:0:1', 'com.javaweb.MichaelKai.controller.login.LoginController', 'login', null, null, '', '1', '2019-06-05 17:31:51', '1', '2019-06-05 17:31:51');
INSERT INTO `tb_action_log` VALUES ('1136204031539154944', '', '00', '0:0:0:0:0:0:0:1', 'com.javaweb.MichaelKai.controller.login.LoginController', 'login', null, null, '', '1133293016937795584', '2019-06-05 17:32:05', '1133293016937795584', '2019-06-05 17:32:05');
INSERT INTO `tb_action_log` VALUES ('1136434684708917248', '', '00', '0:0:0:0:0:0:0:1', 'com.javaweb.MichaelKai.controller.login.LoginController', 'login', null, null, '', '1', '2019-06-06 08:48:37', '1', '2019-06-06 08:48:37');
INSERT INTO `tb_action_log` VALUES ('1136436747928997888', '', '00', '0:0:0:0:0:0:0:1', 'com.javaweb.MichaelKai.controller.login.LoginController', 'login', null, null, '', '1', '2019-06-06 08:56:49', '1', '2019-06-06 08:56:49');
INSERT INTO `tb_action_log` VALUES ('1136437180827308032', '', '00', '0:0:0:0:0:0:0:1', 'com.javaweb.MichaelKai.controller.login.LoginController', 'login', null, null, '', '1', '2019-06-06 08:58:32', '1', '2019-06-06 08:58:32');
INSERT INTO `tb_action_log` VALUES ('1136510223863910400', '', '00', '0:0:0:0:0:0:0:1', 'com.javaweb.MichaelKai.controller.login.LoginController', 'login', null, null, '', '1', '2019-06-06 13:48:47', '1', '2019-06-06 13:48:47');
INSERT INTO `tb_action_log` VALUES ('1136511070026993664', '', '00', '0:0:0:0:0:0:0:1', 'com.javaweb.MichaelKai.controller.login.LoginController', 'login', null, null, '', '1', '2019-06-06 13:52:09', '1', '2019-06-06 13:52:09');
INSERT INTO `tb_action_log` VALUES ('1136511485980315648', '', '00', '0:0:0:0:0:0:0:1', 'com.javaweb.MichaelKai.controller.login.LoginController', 'login', null, null, '', '1', '2019-06-06 13:53:48', '1', '2019-06-06 13:53:48');
INSERT INTO `tb_action_log` VALUES ('1136520834454786048', '', '00', '0:0:0:0:0:0:0:1', 'com.javaweb.MichaelKai.controller.login.LoginController', 'login', null, null, '', '1', '2019-06-06 14:30:57', '1', '2019-06-06 14:30:57');
INSERT INTO `tb_action_log` VALUES ('1137883278691405824', '', '00', '0:0:0:0:0:0:0:1', 'com.javaweb.MichaelKai.controller.login.LoginController', 'login', null, null, '', '1', '2019-06-10 08:44:49', '1', '2019-06-10 08:44:49');
INSERT INTO `tb_action_log` VALUES ('1137898612433489920', '', '00', '0:0:0:0:0:0:0:1', 'com.javaweb.MichaelKai.controller.login.LoginController', 'login', null, null, '', '1', '2019-06-10 09:45:44', '1', '2019-06-10 09:45:44');
INSERT INTO `tb_action_log` VALUES ('1137899263855038464', '', '00', '0:0:0:0:0:0:0:1', 'com.javaweb.MichaelKai.controller.login.LoginController', 'login', null, null, '', '1', '2019-06-10 09:48:20', '1', '2019-06-10 09:48:20');
INSERT INTO `tb_action_log` VALUES ('1137901244250198016', '', '00', '0:0:0:0:0:0:0:1', 'com.javaweb.MichaelKai.controller.login.LoginController', 'login', null, null, '', '1', '2019-06-10 09:56:12', '1', '2019-06-10 09:56:12');
INSERT INTO `tb_action_log` VALUES ('1137903214138626048', '', '00', '0:0:0:0:0:0:0:1', 'com.javaweb.MichaelKai.controller.login.LoginController', 'login', null, null, '', '1', '2019-06-10 10:04:02', '1', '2019-06-10 10:04:02');
INSERT INTO `tb_action_log` VALUES ('1137910886485331968', '', '00', '0:0:0:0:0:0:0:1', 'com.javaweb.MichaelKai.controller.login.LoginController', 'login', null, null, '', '1', '2019-06-10 10:34:31', '1', '2019-06-10 10:34:31');
INSERT INTO `tb_action_log` VALUES ('1137911328053268480', '', '00', '0:0:0:0:0:0:0:1', 'com.javaweb.MichaelKai.controller.login.LoginController', 'login', null, null, '', '1', '2019-06-10 10:36:16', '1', '2019-06-10 10:36:16');
INSERT INTO `tb_action_log` VALUES ('1137911837770256384', '', '00', '0:0:0:0:0:0:0:1', 'com.javaweb.MichaelKai.controller.login.LoginController', 'login', null, null, '', '1', '2019-06-10 10:38:18', '1', '2019-06-10 10:38:18');
INSERT INTO `tb_action_log` VALUES ('1137913472953225216', '', '00', '0:0:0:0:0:0:0:1', 'com.javaweb.MichaelKai.controller.login.LoginController', 'login', null, null, '', '1', '2019-06-10 10:44:48', '1', '2019-06-10 10:44:48');
INSERT INTO `tb_action_log` VALUES ('1137913646454804480', '', '00', '0:0:0:0:0:0:0:1', 'com.javaweb.MichaelKai.controller.login.LoginController', 'login', null, null, '', '1', '2019-06-10 10:45:29', '1', '2019-06-10 10:45:29');
INSERT INTO `tb_action_log` VALUES ('1137913925074030592', '', '00', '0:0:0:0:0:0:0:1', 'com.javaweb.MichaelKai.controller.login.LoginController', 'login', null, null, '', '1', '2019-06-10 10:46:35', '1', '2019-06-10 10:46:35');
INSERT INTO `tb_action_log` VALUES ('1137914231040118784', '', '00', '0:0:0:0:0:0:0:1', 'com.javaweb.MichaelKai.controller.login.LoginController', 'login', null, null, '', '1', '2019-06-10 10:47:48', '1', '2019-06-10 10:47:48');
INSERT INTO `tb_action_log` VALUES ('1137914479162560512', '', '00', '0:0:0:0:0:0:0:1', 'com.javaweb.MichaelKai.controller.login.LoginController', 'login', null, null, '', '1', '2019-06-10 10:48:47', '1', '2019-06-10 10:48:47');
INSERT INTO `tb_action_log` VALUES ('1137916992448237568', '', '00', '0:0:0:0:0:0:0:1', 'com.javaweb.MichaelKai.controller.login.LoginController', 'login', null, null, '', '1', '2019-06-10 10:58:47', '1', '2019-06-10 10:58:47');
INSERT INTO `tb_action_log` VALUES ('1137917545475608576', '', '00', '0:0:0:0:0:0:0:1', 'com.javaweb.MichaelKai.controller.login.LoginController', 'login', null, null, '', '1', '2019-06-10 11:00:58', '1', '2019-06-10 11:00:58');
INSERT INTO `tb_action_log` VALUES ('1137917832961593344', '', '00', '0:0:0:0:0:0:0:1', 'com.javaweb.MichaelKai.controller.login.LoginController', 'login', null, null, '', '1', '2019-06-10 11:02:07', '1', '2019-06-10 11:02:07');
INSERT INTO `tb_action_log` VALUES ('1137918523646021632', '', '00', '0:0:0:0:0:0:0:1', 'com.javaweb.MichaelKai.controller.login.LoginController', 'login', null, null, '', '1', '2019-06-10 11:04:52', '1', '2019-06-10 11:04:52');
INSERT INTO `tb_action_log` VALUES ('1137919085443682304', '', '00', '0:0:0:0:0:0:0:1', 'com.javaweb.MichaelKai.controller.login.LoginController', 'login', null, null, '', '1', '2019-06-10 11:07:06', '1', '2019-06-10 11:07:06');
INSERT INTO `tb_action_log` VALUES ('1137919376595488768', '', '00', '0:0:0:0:0:0:0:1', 'com.javaweb.MichaelKai.controller.login.LoginController', 'login', null, null, '', '1', '2019-06-10 11:08:15', '1', '2019-06-10 11:08:15');
INSERT INTO `tb_action_log` VALUES ('1137920877111939072', '', '00', '0:0:0:0:0:0:0:1', 'com.javaweb.MichaelKai.controller.login.LoginController', 'login', null, null, '', '1', '2019-06-10 11:14:13', '1', '2019-06-10 11:14:13');
INSERT INTO `tb_action_log` VALUES ('1137921142317780992', '', '00', '0:0:0:0:0:0:0:1', 'com.javaweb.MichaelKai.controller.login.LoginController', 'login', null, null, '', '1', '2019-06-10 11:15:16', '1', '2019-06-10 11:15:16');
INSERT INTO `tb_action_log` VALUES ('1137922353863462912', '', '00', '0:0:0:0:0:0:0:1', 'com.javaweb.MichaelKai.controller.login.LoginController', 'login', null, null, '', '1', '2019-06-10 11:20:05', '1', '2019-06-10 11:20:05');
INSERT INTO `tb_action_log` VALUES ('1137922754784399360', '', '00', '0:0:0:0:0:0:0:1', 'com.javaweb.MichaelKai.controller.login.LoginController', 'login', null, null, '', '1', '2019-06-10 11:21:40', '1', '2019-06-10 11:21:40');
INSERT INTO `tb_action_log` VALUES ('1137922981645914112', '', '00', '0:0:0:0:0:0:0:1', 'com.javaweb.MichaelKai.controller.login.LoginController', 'login', null, null, '', '1', '2019-06-10 11:22:35', '1', '2019-06-10 11:22:35');
INSERT INTO `tb_action_log` VALUES ('1137923190304149504', '', '00', '0:0:0:0:0:0:0:1', 'com.javaweb.MichaelKai.controller.login.LoginController', 'login', null, null, '', '1', '2019-06-10 11:23:24', '1', '2019-06-10 11:23:24');
INSERT INTO `tb_action_log` VALUES ('1137926064211890176', '', '00', '0:0:0:0:0:0:0:1', 'com.javaweb.MichaelKai.controller.login.LoginController', 'login', null, null, '', '1', '2019-06-10 11:34:49', '1', '2019-06-10 11:34:49');
INSERT INTO `tb_action_log` VALUES ('1137926323566678016', '', '00', '0:0:0:0:0:0:0:1', 'com.javaweb.MichaelKai.controller.login.LoginController', 'login', null, null, '', '1', '2019-06-10 11:35:51', '1', '2019-06-10 11:35:51');
INSERT INTO `tb_action_log` VALUES ('1137926870445199360', '', '00', '0:0:0:0:0:0:0:1', 'com.javaweb.MichaelKai.controller.login.LoginController', 'login', null, null, '', '1', '2019-06-10 11:38:02', '1', '2019-06-10 11:38:02');
INSERT INTO `tb_action_log` VALUES ('1137927228890419200', '', '00', '0:0:0:0:0:0:0:1', 'com.javaweb.MichaelKai.controller.login.LoginController', 'login', null, null, '', '1', '2019-06-10 11:39:27', '1', '2019-06-10 11:39:27');
INSERT INTO `tb_action_log` VALUES ('1137928800148000768', '', '00', '0:0:0:0:0:0:0:1', 'com.javaweb.MichaelKai.controller.login.LoginController', 'login', null, null, '', '1', '2019-06-10 11:45:42', '1', '2019-06-10 11:45:42');
INSERT INTO `tb_action_log` VALUES ('1137929625779965952', '', '00', '0:0:0:0:0:0:0:1', 'com.javaweb.MichaelKai.controller.login.LoginController', 'login', null, null, '', '1', '2019-06-10 11:48:59', '1', '2019-06-10 11:48:59');
INSERT INTO `tb_action_log` VALUES ('1137929672567427072', '', '00', '0:0:0:0:0:0:0:1', 'com.javaweb.MichaelKai.controller.login.LoginController', 'login', null, null, '', '1', '2019-06-10 11:49:10', '1', '2019-06-10 11:49:10');
INSERT INTO `tb_action_log` VALUES ('1137931369209532416', '', '00', '0:0:0:0:0:0:0:1', 'com.javaweb.MichaelKai.controller.login.LoginController', 'login', null, null, '', '1', '2019-06-10 11:55:54', '1', '2019-06-10 11:55:54');
INSERT INTO `tb_action_log` VALUES ('1137931770633785344', '', '00', '0:0:0:0:0:0:0:1', 'com.javaweb.MichaelKai.controller.login.LoginController', 'login', null, null, '', '1', '2019-06-10 11:57:30', '1', '2019-06-10 11:57:30');
INSERT INTO `tb_action_log` VALUES ('1137932002171949056', '', '00', '0:0:0:0:0:0:0:1', 'com.javaweb.MichaelKai.controller.login.LoginController', 'login', null, null, '', '1', '2019-06-10 11:58:25', '1', '2019-06-10 11:58:25');
INSERT INTO `tb_action_log` VALUES ('1137961458051715072', '', '00', '0:0:0:0:0:0:0:1', 'com.javaweb.MichaelKai.controller.login.LoginController', 'login', null, null, '', '1', '2019-06-10 13:55:28', '1', '2019-06-10 13:55:28');
INSERT INTO `tb_action_log` VALUES ('1137964106289123328', '', '00', '0:0:0:0:0:0:0:1', 'com.javaweb.MichaelKai.controller.login.LoginController', 'login', null, null, '', '1', '2019-06-10 14:05:59', '1', '2019-06-10 14:05:59');
INSERT INTO `tb_action_log` VALUES ('1137965225455259648', '', '00', '0:0:0:0:0:0:0:1', 'com.javaweb.MichaelKai.controller.login.LoginController', 'login', null, null, '', '1', '2019-06-10 14:10:26', '1', '2019-06-10 14:10:26');
INSERT INTO `tb_action_log` VALUES ('1138248475671138304', '', '00', '0:0:0:0:0:0:0:1', 'com.javaweb.MichaelKai.controller.login.LoginController', 'login', null, null, '', '1', '2019-06-11 08:55:58', '1', '2019-06-11 08:55:58');
INSERT INTO `tb_action_log` VALUES ('1138252604036485120', '', '00', '0:0:0:0:0:0:0:1', 'com.javaweb.MichaelKai.controller.login.LoginController', 'login', null, null, '', '1', '2019-06-11 09:12:23', '1', '2019-06-11 09:12:23');
INSERT INTO `tb_action_log` VALUES ('1138256504596598784', '', '00', '0:0:0:0:0:0:0:1', 'com.javaweb.MichaelKai.controller.login.LoginController', 'login', null, null, '', '1', '2019-06-11 09:27:53', '1', '2019-06-11 09:27:53');
INSERT INTO `tb_action_log` VALUES ('1138256932432384000', '', '00', '0:0:0:0:0:0:0:1', 'com.javaweb.MichaelKai.controller.login.LoginController', 'login', null, null, '', '1', '2019-06-11 09:29:35', '1', '2019-06-11 09:29:35');
INSERT INTO `tb_action_log` VALUES ('1138258173040398336', '', '00', '0:0:0:0:0:0:0:1', 'com.javaweb.MichaelKai.controller.login.LoginController', 'login', null, null, '', '1', '2019-06-11 09:34:30', '1', '2019-06-11 09:34:30');
INSERT INTO `tb_action_log` VALUES ('1138258323288756224', '', '00', '0:0:0:0:0:0:0:1', 'com.javaweb.MichaelKai.controller.login.LoginController', 'login', null, null, '', '1', '2019-06-11 09:35:06', '1', '2019-06-11 09:35:06');
INSERT INTO `tb_action_log` VALUES ('1138263583830970368', '', '00', '0:0:0:0:0:0:0:1', 'com.javaweb.MichaelKai.controller.login.LoginController', 'login', null, null, '', '1', '2019-06-11 09:56:00', '1', '2019-06-11 09:56:00');
INSERT INTO `tb_action_log` VALUES ('1138263824407859200', '', '00', '0:0:0:0:0:0:0:1', 'com.javaweb.MichaelKai.controller.login.LoginController', 'login', null, null, '', '1', '2019-06-11 09:56:58', '1', '2019-06-11 09:56:58');
INSERT INTO `tb_action_log` VALUES ('1138264729236672512', '', '00', '0:0:0:0:0:0:0:1', 'com.javaweb.MichaelKai.controller.login.LoginController', 'login', null, null, '', '1', '2019-06-11 10:00:34', '1', '2019-06-11 10:00:34');
INSERT INTO `tb_action_log` VALUES ('1138287917496668160', '', '00', '0:0:0:0:0:0:0:1', 'com.javaweb.MichaelKai.controller.login.LoginController', 'login', null, null, '', '1', '2019-06-11 11:32:42', '1', '2019-06-11 11:32:42');
INSERT INTO `tb_action_log` VALUES ('1138288104478740480', '', '00', '0:0:0:0:0:0:0:1', 'com.javaweb.MichaelKai.controller.login.LoginController', 'login', null, null, '', '1', '2019-06-11 11:33:27', '1', '2019-06-11 11:33:27');
INSERT INTO `tb_action_log` VALUES ('1138288932748922880', '', '00', '0:0:0:0:0:0:0:1', 'com.javaweb.MichaelKai.controller.login.LoginController', 'login', null, null, '', '1', '2019-06-11 11:36:44', '1', '2019-06-11 11:36:44');
INSERT INTO `tb_action_log` VALUES ('1138293133918998528', '', '00', '0:0:0:0:0:0:0:1', 'com.javaweb.MichaelKai.controller.login.LoginController', 'login', null, null, '', '1', '2019-06-11 11:53:26', '1', '2019-06-11 11:53:26');
INSERT INTO `tb_action_log` VALUES ('1138293593665048576', '', '00', '0:0:0:0:0:0:0:1', 'com.javaweb.MichaelKai.controller.login.LoginController', 'login', null, null, '', '1', '2019-06-11 11:55:15', '1', '2019-06-11 11:55:15');
INSERT INTO `tb_action_log` VALUES ('1138294750747693056', '', '00', '0:0:0:0:0:0:0:1', 'com.javaweb.MichaelKai.controller.login.LoginController', 'login', null, null, '', '1', '2019-06-11 11:59:51', '1', '2019-06-11 11:59:51');
INSERT INTO `tb_action_log` VALUES ('1138294867949129728', '', '00', '0:0:0:0:0:0:0:1', 'com.javaweb.MichaelKai.controller.login.LoginController', 'login', null, null, '', '1', '2019-06-11 12:00:19', '1', '2019-06-11 12:00:19');
INSERT INTO `tb_action_log` VALUES ('1138320340057985024', '', '00', '0:0:0:0:0:0:0:1', 'com.javaweb.MichaelKai.controller.login.LoginController', 'login', null, null, '', '1', '2019-06-11 13:41:32', '1', '2019-06-11 13:41:32');
INSERT INTO `tb_action_log` VALUES ('1138320643075477504', '', '00', '0:0:0:0:0:0:0:1', 'com.javaweb.MichaelKai.controller.login.LoginController', 'login', null, null, '', '1', '2019-06-11 13:42:44', '1', '2019-06-11 13:42:44');
INSERT INTO `tb_action_log` VALUES ('1138321167095042048', '', '00', '0:0:0:0:0:0:0:1', 'com.javaweb.MichaelKai.controller.login.LoginController', 'login', null, null, '', '1', '2019-06-11 13:44:49', '1', '2019-06-11 13:44:49');
INSERT INTO `tb_action_log` VALUES ('1138321208346021888', '', '00', '0:0:0:0:0:0:0:1', 'com.javaweb.MichaelKai.controller.login.LoginController', 'login', null, null, '', '1', '2019-06-11 13:44:59', '1', '2019-06-11 13:44:59');
INSERT INTO `tb_action_log` VALUES ('1138321503042015232', '', '00', '0:0:0:0:0:0:0:1', 'com.javaweb.MichaelKai.controller.login.LoginController', 'login', null, null, '', '1', '2019-06-11 13:46:09', '1', '2019-06-11 13:46:09');
INSERT INTO `tb_action_log` VALUES ('1138321972497879040', '', '03', '0:0:0:0:0:0:0:1', 'com.javaweb.MichaelKai.controller.UserController', 'editUserInfo', null, null, '', '1', '2019-06-11 13:48:01', '1', '2019-06-11 13:48:01');
INSERT INTO `tb_action_log` VALUES ('1138322207001415680', '', '03', '0:0:0:0:0:0:0:1', 'com.javaweb.MichaelKai.controller.UserController', 'editUserInfo', null, null, '', '1', '2019-06-11 13:48:57', '1', '2019-06-11 13:48:57');
INSERT INTO `tb_action_log` VALUES ('1138323231955095552', '', '00', '0:0:0:0:0:0:0:1', 'com.javaweb.MichaelKai.controller.login.LoginController', 'login', null, null, '', '1', '2019-06-11 13:53:02', '1', '2019-06-11 13:53:02');
INSERT INTO `tb_action_log` VALUES ('1138323393540657152', '', '00', '0:0:0:0:0:0:0:1', 'com.javaweb.MichaelKai.controller.login.LoginController', 'login', null, null, '', '1', '2019-06-11 13:53:40', '1', '2019-06-11 13:53:40');
INSERT INTO `tb_action_log` VALUES ('1138336473075027968', '', '00', '0:0:0:0:0:0:0:1', 'com.javaweb.MichaelKai.controller.login.LoginController', 'login', null, null, '', '1', '2019-06-11 14:45:39', '1', '2019-06-11 14:45:39');
INSERT INTO `tb_action_log` VALUES ('1138337912082010112', '', '00', '0:0:0:0:0:0:0:1', 'com.javaweb.MichaelKai.controller.login.LoginController', 'login', null, null, '', '1', '2019-06-11 14:51:22', '1', '2019-06-11 14:51:22');
INSERT INTO `tb_action_log` VALUES ('1138338252151984128', '', '00', '0:0:0:0:0:0:0:1', 'com.javaweb.MichaelKai.controller.login.LoginController', 'login', null, null, '', '1', '2019-06-11 14:52:43', '1', '2019-06-11 14:52:43');
INSERT INTO `tb_action_log` VALUES ('1138338420544901120', '', '00', '0:0:0:0:0:0:0:1', 'com.javaweb.MichaelKai.controller.login.LoginController', 'login', null, null, '', '1', '2019-06-11 14:53:23', '1', '2019-06-11 14:53:23');
INSERT INTO `tb_action_log` VALUES ('1138338670659637248', '', '00', '0:0:0:0:0:0:0:1', 'com.javaweb.MichaelKai.controller.login.LoginController', 'login', null, null, '', '1', '2019-06-11 14:54:23', '1', '2019-06-11 14:54:23');
INSERT INTO `tb_action_log` VALUES ('1138340362138554368', '', '00', '0:0:0:0:0:0:0:1', 'com.javaweb.MichaelKai.controller.login.LoginController', 'login', null, null, '', '1', '2019-06-11 15:01:06', '1', '2019-06-11 15:01:06');
INSERT INTO `tb_action_log` VALUES ('1138341663291346944', '', '00', '0:0:0:0:0:0:0:1', 'com.javaweb.MichaelKai.controller.login.LoginController', 'login', null, null, '', '1', '2019-06-11 15:06:16', '1', '2019-06-11 15:06:16');
INSERT INTO `tb_action_log` VALUES ('1138341821064286208', '', '00', '0:0:0:0:0:0:0:1', 'com.javaweb.MichaelKai.controller.login.LoginController', 'login', null, null, '', '1', '2019-06-11 15:06:54', '1', '2019-06-11 15:06:54');
INSERT INTO `tb_action_log` VALUES ('1138344272723054592', '', '00', '0:0:0:0:0:0:0:1', 'com.javaweb.MichaelKai.controller.login.LoginController', 'login', null, null, '', '1', '2019-06-11 15:16:38', '1', '2019-06-11 15:16:38');
INSERT INTO `tb_action_log` VALUES ('1138344470664843264', '', '00', '0:0:0:0:0:0:0:1', 'com.javaweb.MichaelKai.controller.login.LoginController', 'login', null, null, '', '1', '2019-06-11 15:17:25', '1', '2019-06-11 15:17:25');
INSERT INTO `tb_action_log` VALUES ('1138344685635506176', '', '00', '0:0:0:0:0:0:0:1', 'com.javaweb.MichaelKai.controller.login.LoginController', 'login', null, null, '', '1', '2019-06-11 15:18:17', '1', '2019-06-11 15:18:17');
INSERT INTO `tb_action_log` VALUES ('1138348496861138944', '', '00', '0:0:0:0:0:0:0:1', 'com.javaweb.MichaelKai.controller.login.LoginController', 'login', null, null, '', '1', '2019-06-11 15:33:25', '1', '2019-06-11 15:33:25');
INSERT INTO `tb_action_log` VALUES ('1138348892958625792', '', '00', '0:0:0:0:0:0:0:1', 'com.javaweb.MichaelKai.controller.login.LoginController', 'login', null, null, '', '1', '2019-06-11 15:35:00', '1', '2019-06-11 15:35:00');
INSERT INTO `tb_action_log` VALUES ('1138349471642554368', '', '00', '0:0:0:0:0:0:0:1', 'com.javaweb.MichaelKai.controller.login.LoginController', 'login', null, null, '', '1', '2019-06-11 15:37:18', '1', '2019-06-11 15:37:18');
INSERT INTO `tb_action_log` VALUES ('1138353823115513856', '', '00', '0:0:0:0:0:0:0:1', 'com.javaweb.MichaelKai.controller.login.LoginController', 'login', null, null, '', '1', '2019-06-11 15:54:35', '1', '2019-06-11 15:54:35');
INSERT INTO `tb_action_log` VALUES ('1138356203362062336', '', '00', '0:0:0:0:0:0:0:1', 'com.javaweb.MichaelKai.controller.login.LoginController', 'login', null, null, '', '1', '2019-06-11 16:04:03', '1', '2019-06-11 16:04:03');
INSERT INTO `tb_action_log` VALUES ('1138356679147130880', '', '00', '0:0:0:0:0:0:0:1', 'com.javaweb.MichaelKai.controller.login.LoginController', 'login', null, null, '', '1', '2019-06-11 16:05:56', '1', '2019-06-11 16:05:56');
INSERT INTO `tb_action_log` VALUES ('1138356828598571008', '', '00', '0:0:0:0:0:0:0:1', 'com.javaweb.MichaelKai.controller.login.LoginController', 'login', null, null, '', '1', '2019-06-11 16:06:32', '1', '2019-06-11 16:06:32');
INSERT INTO `tb_action_log` VALUES ('1138357679551549440', '', '00', '0:0:0:0:0:0:0:1', 'com.javaweb.MichaelKai.controller.login.LoginController', 'login', null, null, '', '1', '2019-06-11 16:09:55', '1', '2019-06-11 16:09:55');
INSERT INTO `tb_action_log` VALUES ('1138361290239119360', '', '00', '0:0:0:0:0:0:0:1', 'com.javaweb.MichaelKai.controller.login.LoginController', 'login', null, null, '', '1', '2019-06-11 16:24:15', '1', '2019-06-11 16:24:15');
INSERT INTO `tb_action_log` VALUES ('1138361961315176448', '', '00', '0:0:0:0:0:0:0:1', 'com.javaweb.MichaelKai.controller.login.LoginController', 'login', null, null, '', '1', '2019-06-11 16:26:55', '1', '2019-06-11 16:26:55');
INSERT INTO `tb_action_log` VALUES ('1138362451927109632', '', '00', '0:0:0:0:0:0:0:1', 'com.javaweb.MichaelKai.controller.login.LoginController', 'login', null, null, '', '1133293016937795584', '2019-06-11 16:28:52', '1133293016937795584', '2019-06-11 16:28:52');
INSERT INTO `tb_action_log` VALUES ('1138362511872102400', '', '00', '0:0:0:0:0:0:0:1', 'com.javaweb.MichaelKai.controller.login.LoginController', 'login', null, null, '', '1', '2019-06-11 16:29:07', '1', '2019-06-11 16:29:07');
INSERT INTO `tb_action_log` VALUES ('1138362589638692864', '', '00', '0:0:0:0:0:0:0:1', 'com.javaweb.MichaelKai.controller.login.LoginController', 'login', null, null, '', '1133293016937795584', '2019-06-11 16:29:25', '1133293016937795584', '2019-06-11 16:29:25');
INSERT INTO `tb_action_log` VALUES ('1138362836129550336', '', '03', '0:0:0:0:0:0:0:1', 'com.javaweb.MichaelKai.controller.UserController', 'editUserInfo', null, null, '', '1133293016937795584', '2019-06-11 16:30:24', '1133293016937795584', '2019-06-11 16:30:24');
INSERT INTO `tb_action_log` VALUES ('1138363731059806208', '', '00', '0:0:0:0:0:0:0:1', 'com.javaweb.MichaelKai.controller.login.LoginController', 'login', null, null, '', '1133293016937795584', '2019-06-11 16:33:57', '1133293016937795584', '2019-06-11 16:33:57');
INSERT INTO `tb_action_log` VALUES ('1138623974582915072', '', '00', '0:0:0:0:0:0:0:1', 'com.javaweb.MichaelKai.controller.login.LoginController', 'login', null, null, '', '1133293016937795584', '2019-06-12 09:48:04', '1133293016937795584', '2019-06-12 09:48:04');
INSERT INTO `tb_action_log` VALUES ('1138624002370179072', '', '00', '0:0:0:0:0:0:0:1', 'com.javaweb.MichaelKai.controller.login.LoginController', 'login', null, null, '', '1', '2019-06-12 09:48:11', '1', '2019-06-12 09:48:11');
INSERT INTO `tb_action_log` VALUES ('1138624256171708416', '', '00', '0:0:0:0:0:0:0:1', 'com.javaweb.MichaelKai.controller.login.LoginController', 'login', null, null, '', '1', '2019-06-12 09:49:11', '1', '2019-06-12 09:49:11');
INSERT INTO `tb_action_log` VALUES ('1138625465196613632', '', '00', '0:0:0:0:0:0:0:1', 'com.javaweb.MichaelKai.controller.login.LoginController', 'login', null, null, '', '1', '2019-06-12 09:54:00', '1', '2019-06-12 09:54:00');
INSERT INTO `tb_action_log` VALUES ('1138625748689620992', '', '00', '0:0:0:0:0:0:0:1', 'com.javaweb.MichaelKai.controller.login.LoginController', 'login', null, null, '', '1', '2019-06-12 09:55:07', '1', '2019-06-12 09:55:07');
INSERT INTO `tb_action_log` VALUES ('1138626516310167552', '', '00', '0:0:0:0:0:0:0:1', 'com.javaweb.MichaelKai.controller.login.LoginController', 'login', null, null, '', '1', '2019-06-12 09:58:10', '1', '2019-06-12 09:58:10');
INSERT INTO `tb_action_log` VALUES ('1138632974221316096', '', '00', '0:0:0:0:0:0:0:1', 'com.javaweb.MichaelKai.controller.login.LoginController', 'login', null, null, '', '1', '2019-06-12 10:23:50', '1', '2019-06-12 10:23:50');
INSERT INTO `tb_action_log` VALUES ('1138633181029863424', '', '00', '0:0:0:0:0:0:0:1', 'com.javaweb.MichaelKai.controller.login.LoginController', 'login', null, null, '', '1133293016937795584', '2019-06-12 10:24:39', '1133293016937795584', '2019-06-12 10:24:39');
INSERT INTO `tb_action_log` VALUES ('1138639223788802048', '', '00', '0:0:0:0:0:0:0:1', 'com.javaweb.MichaelKai.controller.login.LoginController', 'login', null, null, '', '1', '2019-06-12 10:48:40', '1', '2019-06-12 10:48:40');
INSERT INTO `tb_action_log` VALUES ('1138639273591967744', '', '00', '0:0:0:0:0:0:0:1', 'com.javaweb.MichaelKai.controller.login.LoginController', 'login', null, null, '', '1133293016937795584', '2019-06-12 10:48:52', '1133293016937795584', '2019-06-12 10:48:52');
INSERT INTO `tb_action_log` VALUES ('1138639678816260096', '', '00', '0:0:0:0:0:0:0:1', 'com.javaweb.MichaelKai.controller.login.LoginController', 'login', null, null, '', '1', '2019-06-12 10:50:28', '1', '2019-06-12 10:50:28');
INSERT INTO `tb_action_log` VALUES ('1138639815693176832', '', '00', '0:0:0:0:0:0:0:1', 'com.javaweb.MichaelKai.controller.login.LoginController', 'login', null, null, '', '1133293016937795584', '2019-06-12 10:51:01', '1133293016937795584', '2019-06-12 10:51:01');
INSERT INTO `tb_action_log` VALUES ('1138640293374070784', '', '00', '0:0:0:0:0:0:0:1', 'com.javaweb.MichaelKai.controller.login.LoginController', 'login', null, null, '', '1', '2019-06-12 10:52:55', '1', '2019-06-12 10:52:55');
INSERT INTO `tb_action_log` VALUES ('1138651241182793728', '', '00', '0:0:0:0:0:0:0:1', 'com.javaweb.MichaelKai.controller.login.LoginController', 'login', null, null, '', '1', '2019-06-12 11:36:25', '1', '2019-06-12 11:36:25');
INSERT INTO `tb_action_log` VALUES ('1138683187069849600', '', '00', '0:0:0:0:0:0:0:1', 'com.javaweb.MichaelKai.controller.login.LoginController', 'login', null, null, '', '1', '2019-06-12 13:43:22', '1', '2019-06-12 13:43:22');
INSERT INTO `tb_action_log` VALUES ('1138683559834423296', '', '00', '0:0:0:0:0:0:0:1', 'com.javaweb.MichaelKai.controller.login.LoginController', 'login', null, null, '', '1', '2019-06-12 13:44:51', '1', '2019-06-12 13:44:51');
INSERT INTO `tb_action_log` VALUES ('1138684426700591104', '', '00', '0:0:0:0:0:0:0:1', 'com.javaweb.MichaelKai.controller.login.LoginController', 'login', null, null, '', '1', '2019-06-12 13:48:17', '1', '2019-06-12 13:48:17');
INSERT INTO `tb_action_log` VALUES ('1138684540559167488', '', '00', '127.0.0.1', 'com.javaweb.MichaelKai.controller.login.LoginController', 'login', null, null, '', '1133293016937795584', '2019-06-12 13:48:44', '1133293016937795584', '2019-06-12 13:48:44');
INSERT INTO `tb_action_log` VALUES ('1138684868104949760', '', '00', '0:0:0:0:0:0:0:1', 'com.javaweb.MichaelKai.controller.login.LoginController', 'login', null, null, '', '1', '2019-06-12 13:50:02', '1', '2019-06-12 13:50:02');
INSERT INTO `tb_action_log` VALUES ('1138684919501950976', '', '00', '127.0.0.1', 'com.javaweb.MichaelKai.controller.login.LoginController', 'login', null, null, '', '1133293016937795584', '2019-06-12 13:50:15', '1133293016937795584', '2019-06-12 13:50:15');
INSERT INTO `tb_action_log` VALUES ('1138685196657364992', '', '00', '0:0:0:0:0:0:0:1', 'com.javaweb.MichaelKai.controller.login.LoginController', 'login', null, null, '', '1', '2019-06-12 13:51:21', '1', '2019-06-12 13:51:21');
INSERT INTO `tb_action_log` VALUES ('1138685788754677760', '', '00', '0:0:0:0:0:0:0:1', 'com.javaweb.MichaelKai.controller.login.LoginController', 'login', null, null, '', '1', '2019-06-12 13:53:42', '1', '2019-06-12 13:53:42');
INSERT INTO `tb_action_log` VALUES ('1138686283061792768', '', '00', '0:0:0:0:0:0:0:1', 'com.javaweb.MichaelKai.controller.login.LoginController', 'login', null, null, '', '1', '2019-06-12 13:55:40', '1', '2019-06-12 13:55:40');
INSERT INTO `tb_action_log` VALUES ('1138688323569717248', '', '00', '0:0:0:0:0:0:0:1', 'com.javaweb.MichaelKai.controller.login.LoginController', 'login', null, null, '', '1', '2019-06-12 14:03:46', '1', '2019-06-12 14:03:46');
INSERT INTO `tb_action_log` VALUES ('1138689635141160960', '', '00', '0:0:0:0:0:0:0:1', 'com.javaweb.MichaelKai.controller.login.LoginController', 'login', null, null, '', '1', '2019-06-12 14:08:59', '1', '2019-06-12 14:08:59');
INSERT INTO `tb_action_log` VALUES ('1138689956617785344', '', '00', '0:0:0:0:0:0:0:1', 'com.javaweb.MichaelKai.controller.login.LoginController', 'login', null, null, '', '1', '2019-06-12 14:10:16', '1', '2019-06-12 14:10:16');
INSERT INTO `tb_action_log` VALUES ('1138702124985749504', '', '00', '0:0:0:0:0:0:0:1', 'com.javaweb.MichaelKai.controller.login.LoginController', 'login', null, null, '', '1', '2019-06-12 14:58:37', '1', '2019-06-12 14:58:37');
INSERT INTO `tb_action_log` VALUES ('1138702154106802176', '', '00', '127.0.0.1', 'com.javaweb.MichaelKai.controller.login.LoginController', 'login', null, null, '', '1133293016937795584', '2019-06-12 14:58:44', '1133293016937795584', '2019-06-12 14:58:44');
INSERT INTO `tb_action_log` VALUES ('1138705582367313920', '', '00', '0:0:0:0:0:0:0:1', 'com.javaweb.MichaelKai.controller.login.LoginController', 'login', null, null, '', '1', '2019-06-12 15:12:21', '1', '2019-06-12 15:12:21');
INSERT INTO `tb_action_log` VALUES ('1138705690999787520', '', '00', '127.0.0.1', 'com.javaweb.MichaelKai.controller.login.LoginController', 'login', null, null, '', '1133293016937795584', '2019-06-12 15:12:47', '1133293016937795584', '2019-06-12 15:12:47');
INSERT INTO `tb_action_log` VALUES ('1138706835356913664', '', '00', '0:0:0:0:0:0:0:1', 'com.javaweb.MichaelKai.controller.login.LoginController', 'login', null, null, '', '1', '2019-06-12 15:17:20', '1', '2019-06-12 15:17:20');
INSERT INTO `tb_action_log` VALUES ('1138709460659867648', '', '00', '0:0:0:0:0:0:0:1', 'com.javaweb.MichaelKai.controller.login.LoginController', 'login', null, null, '', '1', '2019-06-12 15:27:46', '1', '2019-06-12 15:27:46');
INSERT INTO `tb_action_log` VALUES ('1138709656215097344', '', '00', '0:0:0:0:0:0:0:1', 'com.javaweb.MichaelKai.controller.login.LoginController', 'login', null, null, '', '1', '2019-06-12 15:28:32', '1', '2019-06-12 15:28:32');
INSERT INTO `tb_action_log` VALUES ('1138709830937219072', '', '00', '127.0.0.1', 'com.javaweb.MichaelKai.controller.login.LoginController', 'login', null, null, '', '1133293016937795584', '2019-06-12 15:29:14', '1133293016937795584', '2019-06-12 15:29:14');
INSERT INTO `tb_action_log` VALUES ('1138710988296687616', '', '00', '0:0:0:0:0:0:0:1', 'com.javaweb.MichaelKai.controller.login.LoginController', 'login', null, null, '', '1', '2019-06-12 15:33:50', '1', '2019-06-12 15:33:50');
INSERT INTO `tb_action_log` VALUES ('1138711171659075584', '', '00', '127.0.0.1', 'com.javaweb.MichaelKai.controller.login.LoginController', 'login', null, null, '', '1133293016937795584', '2019-06-12 15:34:34', '1133293016937795584', '2019-06-12 15:34:34');
INSERT INTO `tb_action_log` VALUES ('1138711384536780800', '', '00', '0:0:0:0:0:0:0:1', 'com.javaweb.MichaelKai.controller.login.LoginController', 'login', null, null, '', '1', '2019-06-12 15:35:24', '1', '2019-06-12 15:35:24');
INSERT INTO `tb_action_log` VALUES ('1138711432737722368', '', '00', '127.0.0.1', 'com.javaweb.MichaelKai.controller.login.LoginController', 'login', null, null, '', '1133293016937795584', '2019-06-12 15:35:36', '1133293016937795584', '2019-06-12 15:35:36');
INSERT INTO `tb_action_log` VALUES ('1138714912688836608', '', '00', '0:0:0:0:0:0:0:1', 'com.javaweb.MichaelKai.controller.login.LoginController', 'login', null, null, '', '1', '2019-06-12 15:49:26', '1', '2019-06-12 15:49:26');
INSERT INTO `tb_action_log` VALUES ('1138715327115431936', '', '00', '127.0.0.1', 'com.javaweb.MichaelKai.controller.login.LoginController', 'login', null, null, '', '1', '2019-06-12 15:51:04', '1', '2019-06-12 15:51:04');
INSERT INTO `tb_action_log` VALUES ('1138716695712632832', '', '00', '0:0:0:0:0:0:0:1', 'com.javaweb.MichaelKai.controller.login.LoginController', 'login', null, null, '', '1', '2019-06-12 15:56:31', '1', '2019-06-12 15:56:31');
INSERT INTO `tb_action_log` VALUES ('1138717277475180544', '', '00', '0:0:0:0:0:0:0:1', 'com.javaweb.MichaelKai.controller.login.LoginController', 'login', null, null, '', '1', '2019-06-12 15:58:49', '1', '2019-06-12 15:58:49');
INSERT INTO `tb_action_log` VALUES ('1138717984102158336', '', '00', '0:0:0:0:0:0:0:1', 'com.javaweb.MichaelKai.controller.login.LoginController', 'login', null, null, '', '1', '2019-06-12 16:01:38', '1', '2019-06-12 16:01:38');
INSERT INTO `tb_action_log` VALUES ('1138718452387811328', '', '00', '127.0.0.1', 'com.javaweb.MichaelKai.controller.login.LoginController', 'login', null, null, '', '1133293016937795584', '2019-06-12 16:03:30', '1133293016937795584', '2019-06-12 16:03:30');
INSERT INTO `tb_action_log` VALUES ('1138719926777942016', '', '00', '0:0:0:0:0:0:0:1', 'com.javaweb.MichaelKai.controller.login.LoginController', 'login', null, null, '', '1', '2019-06-12 16:09:21', '1', '2019-06-12 16:09:21');
INSERT INTO `tb_action_log` VALUES ('1138721173098598400', '', '00', '0:0:0:0:0:0:0:1', 'com.javaweb.MichaelKai.controller.login.LoginController', 'login', null, null, '', '1', '2019-06-12 16:14:18', '1', '2019-06-12 16:14:18');
INSERT INTO `tb_action_log` VALUES ('1138721782539358208', '', '00', '0:0:0:0:0:0:0:1', 'com.javaweb.MichaelKai.controller.login.LoginController', 'login', null, null, '', '1', '2019-06-12 16:16:44', '1', '2019-06-12 16:16:44');
INSERT INTO `tb_action_log` VALUES ('1138722168394354688', '', '00', '0:0:0:0:0:0:0:1', 'com.javaweb.MichaelKai.controller.login.LoginController', 'login', null, null, '', '1', '2019-06-12 16:18:16', '1', '2019-06-12 16:18:16');
INSERT INTO `tb_action_log` VALUES ('1138722661904551936', '', '00', '0:0:0:0:0:0:0:1', 'com.javaweb.MichaelKai.controller.login.LoginController', 'login', null, null, '', '1', '2019-06-12 16:20:13', '1', '2019-06-12 16:20:13');
INSERT INTO `tb_action_log` VALUES ('1138732524080599040', '', '00', '0:0:0:0:0:0:0:1', 'com.javaweb.MichaelKai.controller.login.LoginController', 'login', null, null, '', '1', '2019-06-12 16:59:25', '1', '2019-06-12 16:59:25');
INSERT INTO `tb_action_log` VALUES ('1138971063624011776', '', '00', '0:0:0:0:0:0:0:1', 'com.javaweb.MichaelKai.controller.login.LoginController', 'login', null, null, '', '1', '2019-06-13 08:47:17', '1', '2019-06-13 08:47:17');
INSERT INTO `tb_action_log` VALUES ('1139013777405120512', '', '00', '0:0:0:0:0:0:0:1', 'com.javaweb.MichaelKai.controller.login.LoginController', 'login', null, null, '', '1', '2019-06-13 11:37:01', '1', '2019-06-13 11:37:01');
INSERT INTO `tb_action_log` VALUES ('1139044466636754944', '', '00', '0:0:0:0:0:0:0:1', 'com.javaweb.MichaelKai.controller.login.LoginController', 'login', null, null, '', '1', '2019-06-13 13:38:57', '1', '2019-06-13 13:38:57');
INSERT INTO `tb_action_log` VALUES ('1139046283005267968', '', '00', '0:0:0:0:0:0:0:1', 'com.javaweb.MichaelKai.controller.login.LoginController', 'login', null, null, '', '1', '2019-06-13 13:46:10', '1', '2019-06-13 13:46:10');
INSERT INTO `tb_action_log` VALUES ('1139046660089974784', '', '00', '0:0:0:0:0:0:0:1', 'com.javaweb.MichaelKai.controller.login.LoginController', 'login', null, null, '', '1', '2019-06-13 13:47:40', '1', '2019-06-13 13:47:40');
INSERT INTO `tb_action_log` VALUES ('1139047044963504128', '', '00', '0:0:0:0:0:0:0:1', 'com.javaweb.MichaelKai.controller.login.LoginController', 'login', null, null, '', '1', '2019-06-13 13:49:12', '1', '2019-06-13 13:49:12');
INSERT INTO `tb_action_log` VALUES ('1139047214581157888', '', '00', '0:0:0:0:0:0:0:1', 'com.javaweb.MichaelKai.controller.login.LoginController', 'login', null, null, '', '1', '2019-06-13 13:49:53', '1', '2019-06-13 13:49:53');
INSERT INTO `tb_action_log` VALUES ('1139047348442370048', '', '00', '0:0:0:0:0:0:0:1', 'com.javaweb.MichaelKai.controller.login.LoginController', 'login', null, null, '', '1', '2019-06-13 13:50:24', '1', '2019-06-13 13:50:24');
INSERT INTO `tb_action_log` VALUES ('1139048208203386880', '', '00', '0:0:0:0:0:0:0:1', 'com.javaweb.MichaelKai.controller.login.LoginController', 'login', null, null, '', '1', '2019-06-13 13:53:49', '1', '2019-06-13 13:53:49');
INSERT INTO `tb_action_log` VALUES ('1139049390636404736', '', '00', '0:0:0:0:0:0:0:1', 'com.javaweb.MichaelKai.controller.login.LoginController', 'login', null, null, '', '1', '2019-06-13 13:58:31', '1', '2019-06-13 13:58:31');
INSERT INTO `tb_action_log` VALUES ('1139050227316166656', '', '00', '0:0:0:0:0:0:0:1', 'com.javaweb.MichaelKai.controller.login.LoginController', 'login', null, null, '', '1', '2019-06-13 14:01:51', '1', '2019-06-13 14:01:51');
INSERT INTO `tb_action_log` VALUES ('1139050585635557376', '', '00', '0:0:0:0:0:0:0:1', 'com.javaweb.MichaelKai.controller.login.LoginController', 'login', null, null, '', '1', '2019-06-13 14:03:16', '1', '2019-06-13 14:03:16');
INSERT INTO `tb_action_log` VALUES ('1139051218073686016', '', '00', '0:0:0:0:0:0:0:1', 'com.javaweb.MichaelKai.controller.login.LoginController', 'login', null, null, '', '1', '2019-06-13 14:05:47', '1', '2019-06-13 14:05:47');
INSERT INTO `tb_action_log` VALUES ('1139051653102702592', '', '00', '0:0:0:0:0:0:0:1', 'com.javaweb.MichaelKai.controller.login.LoginController', 'login', null, null, '', '1', '2019-06-13 14:07:31', '1', '2019-06-13 14:07:31');
INSERT INTO `tb_action_log` VALUES ('1139053326520946688', '', '00', '0:0:0:0:0:0:0:1', 'com.javaweb.MichaelKai.controller.login.LoginController', 'login', null, null, '', '1', '2019-06-13 14:14:10', '1', '2019-06-13 14:14:10');
INSERT INTO `tb_action_log` VALUES ('1139053395865374720', '', '00', '0:0:0:0:0:0:0:1', 'com.javaweb.MichaelKai.controller.login.LoginController', 'login', null, null, '', '1', '2019-06-13 14:14:26', '1', '2019-06-13 14:14:26');
INSERT INTO `tb_action_log` VALUES ('1139057293753716736', '', '00', '0:0:0:0:0:0:0:1', 'com.javaweb.MichaelKai.controller.login.LoginController', 'login', null, null, '', '1', '2019-06-13 14:29:56', '1', '2019-06-13 14:29:56');
INSERT INTO `tb_action_log` VALUES ('1139058018328121344', '', '00', '0:0:0:0:0:0:0:1', 'com.javaweb.MichaelKai.controller.login.LoginController', 'login', null, null, '', '1', '2019-06-13 14:32:48', '1', '2019-06-13 14:32:48');
INSERT INTO `tb_action_log` VALUES ('1139058252957487104', '', '00', '0:0:0:0:0:0:0:1', 'com.javaweb.MichaelKai.controller.login.LoginController', 'login', null, null, '', '1', '2019-06-13 14:33:44', '1', '2019-06-13 14:33:44');
INSERT INTO `tb_action_log` VALUES ('1139058417189654528', '', '00', '0:0:0:0:0:0:0:1', 'com.javaweb.MichaelKai.controller.login.LoginController', 'login', null, null, '', '1', '2019-06-13 14:34:23', '1', '2019-06-13 14:34:23');
INSERT INTO `tb_action_log` VALUES ('1139058860225597440', '', '00', '0:0:0:0:0:0:0:1', 'com.javaweb.MichaelKai.controller.login.LoginController', 'login', null, null, '', '1', '2019-06-13 14:36:09', '1', '2019-06-13 14:36:09');
INSERT INTO `tb_action_log` VALUES ('1139059574515568640', '', '00', '0:0:0:0:0:0:0:1', 'com.javaweb.MichaelKai.controller.login.LoginController', 'login', null, null, '', '1', '2019-06-13 14:38:59', '1', '2019-06-13 14:38:59');
INSERT INTO `tb_action_log` VALUES ('1139059575417344000', '', '00', '0:0:0:0:0:0:0:1', 'com.javaweb.MichaelKai.controller.login.LoginController', 'login', null, null, '', '1', '2019-06-13 14:39:00', '1', '2019-06-13 14:39:00');
INSERT INTO `tb_action_log` VALUES ('1139059821341970432', '', '00', '0:0:0:0:0:0:0:1', 'com.javaweb.MichaelKai.controller.login.LoginController', 'login', null, null, '', '1', '2019-06-13 14:39:58', '1', '2019-06-13 14:39:58');
INSERT INTO `tb_action_log` VALUES ('1139060626853859328', '', '00', '0:0:0:0:0:0:0:1', 'com.javaweb.MichaelKai.controller.login.LoginController', 'login', null, null, '', '1', '2019-06-13 14:43:10', '1', '2019-06-13 14:43:10');
INSERT INTO `tb_action_log` VALUES ('1139061828144467968', '', '00', '0:0:0:0:0:0:0:1', 'com.javaweb.MichaelKai.controller.login.LoginController', 'login', null, null, '', '1', '2019-06-13 14:47:57', '1', '2019-06-13 14:47:57');
INSERT INTO `tb_action_log` VALUES ('1139065315825684480', '', '00', '0:0:0:0:0:0:0:1', 'com.javaweb.MichaelKai.controller.login.LoginController', 'login', null, null, '', '1', '2019-06-13 15:01:48', '1', '2019-06-13 15:01:48');
INSERT INTO `tb_action_log` VALUES ('1139065687642345472', '', '00', '0:0:0:0:0:0:0:1', 'com.javaweb.MichaelKai.controller.login.LoginController', 'login', null, null, '', '1', '2019-06-13 15:03:17', '1', '2019-06-13 15:03:17');
INSERT INTO `tb_action_log` VALUES ('1139070861068865536', '', '00', '0:0:0:0:0:0:0:1', 'com.javaweb.MichaelKai.controller.login.LoginController', 'login', null, null, '', '1', '2019-06-13 15:23:50', '1', '2019-06-13 15:23:50');
INSERT INTO `tb_action_log` VALUES ('1139083349193789440', '', '00', '0:0:0:0:0:0:0:1', 'com.javaweb.MichaelKai.controller.login.LoginController', 'login', null, null, '', '1', '2019-06-13 16:13:28', '1', '2019-06-13 16:13:28');
INSERT INTO `tb_action_log` VALUES ('1139099136658903040', '', '00', '0:0:0:0:0:0:0:1', 'com.javaweb.MichaelKai.controller.login.LoginController', 'login', null, null, '', '1', '2019-06-13 17:16:12', '1', '2019-06-13 17:16:12');
INSERT INTO `tb_action_log` VALUES ('1140421380504948736', '', '00', '0:0:0:0:0:0:0:1', 'com.javaweb.MichaelKai.controller.login.LoginController', 'login', null, null, '', '1', '2019-06-17 08:50:19', '1', '2019-06-17 08:50:19');
INSERT INTO `tb_action_log` VALUES ('1140422618462162944', '', '03', '0:0:0:0:0:0:0:1', 'com.javaweb.MichaelKai.controller.UserController', 'editUserInfo', null, null, '', '1', '2019-06-17 08:55:14', '1', '2019-06-17 08:55:14');
INSERT INTO `tb_action_log` VALUES ('1141178434765066240', '', '00', '0:0:0:0:0:0:0:1', 'com.javaweb.MichaelKai.controller.login.LoginController', 'login', null, null, '', '1', '2019-06-19 10:58:35', '1', '2019-06-19 10:58:35');
INSERT INTO `tb_action_log` VALUES ('1141222890881028096', '', '00', '0:0:0:0:0:0:0:1', 'com.javaweb.MichaelKai.controller.login.LoginController', 'login', null, null, '', '1', '2019-06-19 13:55:14', '1', '2019-06-19 13:55:14');
INSERT INTO `tb_action_log` VALUES ('1141225595108200448', '', '00', '0:0:0:0:0:0:0:1', 'com.javaweb.MichaelKai.controller.login.LoginController', 'login', null, null, '', '1', '2019-06-19 14:05:59', '1', '2019-06-19 14:05:59');
INSERT INTO `tb_action_log` VALUES ('1141225847479472128', '', '00', '0:0:0:0:0:0:0:1', 'com.javaweb.MichaelKai.controller.login.LoginController', 'login', null, null, '', '1', '2019-06-19 14:06:59', '1', '2019-06-19 14:06:59');
INSERT INTO `tb_action_log` VALUES ('1141251358075260928', '', '00', '0:0:0:0:0:0:0:1', 'com.javaweb.MichaelKai.controller.login.LoginController', 'login', null, null, '', '1', '2019-06-19 15:48:21', '1', '2019-06-19 15:48:21');
INSERT INTO `tb_action_log` VALUES ('1141252032175411200', '', '00', '0:0:0:0:0:0:0:1', 'com.javaweb.MichaelKai.controller.login.LoginController', 'login', null, null, '', '1', '2019-06-19 15:51:02', '1', '2019-06-19 15:51:02');
INSERT INTO `tb_action_log` VALUES ('1141256542629269504', '', '00', '0:0:0:0:0:0:0:1', 'com.javaweb.MichaelKai.controller.login.LoginController', 'login', null, null, '', '1', '2019-06-19 16:08:57', '1', '2019-06-19 16:08:57');
INSERT INTO `tb_action_log` VALUES ('1141260563221975040', '', '00', '0:0:0:0:0:0:0:1', 'com.javaweb.MichaelKai.controller.login.LoginController', 'login', null, null, '', '1', '2019-06-19 16:24:56', '1', '2019-06-19 16:24:56');
INSERT INTO `tb_action_log` VALUES ('1141261091461009408', '', '00', '0:0:0:0:0:0:0:1', 'com.javaweb.MichaelKai.controller.login.LoginController', 'login', null, null, '', '1', '2019-06-19 16:27:02', '1', '2019-06-19 16:27:02');
INSERT INTO `tb_action_log` VALUES ('1141263144337936384', '', '00', '0:0:0:0:0:0:0:1', 'com.javaweb.MichaelKai.controller.login.LoginController', 'login', null, null, '', '1', '2019-06-19 16:35:11', '1', '2019-06-19 16:35:11');
INSERT INTO `tb_action_log` VALUES ('1141263967046471680', '', '00', '0:0:0:0:0:0:0:1', 'com.javaweb.MichaelKai.controller.login.LoginController', 'login', null, null, '', '1', '2019-06-19 16:38:28', '1', '2019-06-19 16:38:28');
INSERT INTO `tb_action_log` VALUES ('1141264087460745216', '', '00', '0:0:0:0:0:0:0:1', 'com.javaweb.MichaelKai.controller.login.LoginController', 'login', null, null, '', '1', '2019-06-19 16:38:56', '1', '2019-06-19 16:38:56');
INSERT INTO `tb_action_log` VALUES ('1141264336728231936', '', '00', '0:0:0:0:0:0:0:1', 'com.javaweb.MichaelKai.controller.login.LoginController', 'login', null, null, '', '1', '2019-06-19 16:39:56', '1', '2019-06-19 16:39:56');
INSERT INTO `tb_action_log` VALUES ('1141271768942645248', '', '00', '0:0:0:0:0:0:0:1', 'com.javaweb.MichaelKai.controller.login.LoginController', 'login', null, null, '', '1', '2019-06-19 17:09:28', '1', '2019-06-19 17:09:28');
INSERT INTO `tb_action_log` VALUES ('1141273739384721408', '', '00', '0:0:0:0:0:0:0:1', 'com.javaweb.MichaelKai.controller.login.LoginController', 'login', null, null, '', '1', '2019-06-19 17:17:17', '1', '2019-06-19 17:17:17');
INSERT INTO `tb_action_log` VALUES ('1141277577244184576', '', '00', '0:0:0:0:0:0:0:1', 'com.javaweb.MichaelKai.controller.login.LoginController', 'login', null, null, '', '1', '2019-06-19 17:32:32', '1', '2019-06-19 17:32:32');
INSERT INTO `tb_action_log` VALUES ('1141507511917088768', '', '00', '0:0:0:0:0:0:0:1', 'com.javaweb.MichaelKai.controller.login.LoginController', 'login', null, null, '', '1', '2019-06-20 08:46:13', '1', '2019-06-20 08:46:13');
INSERT INTO `tb_action_log` VALUES ('1141507833238523904', '', '00', '0:0:0:0:0:0:0:1', 'com.javaweb.MichaelKai.controller.login.LoginController', 'login', null, null, '', '1', '2019-06-20 08:47:30', '1', '2019-06-20 08:47:30');
INSERT INTO `tb_action_log` VALUES ('1141512244220268544', '', '00', '0:0:0:0:0:0:0:1', 'com.javaweb.MichaelKai.controller.login.LoginController', 'login', null, null, '', '1', '2019-06-20 09:05:01', '1', '2019-06-20 09:05:01');
INSERT INTO `tb_action_log` VALUES ('1141514014648569856', '', '00', '0:0:0:0:0:0:0:1', 'com.javaweb.MichaelKai.controller.login.LoginController', 'login', null, null, '', '1', '2019-06-20 09:12:04', '1', '2019-06-20 09:12:04');
INSERT INTO `tb_action_log` VALUES ('1141514851370274816', '', '00', '0:0:0:0:0:0:0:1', 'com.javaweb.MichaelKai.controller.login.LoginController', 'login', null, null, '', '1', '2019-06-20 09:15:23', '1', '2019-06-20 09:15:23');
INSERT INTO `tb_action_log` VALUES ('1141527666218897408', '', '00', '0:0:0:0:0:0:0:1', 'com.javaweb.MichaelKai.controller.login.LoginController', 'login', null, null, '', '1', '2019-06-20 10:06:18', '1', '2019-06-20 10:06:18');
INSERT INTO `tb_action_log` VALUES ('1141528718964035584', '', '00', '0:0:0:0:0:0:0:1', 'com.javaweb.MichaelKai.controller.login.LoginController', 'login', null, null, '', '1', '2019-06-20 10:10:29', '1', '2019-06-20 10:10:29');
INSERT INTO `tb_action_log` VALUES ('1141528888799793152', '', '00', '0:0:0:0:0:0:0:1', 'com.javaweb.MichaelKai.controller.login.LoginController', 'login', null, null, '', '1', '2019-06-20 10:11:10', '1', '2019-06-20 10:11:10');
INSERT INTO `tb_action_log` VALUES ('1141529603756658688', '', '00', '0:0:0:0:0:0:0:1', 'com.javaweb.MichaelKai.controller.login.LoginController', 'login', null, null, '', '1', '2019-06-20 10:14:00', '1', '2019-06-20 10:14:00');
INSERT INTO `tb_action_log` VALUES ('1141530536234323968', '', '00', '0:0:0:0:0:0:0:1', 'com.javaweb.MichaelKai.controller.login.LoginController', 'login', null, null, '', '1', '2019-06-20 10:17:43', '1', '2019-06-20 10:17:43');
INSERT INTO `tb_action_log` VALUES ('1141531527637766144', '', '00', '0:0:0:0:0:0:0:1', 'com.javaweb.MichaelKai.controller.login.LoginController', 'login', null, null, '', '1', '2019-06-20 10:21:39', '1', '2019-06-20 10:21:39');
INSERT INTO `tb_action_log` VALUES ('1141531731845844992', '', '00', '0:0:0:0:0:0:0:1', 'com.javaweb.MichaelKai.controller.login.LoginController', 'login', null, null, '', '1', '2019-06-20 10:22:28', '1', '2019-06-20 10:22:28');
INSERT INTO `tb_action_log` VALUES ('1141535373453824000', '', '00', '0:0:0:0:0:0:0:1', 'com.javaweb.MichaelKai.controller.login.LoginController', 'login', null, null, '', '1', '2019-06-20 10:36:56', '1', '2019-06-20 10:36:56');
INSERT INTO `tb_action_log` VALUES ('1141537934890110976', '', '00', '0:0:0:0:0:0:0:1', 'com.javaweb.MichaelKai.controller.login.LoginController', 'login', null, null, '', '1', '2019-06-20 10:47:07', '1', '2019-06-20 10:47:07');
INSERT INTO `tb_action_log` VALUES ('1141544276438683648', '', '00', '0:0:0:0:0:0:0:1', 'com.javaweb.MichaelKai.controller.login.LoginController', 'login', null, null, '', '1', '2019-06-20 11:12:19', '1', '2019-06-20 11:12:19');
INSERT INTO `tb_action_log` VALUES ('1141548380074414080', '', '00', '127.0.0.1', 'com.javaweb.MichaelKai.controller.login.LoginController', 'login', null, null, '', '1133293016937795584', '2019-06-20 11:28:37', '1133293016937795584', '2019-06-20 11:28:37');
INSERT INTO `tb_action_log` VALUES ('1141551941038510080', '', '00', '0:0:0:0:0:0:0:1', 'com.javaweb.MichaelKai.controller.login.LoginController', 'login', null, null, '', '1', '2019-06-20 11:42:46', '1', '2019-06-20 11:42:46');
INSERT INTO `tb_action_log` VALUES ('1141555283932352512', '', '00', '0:0:0:0:0:0:0:1', 'com.javaweb.MichaelKai.controller.login.LoginController', 'login', null, null, '', '1', '2019-06-20 11:56:03', '1', '2019-06-20 11:56:03');
INSERT INTO `tb_action_log` VALUES ('1141581922292600832', '', '00', '0:0:0:0:0:0:0:1', 'com.javaweb.MichaelKai.controller.login.LoginController', 'login', null, null, '', '1', '2019-06-20 13:41:54', '1', '2019-06-20 13:41:54');
INSERT INTO `tb_action_log` VALUES ('1141582399008804864', '', '00', '0:0:0:0:0:0:0:1', 'com.javaweb.MichaelKai.controller.login.LoginController', 'login', null, null, '', '1', '2019-06-20 13:43:48', '1', '2019-06-20 13:43:48');
INSERT INTO `tb_action_log` VALUES ('1141585797636558848', '', '00', '0:0:0:0:0:0:0:1', 'com.javaweb.MichaelKai.controller.login.LoginController', 'login', null, null, '', '1', '2019-06-20 13:57:18', '1', '2019-06-20 13:57:18');
INSERT INTO `tb_action_log` VALUES ('1141587169601785856', '', '00', '0:0:0:0:0:0:0:1', 'com.javaweb.MichaelKai.controller.login.LoginController', 'login', null, null, '', '1', '2019-06-20 14:02:45', '1', '2019-06-20 14:02:45');
INSERT INTO `tb_action_log` VALUES ('1141588466526720000', '', '00', '0:0:0:0:0:0:0:1', 'com.javaweb.MichaelKai.controller.login.LoginController', 'login', null, null, '', '1', '2019-06-20 14:07:54', '1', '2019-06-20 14:07:54');
INSERT INTO `tb_action_log` VALUES ('1141591585478283264', '', '00', '0:0:0:0:0:0:0:1', 'com.javaweb.MichaelKai.controller.login.LoginController', 'login', null, null, '', '1', '2019-06-20 14:20:18', '1', '2019-06-20 14:20:18');
INSERT INTO `tb_action_log` VALUES ('1141601197480873984', '', '00', '0:0:0:0:0:0:0:1', 'com.javaweb.MichaelKai.controller.login.LoginController', 'login', null, null, '', '1', '2019-06-20 14:58:30', '1', '2019-06-20 14:58:30');
INSERT INTO `tb_action_log` VALUES ('1141613067017261056', '', '00', '0:0:0:0:0:0:0:1', 'com.javaweb.MichaelKai.controller.login.LoginController', 'login', null, null, '', '1', '2019-06-20 15:45:39', '1', '2019-06-20 15:45:39');
INSERT INTO `tb_action_log` VALUES ('1141613261381308416', '', '00', '0:0:0:0:0:0:0:1', 'com.javaweb.MichaelKai.controller.login.LoginController', 'login', null, null, '', '1', '2019-06-20 15:46:26', '1', '2019-06-20 15:46:26');
INSERT INTO `tb_action_log` VALUES ('1141613391371177984', '', '00', '127.0.0.1', 'com.javaweb.MichaelKai.controller.login.LoginController', 'login', null, null, '', '1133293016937795584', '2019-06-20 15:46:57', '1133293016937795584', '2019-06-20 15:46:57');
INSERT INTO `tb_action_log` VALUES ('1141617058161758208', '', '00', '0:0:0:0:0:0:0:1', 'com.javaweb.MichaelKai.controller.login.LoginController', 'login', null, null, '', '1', '2019-06-20 16:01:31', '1', '2019-06-20 16:01:31');
INSERT INTO `tb_action_log` VALUES ('1141870074353815552', '', '00', '0:0:0:0:0:0:0:1', 'com.javaweb.MichaelKai.controller.login.LoginController', 'login', null, null, '', '1', '2019-06-21 08:46:55', '1', '2019-06-21 08:46:55');
INSERT INTO `tb_action_log` VALUES ('1141873664472518656', '', '00', '0:0:0:0:0:0:0:1', 'com.javaweb.MichaelKai.controller.login.LoginController', 'login', null, null, '', '1', '2019-06-21 09:01:11', '1', '2019-06-21 09:01:11');
INSERT INTO `tb_action_log` VALUES ('1141873867447472128', '', '00', '0:0:0:0:0:0:0:1', 'com.javaweb.MichaelKai.controller.login.LoginController', 'login', null, null, '', '1', '2019-06-21 09:01:59', '1', '2019-06-21 09:01:59');
INSERT INTO `tb_action_log` VALUES ('1141874057424277504', '', '00', '0:0:0:0:0:0:0:1', 'com.javaweb.MichaelKai.controller.login.LoginController', 'login', null, null, '', '1', '2019-06-21 09:02:44', '1', '2019-06-21 09:02:44');
INSERT INTO `tb_action_log` VALUES ('1141963561195671552', '', '00', '0:0:0:0:0:0:0:1', 'com.javaweb.MichaelKai.controller.login.LoginController', 'login', null, null, '', '1', '2019-06-21 14:58:24', '1', '2019-06-21 14:58:24');
INSERT INTO `tb_action_log` VALUES ('1144073559547711488', '', '00', '0:0:0:0:0:0:0:1', 'com.javaweb.MichaelKai.controller.login.LoginController', 'login', null, null, '', '1', '2019-06-27 10:42:47', '1', '2019-06-27 10:42:47');
INSERT INTO `tb_action_log` VALUES ('1144076016952676352', '', '00', '0:0:0:0:0:0:0:1', 'com.javaweb.MichaelKai.controller.login.LoginController', 'login', null, null, '', '1', '2019-06-27 10:52:32', '1', '2019-06-27 10:52:32');
INSERT INTO `tb_action_log` VALUES ('1144078006361395200', '', '00', '0:0:0:0:0:0:0:1', 'com.javaweb.MichaelKai.controller.login.LoginController', 'login', null, null, '', '1', '2019-06-27 11:00:27', '1', '2019-06-27 11:00:27');
INSERT INTO `tb_action_log` VALUES ('1144417829299294208', '', '00', '0:0:0:0:0:0:0:1', 'com.javaweb.MichaelKai.controller.login.LoginController', 'login', null, null, '', '1', '2019-06-28 09:30:47', '1', '2019-06-28 09:30:47');
INSERT INTO `tb_action_log` VALUES ('1144448573769912320', '', '00', '0:0:0:0:0:0:0:1', 'com.javaweb.MichaelKai.controller.login.LoginController', 'login', null, null, '', '1', '2019-06-28 11:32:57', '1', '2019-06-28 11:32:57');
INSERT INTO `tb_action_log` VALUES ('1144484796571979776', '', '00', '0:0:0:0:0:0:0:1', 'com.javaweb.MichaelKai.controller.login.LoginController', 'login', null, null, '', '1', '2019-06-28 13:56:53', '1', '2019-06-28 13:56:53');
INSERT INTO `tb_action_log` VALUES ('1144485064260849664', '', '00', '0:0:0:0:0:0:0:1', 'com.javaweb.MichaelKai.controller.login.LoginController', 'login', null, null, '', '1', '2019-06-28 13:57:57', '1', '2019-06-28 13:57:57');
INSERT INTO `tb_action_log` VALUES ('1144485285220978688', '', '00', '0:0:0:0:0:0:0:1', 'com.javaweb.MichaelKai.controller.login.LoginController', 'login', null, null, '', '1', '2019-06-28 13:58:50', '1', '2019-06-28 13:58:50');
INSERT INTO `tb_action_log` VALUES ('1144485588779536384', '', '00', '0:0:0:0:0:0:0:1', 'com.javaweb.MichaelKai.controller.login.LoginController', 'login', null, null, '', '1', '2019-06-28 14:00:02', '1', '2019-06-28 14:00:02');
INSERT INTO `tb_action_log` VALUES ('1144486285382127616', '', '00', '0:0:0:0:0:0:0:1', 'com.javaweb.MichaelKai.controller.login.LoginController', 'login', null, null, '', '1', '2019-06-28 14:02:48', '1', '2019-06-28 14:02:48');
INSERT INTO `tb_action_log` VALUES ('1144486810387353600', '', '00', '0:0:0:0:0:0:0:1', 'com.javaweb.MichaelKai.controller.login.LoginController', 'login', null, null, '', '1', '2019-06-28 14:04:53', '1', '2019-06-28 14:04:53');
INSERT INTO `tb_action_log` VALUES ('1144487052319002624', '', '00', '0:0:0:0:0:0:0:1', 'com.javaweb.MichaelKai.controller.login.LoginController', 'login', null, null, '', '1', '2019-06-28 14:05:51', '1', '2019-06-28 14:05:51');
INSERT INTO `tb_action_log` VALUES ('1144501375544201216', '', '00', '0:0:0:0:0:0:0:1', 'com.javaweb.MichaelKai.controller.login.LoginController', 'login', null, null, '', '1', '2019-06-28 15:02:46', '1', '2019-06-28 15:02:46');
INSERT INTO `tb_action_log` VALUES ('1144501890281771008', '', '00', '0:0:0:0:0:0:0:1', 'com.javaweb.MichaelKai.controller.login.LoginController', 'login', null, null, '', '1', '2019-06-28 15:04:49', '1', '2019-06-28 15:04:49');
INSERT INTO `tb_action_log` VALUES ('1144504377206247424', '', '00', '0:0:0:0:0:0:0:1', 'com.javaweb.MichaelKai.controller.login.LoginController', 'login', null, null, '', '1', '2019-06-28 15:14:42', '1', '2019-06-28 15:14:42');
INSERT INTO `tb_action_log` VALUES ('1144506106064801792', '', '00', '0:0:0:0:0:0:0:1', 'com.javaweb.MichaelKai.controller.login.LoginController', 'login', null, null, '', '1', '2019-06-28 15:21:34', '1', '2019-06-28 15:21:34');
INSERT INTO `tb_action_log` VALUES ('1144506358402519040', '', '00', '0:0:0:0:0:0:0:1', 'com.javaweb.MichaelKai.controller.login.LoginController', 'login', null, null, '', '1', '2019-06-28 15:22:34', '1', '2019-06-28 15:22:34');
INSERT INTO `tb_action_log` VALUES ('1144515059217731584', '', '00', '0:0:0:0:0:0:0:1', 'com.javaweb.MichaelKai.controller.login.LoginController', 'login', null, null, '', '1', '2019-06-28 15:57:08', '1', '2019-06-28 15:57:08');
INSERT INTO `tb_action_log` VALUES ('1144515313338028032', '', '00', '0:0:0:0:0:0:0:1', 'com.javaweb.MichaelKai.controller.login.LoginController', 'login', null, null, '', '1', '2019-06-28 15:58:09', '1', '2019-06-28 15:58:09');
INSERT INTO `tb_action_log` VALUES ('1144515606054309888', '', '00', '0:0:0:0:0:0:0:1', 'com.javaweb.MichaelKai.controller.login.LoginController', 'login', null, null, '', '1', '2019-06-28 15:59:19', '1', '2019-06-28 15:59:19');
INSERT INTO `tb_action_log` VALUES ('1144515877463527424', '', '00', '0:0:0:0:0:0:0:1', 'com.javaweb.MichaelKai.controller.login.LoginController', 'login', null, null, '', '1', '2019-06-28 16:00:23', '1', '2019-06-28 16:00:23');
INSERT INTO `tb_action_log` VALUES ('1144516849967435776', '', '00', '0:0:0:0:0:0:0:1', 'com.javaweb.MichaelKai.controller.login.LoginController', 'login', null, null, '', '1', '2019-06-28 16:04:15', '1', '2019-06-28 16:04:15');
INSERT INTO `tb_action_log` VALUES ('1144521332927631360', '', '00', '0:0:0:0:0:0:0:1', 'com.javaweb.MichaelKai.controller.login.LoginController', 'login', null, null, '', '1', '2019-06-28 16:22:04', '1', '2019-06-28 16:22:04');
INSERT INTO `tb_action_log` VALUES ('1144521494798405632', '', '00', '0:0:0:0:0:0:0:1', 'com.javaweb.MichaelKai.controller.login.LoginController', 'login', null, null, '', '1', '2019-06-28 16:22:43', '1', '2019-06-28 16:22:43');
INSERT INTO `tb_action_log` VALUES ('1144522019614887936', '', '00', '0:0:0:0:0:0:0:1', 'com.javaweb.MichaelKai.controller.login.LoginController', 'login', null, null, '', '1', '2019-06-28 16:24:48', '1', '2019-06-28 16:24:48');
INSERT INTO `tb_action_log` VALUES ('1144522179237515264', '', '00', '0:0:0:0:0:0:0:1', 'com.javaweb.MichaelKai.controller.login.LoginController', 'login', null, null, '', '1', '2019-06-28 16:25:26', '1', '2019-06-28 16:25:26');
INSERT INTO `tb_action_log` VALUES ('1144532712556728320', '', '00', '0:0:0:0:0:0:0:1', 'com.javaweb.MichaelKai.controller.login.LoginController', 'login', null, null, '', '1', '2019-06-28 17:07:17', '1', '2019-06-28 17:07:17');
INSERT INTO `tb_action_log` VALUES ('1144534216982269952', '', '00', '0:0:0:0:0:0:0:1', 'com.javaweb.MichaelKai.controller.login.LoginController', 'login', null, null, '', '1', '2019-06-28 17:13:16', '1', '2019-06-28 17:13:16');
INSERT INTO `tb_action_log` VALUES ('1144534405340073984', '', '00', '0:0:0:0:0:0:0:1', 'com.javaweb.MichaelKai.controller.login.LoginController', 'login', null, null, '', '1', '2019-06-28 17:14:01', '1', '2019-06-28 17:14:01');
INSERT INTO `tb_action_log` VALUES ('1144535018194997248', '', '00', '0:0:0:0:0:0:0:1', 'com.javaweb.MichaelKai.controller.login.LoginController', 'login', null, null, '', '1', '2019-06-28 17:16:27', '1', '2019-06-28 17:16:27');
INSERT INTO `tb_action_log` VALUES ('1144537958586650624', '', '00', '0:0:0:0:0:0:0:1', 'com.javaweb.MichaelKai.controller.login.LoginController', 'login', null, null, '', '1', '2019-06-28 17:28:08', '1', '2019-06-28 17:28:08');
INSERT INTO `tb_action_log` VALUES ('1145531369540161536', '', '00', '0:0:0:0:0:0:0:1', 'com.javaweb.MichaelKai.controller.login.LoginController', 'login', null, null, '', '1', '2019-07-01 11:15:36', '1', '2019-07-01 11:15:36');
INSERT INTO `tb_action_log` VALUES ('1145533941797752832', '', '00', '0:0:0:0:0:0:0:1', 'com.javaweb.MichaelKai.controller.login.LoginController', 'login', null, null, '', '1', '2019-07-01 11:25:49', '1', '2019-07-01 11:25:49');
INSERT INTO `tb_action_log` VALUES ('1145535582198435840', '', '00', '0:0:0:0:0:0:0:1', 'com.javaweb.MichaelKai.controller.login.LoginController', 'login', null, null, '', '1', '2019-07-01 11:32:20', '1', '2019-07-01 11:32:20');
INSERT INTO `tb_action_log` VALUES ('1145541797179691008', '', '00', '0:0:0:0:0:0:0:1', 'com.javaweb.MichaelKai.controller.login.LoginController', 'login', null, null, '', '1', '2019-07-01 11:57:02', '1', '2019-07-01 11:57:02');
INSERT INTO `tb_action_log` VALUES ('1145541797418766336', '', '00', '0:0:0:0:0:0:0:1', 'com.javaweb.MichaelKai.controller.login.LoginController', 'login', null, null, '', '1', '2019-07-01 11:57:02', '1', '2019-07-01 11:57:02');
INSERT INTO `tb_action_log` VALUES ('1145542123903389696', '', '00', '0:0:0:0:0:0:0:1', 'com.javaweb.MichaelKai.controller.login.LoginController', 'login', null, null, '', '1', '2019-07-01 11:58:20', '1', '2019-07-01 11:58:20');
INSERT INTO `tb_action_log` VALUES ('1145569987386281984', '', '00', '0:0:0:0:0:0:0:1', 'com.javaweb.MichaelKai.controller.login.LoginController', 'login', null, null, '', '1', '2019-07-01 13:49:03', '1', '2019-07-01 13:49:03');
INSERT INTO `tb_action_log` VALUES ('1145571671042822144', '', '00', '0:0:0:0:0:0:0:1', 'com.javaweb.MichaelKai.controller.login.LoginController', 'login', null, null, '', '1', '2019-07-01 13:55:44', '1', '2019-07-01 13:55:44');
INSERT INTO `tb_action_log` VALUES ('1145571764538052608', '', '00', '0:0:0:0:0:0:0:1', 'com.javaweb.MichaelKai.controller.login.LoginController', 'login', null, null, '', '1', '2019-07-01 13:56:07', '1', '2019-07-01 13:56:07');
INSERT INTO `tb_action_log` VALUES ('1145573144828973056', '', '00', '0:0:0:0:0:0:0:1', 'com.javaweb.MichaelKai.controller.login.LoginController', 'login', null, null, '', '1', '2019-07-01 14:01:36', '1', '2019-07-01 14:01:36');
INSERT INTO `tb_action_log` VALUES ('1145582020034957312', '', '00', '0:0:0:0:0:0:0:1', 'com.javaweb.MichaelKai.controller.login.LoginController', 'login', null, null, '', '1', '2019-07-01 14:36:52', '1', '2019-07-01 14:36:52');
INSERT INTO `tb_action_log` VALUES ('1145582103891677184', '', '00', '0:0:0:0:0:0:0:1', 'com.javaweb.MichaelKai.controller.login.LoginController', 'login', null, null, '', '1', '2019-07-01 14:37:12', '1', '2019-07-01 14:37:12');
INSERT INTO `tb_action_log` VALUES ('1145582478900203520', '', '00', '0:0:0:0:0:0:0:1', 'com.javaweb.MichaelKai.controller.login.LoginController', 'login', null, null, '', '1', '2019-07-01 14:38:41', '1', '2019-07-01 14:38:41');
INSERT INTO `tb_action_log` VALUES ('1145586649028235264', '', '00', '0:0:0:0:0:0:0:1', 'com.javaweb.MichaelKai.controller.login.LoginController', 'login', null, null, '', '1', '2019-07-01 14:55:15', '1', '2019-07-01 14:55:15');
INSERT INTO `tb_action_log` VALUES ('1145587500585193472', '', '00', '0:0:0:0:0:0:0:1', 'com.javaweb.MichaelKai.controller.login.LoginController', 'login', null, null, '', '1', '2019-07-01 14:58:38', '1', '2019-07-01 14:58:38');
INSERT INTO `tb_action_log` VALUES ('1145591357629403136', '', '00', '0:0:0:0:0:0:0:1', 'com.javaweb.MichaelKai.controller.login.LoginController', 'login', null, null, '', '1', '2019-07-01 15:13:58', '1', '2019-07-01 15:13:58');
INSERT INTO `tb_action_log` VALUES ('1145591671493365760', '', '00', '0:0:0:0:0:0:0:1', 'com.javaweb.MichaelKai.controller.login.LoginController', 'login', null, null, '', '1', '2019-07-01 15:15:13', '1', '2019-07-01 15:15:13');
INSERT INTO `tb_action_log` VALUES ('1145592175728398336', '', '00', '0:0:0:0:0:0:0:1', 'com.javaweb.MichaelKai.controller.login.LoginController', 'login', null, null, '', '1', '2019-07-01 15:17:13', '1', '2019-07-01 15:17:13');
INSERT INTO `tb_action_log` VALUES ('1145592414237495296', '', '00', '0:0:0:0:0:0:0:1', 'com.javaweb.MichaelKai.controller.login.LoginController', 'login', null, null, '', '1', '2019-07-01 15:18:10', '1', '2019-07-01 15:18:10');
INSERT INTO `tb_action_log` VALUES ('1145592723722604544', '', '00', '0:0:0:0:0:0:0:1', 'com.javaweb.MichaelKai.controller.login.LoginController', 'login', null, null, '', '1', '2019-07-01 15:19:24', '1', '2019-07-01 15:19:24');
INSERT INTO `tb_action_log` VALUES ('1145593018032721920', '', '00', '0:0:0:0:0:0:0:1', 'com.javaweb.MichaelKai.controller.login.LoginController', 'login', null, null, '', '1', '2019-07-01 15:20:34', '1', '2019-07-01 15:20:34');
INSERT INTO `tb_action_log` VALUES ('1145595803574865920', '', '00', '0:0:0:0:0:0:0:1', 'com.javaweb.MichaelKai.controller.login.LoginController', 'login', null, null, '', '1', '2019-07-01 15:31:38', '1', '2019-07-01 15:31:38');
INSERT INTO `tb_action_log` VALUES ('1145596392853606400', '', '00', '0:0:0:0:0:0:0:1', 'com.javaweb.MichaelKai.controller.login.LoginController', 'login', null, null, '', '1', '2019-07-01 15:33:58', '1', '2019-07-01 15:33:58');
INSERT INTO `tb_action_log` VALUES ('1145596734978789376', '', '00', '0:0:0:0:0:0:0:1', 'com.javaweb.MichaelKai.controller.login.LoginController', 'login', null, null, '', '1', '2019-07-01 15:35:20', '1', '2019-07-01 15:35:20');
INSERT INTO `tb_action_log` VALUES ('1145596963522220032', '', '00', '0:0:0:0:0:0:0:1', 'com.javaweb.MichaelKai.controller.login.LoginController', 'login', null, null, '', '1', '2019-07-01 15:36:14', '1', '2019-07-01 15:36:14');
INSERT INTO `tb_action_log` VALUES ('1145597187875540992', '', '00', '0:0:0:0:0:0:0:1', 'com.javaweb.MichaelKai.controller.login.LoginController', 'login', null, null, '', '1', '2019-07-01 15:37:08', '1', '2019-07-01 15:37:08');
INSERT INTO `tb_action_log` VALUES ('1145600054543912960', '', '00', '0:0:0:0:0:0:0:1', 'com.javaweb.MichaelKai.controller.login.LoginController', 'login', null, null, '', '1', '2019-07-01 15:48:31', '1', '2019-07-01 15:48:31');
INSERT INTO `tb_action_log` VALUES ('1145600308001509376', '', '00', '0:0:0:0:0:0:0:1', 'com.javaweb.MichaelKai.controller.login.LoginController', 'login', null, null, '', '1', '2019-07-01 15:49:32', '1', '2019-07-01 15:49:32');
INSERT INTO `tb_action_log` VALUES ('1145600541506801664', '', '00', '0:0:0:0:0:0:0:1', 'com.javaweb.MichaelKai.controller.login.LoginController', 'login', null, null, '', '1', '2019-07-01 15:50:27', '1', '2019-07-01 15:50:27');
INSERT INTO `tb_action_log` VALUES ('1145600884676366336', '', '00', '0:0:0:0:0:0:0:1', 'com.javaweb.MichaelKai.controller.login.LoginController', 'login', null, null, '', '1', '2019-07-01 15:51:49', '1', '2019-07-01 15:51:49');
INSERT INTO `tb_action_log` VALUES ('1145619356772864000', '', '00', '0:0:0:0:0:0:0:1', 'com.javaweb.MichaelKai.controller.login.LoginController', 'login', null, null, '', '1', '2019-07-01 17:05:13', '1', '2019-07-01 17:05:13');
INSERT INTO `tb_action_log` VALUES ('1151321259351609344', '', '00', '0:0:0:0:0:0:0:1', 'com.javaweb.MichaelKai.controller.login.LoginController', 'login', null, null, '', '1', '2019-07-17 10:42:33', '1', '2019-07-17 10:42:33');
INSERT INTO `tb_action_log` VALUES ('1152030637146902528', '', '00', '0:0:0:0:0:0:0:1', 'com.javaweb.MichaelKai.controller.login.LoginController', 'login', null, null, '', '1', '2019-07-19 09:41:22', '1', '2019-07-19 09:41:22');
INSERT INTO `tb_action_log` VALUES ('1152042825383284736', '', '00', '0:0:0:0:0:0:0:1', 'com.javaweb.MichaelKai.controller.login.LoginController', 'login', null, null, '', '1', '2019-07-19 10:29:48', '1', '2019-07-19 10:29:48');
INSERT INTO `tb_action_log` VALUES ('1152043018036056064', '', '00', '0:0:0:0:0:0:0:1', 'com.javaweb.MichaelKai.controller.login.LoginController', 'login', null, null, '', '1', '2019-07-19 10:30:34', '1', '2019-07-19 10:30:34');
INSERT INTO `tb_action_log` VALUES ('1152043321741414400', '', '00', '0:0:0:0:0:0:0:1', 'com.javaweb.MichaelKai.controller.login.LoginController', 'login', null, null, '', '1', '2019-07-19 10:31:46', '1', '2019-07-19 10:31:46');
INSERT INTO `tb_action_log` VALUES ('1152043827176017920', '', '00', '0:0:0:0:0:0:0:1', 'com.javaweb.MichaelKai.controller.login.LoginController', 'login', null, null, '', '1', '2019-07-19 10:33:46', '1', '2019-07-19 10:33:46');
INSERT INTO `tb_action_log` VALUES ('1152046513791307776', '', '00', '0:0:0:0:0:0:0:1', 'com.javaweb.MichaelKai.controller.login.LoginController', 'login', null, null, '', '1', '2019-07-19 10:44:27', '1', '2019-07-19 10:44:27');
INSERT INTO `tb_action_log` VALUES ('1152046581973913600', '', '00', '0:0:0:0:0:0:0:1', 'com.javaweb.MichaelKai.controller.login.LoginController', 'login', null, null, '', '1', '2019-07-19 10:44:43', '1', '2019-07-19 10:44:43');
INSERT INTO `tb_action_log` VALUES ('1152047274638053376', '', '00', '0:0:0:0:0:0:0:1', 'com.javaweb.MichaelKai.controller.login.LoginController', 'login', null, null, '', '1', '2019-07-19 10:47:28', '1', '2019-07-19 10:47:28');
INSERT INTO `tb_action_log` VALUES ('1152047857046523904', '', '00', '0:0:0:0:0:0:0:1', 'com.javaweb.MichaelKai.controller.login.LoginController', 'login', null, null, '', '1', '2019-07-19 10:49:47', '1', '2019-07-19 10:49:47');
INSERT INTO `tb_action_log` VALUES ('1152048387902803968', '', '00', '0:0:0:0:0:0:0:1', 'com.javaweb.MichaelKai.controller.login.LoginController', 'login', null, null, '', '1', '2019-07-19 10:51:54', '1', '2019-07-19 10:51:54');
INSERT INTO `tb_action_log` VALUES ('1152048813851152384', '', '00', '0:0:0:0:0:0:0:1', 'com.javaweb.MichaelKai.controller.login.LoginController', 'login', null, null, '', '1', '2019-07-19 10:53:35', '1', '2019-07-19 10:53:35');
INSERT INTO `tb_action_log` VALUES ('1152049013483245568', '', '00', '0:0:0:0:0:0:0:1', 'com.javaweb.MichaelKai.controller.login.LoginController', 'login', null, null, '', '1', '2019-07-19 10:54:23', '1', '2019-07-19 10:54:23');
INSERT INTO `tb_action_log` VALUES ('1158220577945817088', '', '00', '0:0:0:0:0:0:0:1', 'com.javaweb.MichaelKai.controller.login.LoginController', 'login', null, null, '', '1', '2019-08-05 11:37:59', '1', '2019-08-05 11:37:59');
INSERT INTO `tb_action_log` VALUES ('1158257049822433280', '', '00', '0:0:0:0:0:0:0:1', 'com.javaweb.MichaelKai.controller.login.LoginController', 'login', null, null, '', '1', '2019-08-05 14:02:54', '1', '2019-08-05 14:02:54');
INSERT INTO `tb_action_log` VALUES ('1158258483431346176', '', '00', '0:0:0:0:0:0:0:1', 'com.javaweb.MichaelKai.controller.login.LoginController', 'login', null, null, '', '1', '2019-08-05 14:08:36', '1', '2019-08-05 14:08:36');
INSERT INTO `tb_action_log` VALUES ('1158259888602877952', '', '00', '0:0:0:0:0:0:0:1', 'com.javaweb.MichaelKai.controller.login.LoginController', 'login', null, null, '', '1', '2019-08-05 14:14:11', '1', '2019-08-05 14:14:11');
INSERT INTO `tb_action_log` VALUES ('1158260354380337152', '', '00', '0:0:0:0:0:0:0:1', 'com.javaweb.MichaelKai.controller.login.LoginController', 'login', null, null, '', '1', '2019-08-05 14:16:02', '1', '2019-08-05 14:16:02');
INSERT INTO `tb_action_log` VALUES ('1158260627605688320', '', '00', '0:0:0:0:0:0:0:1', 'com.javaweb.MichaelKai.controller.login.LoginController', 'login', null, null, '', '1', '2019-08-05 14:17:07', '1', '2019-08-05 14:17:07');
INSERT INTO `tb_action_log` VALUES ('1158260968497745920', '', '00', '0:0:0:0:0:0:0:1', 'com.javaweb.MichaelKai.controller.login.LoginController', 'login', null, null, '', '1', '2019-08-05 14:18:28', '1', '2019-08-05 14:18:28');
INSERT INTO `tb_action_log` VALUES ('1158261355493593088', '', '00', '0:0:0:0:0:0:0:1', 'com.javaweb.MichaelKai.controller.login.LoginController', 'login', null, null, '', '1', '2019-08-05 14:20:01', '1', '2019-08-05 14:20:01');
INSERT INTO `tb_action_log` VALUES ('1158261730514702336', '', '00', '0:0:0:0:0:0:0:1', 'com.javaweb.MichaelKai.controller.login.LoginController', 'login', null, null, '', '1', '2019-08-05 14:21:30', '1', '2019-08-05 14:21:30');
INSERT INTO `tb_action_log` VALUES ('1158269497765924864', '', '00', '0:0:0:0:0:0:0:1', 'com.javaweb.MichaelKai.controller.login.LoginController', 'login', null, null, '', '1', '2019-08-05 14:52:22', '1', '2019-08-05 14:52:22');
INSERT INTO `tb_action_log` VALUES ('1158269842768400384', '', '00', '0:0:0:0:0:0:0:1', 'com.javaweb.MichaelKai.controller.login.LoginController', 'login', null, null, '', '1', '2019-08-05 14:53:44', '1', '2019-08-05 14:53:44');
INSERT INTO `tb_action_log` VALUES ('1158270527115235328', '', '00', '0:0:0:0:0:0:0:1', 'com.javaweb.MichaelKai.controller.login.LoginController', 'login', null, null, '', '1', '2019-08-05 14:56:27', '1', '2019-08-05 14:56:27');
INSERT INTO `tb_action_log` VALUES ('1158272896297209856', '', '00', '0:0:0:0:0:0:0:1', 'com.javaweb.MichaelKai.controller.login.LoginController', 'login', null, null, '', '1', '2019-08-05 15:05:52', '1', '2019-08-05 15:05:52');
INSERT INTO `tb_action_log` VALUES ('1158275139314520064', '', '00', '0:0:0:0:0:0:0:1', 'com.javaweb.MichaelKai.controller.login.LoginController', 'login', null, null, '', '1', '2019-08-05 15:14:47', '1', '2019-08-05 15:14:47');
INSERT INTO `tb_action_log` VALUES ('1158277028445818880', '', '00', '0:0:0:0:0:0:0:1', 'com.javaweb.MichaelKai.controller.login.LoginController', 'login', null, null, '', '1', '2019-08-05 15:22:17', '1', '2019-08-05 15:22:17');
INSERT INTO `tb_action_log` VALUES ('1158278129685499904', '', '00', '0:0:0:0:0:0:0:1', 'com.javaweb.MichaelKai.controller.login.LoginController', 'login', null, null, '', '1', '2019-08-05 15:26:40', '1', '2019-08-05 15:26:40');
INSERT INTO `tb_action_log` VALUES ('1158278824119635968', '', '00', '0:0:0:0:0:0:0:1', 'com.javaweb.MichaelKai.controller.login.LoginController', 'login', null, null, '', '1', '2019-08-05 15:29:26', '1', '2019-08-05 15:29:26');
INSERT INTO `tb_action_log` VALUES ('1158279749517316096', '', '00', '0:0:0:0:0:0:0:1', 'com.javaweb.MichaelKai.controller.login.LoginController', 'login', null, null, '', '1', '2019-08-05 15:33:06', '1', '2019-08-05 15:33:06');
INSERT INTO `tb_action_log` VALUES ('1158280251655196672', '', '00', '0:0:0:0:0:0:0:1', 'com.javaweb.MichaelKai.controller.login.LoginController', 'login', null, null, '', '1', '2019-08-05 15:35:06', '1', '2019-08-05 15:35:06');
INSERT INTO `tb_action_log` VALUES ('1158281916781301760', '', '00', '0:0:0:0:0:0:0:1', 'com.javaweb.MichaelKai.controller.login.LoginController', 'login', null, null, '', '1', '2019-08-05 15:41:43', '1', '2019-08-05 15:41:43');
INSERT INTO `tb_action_log` VALUES ('1158283918282199040', '', '00', '0:0:0:0:0:0:0:1', 'com.javaweb.MichaelKai.controller.login.LoginController', 'login', null, null, '', '1', '2019-08-05 15:49:40', '1', '2019-08-05 15:49:40');
INSERT INTO `tb_action_log` VALUES ('1158284174726139904', '', '00', '0:0:0:0:0:0:0:1', 'com.javaweb.MichaelKai.controller.login.LoginController', 'login', null, null, '', '1', '2019-08-05 15:50:41', '1', '2019-08-05 15:50:41');
INSERT INTO `tb_action_log` VALUES ('1158284261376266240', '', '00', '0:0:0:0:0:0:0:1', 'com.javaweb.MichaelKai.controller.login.LoginController', 'login', null, null, '', '1', '2019-08-05 15:51:02', '1', '2019-08-05 15:51:02');
INSERT INTO `tb_action_log` VALUES ('1158284721365585920', '', '00', '0:0:0:0:0:0:0:1', 'com.javaweb.MichaelKai.controller.login.LoginController', 'login', null, null, '', '1', '2019-08-05 15:52:52', '1', '2019-08-05 15:52:52');
INSERT INTO `tb_action_log` VALUES ('1158309015067955200', '', '00', '0:0:0:0:0:0:0:1', 'com.javaweb.MichaelKai.controller.login.LoginController', 'login', null, null, '', '1', '2019-08-05 17:29:24', '1', '2019-08-05 17:29:24');
INSERT INTO `tb_action_log` VALUES ('1158541389684936704', '', '00', '0:0:0:0:0:0:0:1', 'com.javaweb.MichaelKai.controller.login.LoginController', 'login', null, null, '', '1', '2019-08-06 08:52:46', '1', '2019-08-06 08:52:46');
INSERT INTO `tb_action_log` VALUES ('1158548867382382592', '', '00', '0:0:0:0:0:0:0:1', 'com.javaweb.MichaelKai.controller.login.LoginController', 'login', null, null, '', '1', '2019-08-06 09:22:29', '1', '2019-08-06 09:22:29');
INSERT INTO `tb_action_log` VALUES ('1158548953218813952', '', '00', '0:0:0:0:0:0:0:1', 'com.javaweb.MichaelKai.controller.login.LoginController', 'login', null, null, '', '1', '2019-08-06 09:22:49', '1', '2019-08-06 09:22:49');
INSERT INTO `tb_action_log` VALUES ('1158549694369107968', '', '00', '0:0:0:0:0:0:0:1', 'com.javaweb.MichaelKai.controller.login.LoginController', 'login', null, null, '', '1', '2019-08-06 09:25:46', '1', '2019-08-06 09:25:46');
INSERT INTO `tb_action_log` VALUES ('1158550956984635392', '', '00', '0:0:0:0:0:0:0:1', 'com.javaweb.MichaelKai.controller.login.LoginController', 'login', null, null, '', '1', '2019-08-06 09:30:47', '1', '2019-08-06 09:30:47');
INSERT INTO `tb_action_log` VALUES ('1158571230207545344', '', '00', '0:0:0:0:0:0:0:1', 'com.javaweb.MichaelKai.controller.login.LoginController', 'login', null, null, '', '1', '2019-08-06 10:51:21', '1', '2019-08-06 10:51:21');
INSERT INTO `tb_action_log` VALUES ('1158571619820638208', '', '00', '0:0:0:0:0:0:0:1', 'com.javaweb.MichaelKai.controller.login.LoginController', 'login', null, null, '', '1', '2019-08-06 10:52:54', '1', '2019-08-06 10:52:54');
INSERT INTO `tb_action_log` VALUES ('1158571951191625728', '', '00', '0:0:0:0:0:0:0:1', 'com.javaweb.MichaelKai.controller.login.LoginController', 'login', null, null, '', '1', '2019-08-06 10:54:13', '1', '2019-08-06 10:54:13');
INSERT INTO `tb_action_log` VALUES ('1158578516204326912', '', '00', '0:0:0:0:0:0:0:1', 'com.javaweb.MichaelKai.controller.login.LoginController', 'login', null, null, '', '1', '2019-08-06 11:20:18', '1', '2019-08-06 11:20:18');
INSERT INTO `tb_action_log` VALUES ('1158580913483943936', '', '00', '0:0:0:0:0:0:0:1', 'com.javaweb.MichaelKai.controller.login.LoginController', 'login', null, null, '', '1', '2019-08-06 11:29:49', '1', '2019-08-06 11:29:49');
INSERT INTO `tb_action_log` VALUES ('1158581781176389632', '', '00', '0:0:0:0:0:0:0:1', 'com.javaweb.MichaelKai.controller.login.LoginController', 'login', null, null, '', '1', '2019-08-06 11:33:16', '1', '2019-08-06 11:33:16');
INSERT INTO `tb_action_log` VALUES ('1158625952163565568', '', '00', '0:0:0:0:0:0:0:1', 'com.javaweb.MichaelKai.controller.login.LoginController', 'login', null, null, '', '1', '2019-08-06 14:28:47', '1', '2019-08-06 14:28:47');
INSERT INTO `tb_action_log` VALUES ('1158627003906265088', '', '00', '0:0:0:0:0:0:0:1', 'com.javaweb.MichaelKai.controller.login.LoginController', 'login', null, null, '', '1', '2019-08-06 14:32:58', '1', '2019-08-06 14:32:58');
INSERT INTO `tb_action_log` VALUES ('1158627656577716224', '', '00', '127.0.0.1', 'com.javaweb.MichaelKai.controller.login.LoginController', 'login', null, null, '', '1', '2019-08-06 14:35:34', '1', '2019-08-06 14:35:34');
INSERT INTO `tb_action_log` VALUES ('1158629210357633024', '', '00', '0:0:0:0:0:0:0:1', 'com.javaweb.MichaelKai.controller.login.LoginController', 'login', null, null, '', '1', '2019-08-06 14:41:44', '1', '2019-08-06 14:41:44');
INSERT INTO `tb_action_log` VALUES ('1158633349145825280', '', '00', '0:0:0:0:0:0:0:1', 'com.javaweb.MichaelKai.controller.login.LoginController', 'login', null, null, '', '1', '2019-08-06 14:58:11', '1', '2019-08-06 14:58:11');
INSERT INTO `tb_action_log` VALUES ('1158635946212724736', '', '00', '0:0:0:0:0:0:0:1', 'com.javaweb.MichaelKai.controller.login.LoginController', 'login', null, null, '', '1', '2019-08-06 15:08:30', '1', '2019-08-06 15:08:30');
INSERT INTO `tb_action_log` VALUES ('1158639262015557632', '', '00', '0:0:0:0:0:0:0:1', 'com.javaweb.MichaelKai.controller.login.LoginController', 'login', null, null, '', '1', '2019-08-06 15:21:41', '1', '2019-08-06 15:21:41');
INSERT INTO `tb_action_log` VALUES ('1158640585742094336', '', '00', '0:0:0:0:0:0:0:1', 'com.javaweb.MichaelKai.controller.login.LoginController', 'login', null, null, '', '1', '2019-08-06 15:26:56', '1', '2019-08-06 15:26:56');
INSERT INTO `tb_action_log` VALUES ('1158664913506406400', '', '00', '127.0.0.1', 'com.javaweb.MichaelKai.controller.login.LoginController', 'login', null, null, '', '1', '2019-08-06 17:03:36', '1', '2019-08-06 17:03:36');
INSERT INTO `tb_action_log` VALUES ('1158665112769400832', '', '00', '0:0:0:0:0:0:0:1', 'com.javaweb.MichaelKai.controller.login.LoginController', 'login', null, null, '', '1', '2019-08-06 17:04:24', '1', '2019-08-06 17:04:24');
INSERT INTO `tb_action_log` VALUES ('1158667807114792960', '', '00', '0:0:0:0:0:0:0:1', 'com.javaweb.MichaelKai.controller.login.LoginController', 'login', null, null, '', '1', '2019-08-06 17:15:06', '1', '2019-08-06 17:15:06');
INSERT INTO `tb_action_log` VALUES ('1158668133628776448', '', '00', '0:0:0:0:0:0:0:1', 'com.javaweb.MichaelKai.controller.login.LoginController', 'login', null, null, '', '1', '2019-08-06 17:16:24', '1', '2019-08-06 17:16:24');
INSERT INTO `tb_action_log` VALUES ('1158668800841879552', '', '00', '0:0:0:0:0:0:0:1', 'com.javaweb.MichaelKai.controller.login.LoginController', 'login', null, null, '', '1', '2019-08-06 17:19:03', '1', '2019-08-06 17:19:03');
INSERT INTO `tb_action_log` VALUES ('1158668888985178112', '', '00', '0:0:0:0:0:0:0:1', 'com.javaweb.MichaelKai.controller.login.LoginController', 'login', null, null, '', '1', '2019-08-06 17:19:24', '1', '2019-08-06 17:19:24');
INSERT INTO `tb_action_log` VALUES ('1158669151687020544', '', '00', '0:0:0:0:0:0:0:1', 'com.javaweb.MichaelKai.controller.login.LoginController', 'login', null, null, '', '1', '2019-08-06 17:20:27', '1', '2019-08-06 17:20:27');
INSERT INTO `tb_action_log` VALUES ('1158669185023348736', '', '00', '0:0:0:0:0:0:0:1', 'com.javaweb.MichaelKai.controller.login.LoginController', 'login', null, null, '', '1', '2019-08-06 17:20:35', '1', '2019-08-06 17:20:35');
INSERT INTO `tb_action_log` VALUES ('1158670348443586560', '', '00', '0:0:0:0:0:0:0:1', 'com.javaweb.MichaelKai.controller.login.LoginController', 'login', null, null, '', '1', '2019-08-06 17:25:12', '1', '2019-08-06 17:25:12');
INSERT INTO `tb_action_log` VALUES ('1158670953622933504', '', '00', '0:0:0:0:0:0:0:1', 'com.javaweb.MichaelKai.controller.login.LoginController', 'login', null, null, '', '1', '2019-08-06 17:27:37', '1', '2019-08-06 17:27:37');
INSERT INTO `tb_action_log` VALUES ('1158915494460395520', '', '00', '0:0:0:0:0:0:0:1', 'com.javaweb.MichaelKai.controller.login.LoginController', 'login', null, null, '', '1', '2019-08-07 09:39:20', '1', '2019-08-07 09:39:20');
INSERT INTO `tb_action_log` VALUES ('1158916222725787648', '', '00', '0:0:0:0:0:0:0:1', 'com.javaweb.MichaelKai.controller.login.LoginController', 'login', null, null, '', '1', '2019-08-07 09:42:13', '1', '2019-08-07 09:42:13');
INSERT INTO `tb_action_log` VALUES ('1158916744589479936', '', '00', '0:0:0:0:0:0:0:1', 'com.javaweb.MichaelKai.controller.login.LoginController', 'login', null, null, '', '1', '2019-08-07 09:44:18', '1', '2019-08-07 09:44:18');
INSERT INTO `tb_action_log` VALUES ('1158917891639349248', '', '00', '0:0:0:0:0:0:0:1', 'com.javaweb.MichaelKai.controller.login.LoginController', 'login', null, null, '', '1', '2019-08-07 09:48:51', '1', '2019-08-07 09:48:51');
INSERT INTO `tb_action_log` VALUES ('1158918170090803200', '', '00', '0:0:0:0:0:0:0:1', 'com.javaweb.MichaelKai.controller.login.LoginController', 'login', null, null, '', '1', '2019-08-07 09:49:58', '1', '2019-08-07 09:49:58');
INSERT INTO `tb_action_log` VALUES ('1158918235744243712', '', '00', '0:0:0:0:0:0:0:1', 'com.javaweb.MichaelKai.controller.login.LoginController', 'login', null, null, '', '1', '2019-08-07 09:50:13', '1', '2019-08-07 09:50:13');
INSERT INTO `tb_action_log` VALUES ('1158931211905798144', '', '00', '0:0:0:0:0:0:0:1', 'com.javaweb.MichaelKai.controller.login.LoginController', 'login', null, null, '', '1', '2019-08-07 10:41:47', '1', '2019-08-07 10:41:47');
INSERT INTO `tb_action_log` VALUES ('1158932020445974528', '', '00', '0:0:0:0:0:0:0:1', 'com.javaweb.MichaelKai.controller.login.LoginController', 'login', null, null, '', '1', '2019-08-07 10:45:00', '1', '2019-08-07 10:45:00');
INSERT INTO `tb_action_log` VALUES ('1158932532201394176', '', '00', '0:0:0:0:0:0:0:1', 'com.javaweb.MichaelKai.controller.login.LoginController', 'login', null, null, '', '1', '2019-08-07 10:47:02', '1', '2019-08-07 10:47:02');
INSERT INTO `tb_action_log` VALUES ('1158933680480194560', '', '00', '0:0:0:0:0:0:0:1', 'com.javaweb.MichaelKai.controller.login.LoginController', 'login', null, null, '', '1', '2019-08-07 10:51:36', '1', '2019-08-07 10:51:36');
INSERT INTO `tb_action_log` VALUES ('1158934231628517376', '', '00', '0:0:0:0:0:0:0:1', 'com.javaweb.MichaelKai.controller.login.LoginController', 'login', null, null, '', '1', '2019-08-07 10:53:47', '1', '2019-08-07 10:53:47');
INSERT INTO `tb_action_log` VALUES ('1158934605466832896', '', '00', '0:0:0:0:0:0:0:1', 'com.javaweb.MichaelKai.controller.login.LoginController', 'login', null, null, '', '1', '2019-08-07 10:55:16', '1', '2019-08-07 10:55:16');
INSERT INTO `tb_action_log` VALUES ('1158935680555028480', '', '00', '0:0:0:0:0:0:0:1', 'com.javaweb.MichaelKai.controller.login.LoginController', 'login', null, null, '', '1', '2019-08-07 10:59:32', '1', '2019-08-07 10:59:32');
INSERT INTO `tb_action_log` VALUES ('1158935959505604608', '', '00', '0:0:0:0:0:0:0:1', 'com.javaweb.MichaelKai.controller.login.LoginController', 'login', null, null, '', '1', '2019-08-07 11:00:39', '1', '2019-08-07 11:00:39');
INSERT INTO `tb_action_log` VALUES ('1158936419444592640', '', '00', '0:0:0:0:0:0:0:1', 'com.javaweb.MichaelKai.controller.login.LoginController', 'login', null, null, '', '1', '2019-08-07 11:02:29', '1', '2019-08-07 11:02:29');
INSERT INTO `tb_action_log` VALUES ('1158939208258293760', '', '00', '0:0:0:0:0:0:0:1', 'com.javaweb.MichaelKai.controller.login.LoginController', 'login', null, null, '', '1', '2019-08-07 11:13:33', '1', '2019-08-07 11:13:33');
INSERT INTO `tb_action_log` VALUES ('1158940381463842816', '', '00', '0:0:0:0:0:0:0:1', 'com.javaweb.MichaelKai.controller.login.LoginController', 'login', null, null, '', '1', '2019-08-07 11:18:13', '1', '2019-08-07 11:18:13');
INSERT INTO `tb_action_log` VALUES ('1158940773945839616', '', '00', '0:0:0:0:0:0:0:1', 'com.javaweb.MichaelKai.controller.login.LoginController', 'login', null, null, '', '1', '2019-08-07 11:19:47', '1', '2019-08-07 11:19:47');
INSERT INTO `tb_action_log` VALUES ('1158941816054222848', '', '00', '0:0:0:0:0:0:0:1', 'com.javaweb.MichaelKai.controller.login.LoginController', 'login', null, null, '', '1', '2019-08-07 11:23:55', '1', '2019-08-07 11:23:55');
INSERT INTO `tb_action_log` VALUES ('1158943265576325120', '', '00', '0:0:0:0:0:0:0:1', 'com.javaweb.MichaelKai.controller.login.LoginController', 'login', null, null, '', '1', '2019-08-07 11:29:41', '1', '2019-08-07 11:29:41');
INSERT INTO `tb_action_log` VALUES ('1158945013099532288', '', '00', '0:0:0:0:0:0:0:1', 'com.javaweb.MichaelKai.controller.login.LoginController', 'login', null, null, '', '1', '2019-08-07 11:36:37', '1', '2019-08-07 11:36:37');
INSERT INTO `tb_action_log` VALUES ('1158945691926663168', '', '00', '0:0:0:0:0:0:0:1', 'com.javaweb.MichaelKai.controller.login.LoginController', 'login', null, null, '', '1', '2019-08-07 11:39:19', '1', '2019-08-07 11:39:19');
INSERT INTO `tb_action_log` VALUES ('1158947029871890432', '', '00', '0:0:0:0:0:0:0:1', 'com.javaweb.MichaelKai.controller.login.LoginController', 'login', null, null, '', '1', '2019-08-07 11:44:38', '1', '2019-08-07 11:44:38');
INSERT INTO `tb_action_log` VALUES ('1158947289205706752', '', '00', '0:0:0:0:0:0:0:1', 'com.javaweb.MichaelKai.controller.login.LoginController', 'login', null, null, '', '1', '2019-08-07 11:45:40', '1', '2019-08-07 11:45:40');
INSERT INTO `tb_action_log` VALUES ('1159003773922840576', '', '00', '0:0:0:0:0:0:0:1', 'com.javaweb.MichaelKai.controller.login.LoginController', 'login', null, null, '', '1', '2019-08-07 15:30:07', '1', '2019-08-07 15:30:07');
INSERT INTO `tb_action_log` VALUES ('1159004005272260608', '', '02', '0:0:0:0:0:0:0:1', 'com.javaweb.MichaelKai.controller.UserController', 'addUser', null, null, '', '1', '2019-08-07 15:31:02', '1', '2019-08-07 15:31:02');
INSERT INTO `tb_action_log` VALUES ('1159006784715886592', '', '00', '0:0:0:0:0:0:0:1', 'com.javaweb.MichaelKai.controller.login.LoginController', 'login', null, null, '', '1', '2019-08-07 15:42:05', '1', '2019-08-07 15:42:05');
INSERT INTO `tb_action_log` VALUES ('1159006855276662784', '', '03', '0:0:0:0:0:0:0:1', 'com.javaweb.MichaelKai.controller.UserController', 'editUserById', null, null, '', '1', '2019-08-07 15:42:22', '1', '2019-08-07 15:42:22');
INSERT INTO `tb_action_log` VALUES ('1159007758402588672', '', '00', '0:0:0:0:0:0:0:1', 'com.javaweb.MichaelKai.controller.login.LoginController', 'login', null, null, '', '1', '2019-08-07 15:45:57', '1', '2019-08-07 15:45:57');
INSERT INTO `tb_action_log` VALUES ('1159007852589879296', '', '00', '0:0:0:0:0:0:0:1', 'com.javaweb.MichaelKai.controller.login.LoginController', 'login', null, null, '', '1', '2019-08-07 15:46:20', '1', '2019-08-07 15:46:20');
INSERT INTO `tb_action_log` VALUES ('1159021253022060544', '', '00', '0:0:0:0:0:0:0:1', 'com.javaweb.MichaelKai.controller.login.LoginController', 'login', null, null, '', '1', '2019-08-07 16:39:34', '1', '2019-08-07 16:39:34');
INSERT INTO `tb_action_log` VALUES ('1159021421486280704', '', '03', '0:0:0:0:0:0:0:1', 'com.javaweb.MichaelKai.controller.UserController', 'editUserById', null, null, '', '1', '2019-08-07 16:40:15', '1', '2019-08-07 16:40:15');
INSERT INTO `tb_action_log` VALUES ('1159021468324073472', '', '03', '0:0:0:0:0:0:0:1', 'com.javaweb.MichaelKai.controller.UserController', 'editUserById', null, null, '', '1', '2019-08-07 16:40:26', '1', '2019-08-07 16:40:26');
INSERT INTO `tb_action_log` VALUES ('1159021926983798784', '', '02', '0:0:0:0:0:0:0:1', 'com.javaweb.MichaelKai.controller.UserController', 'addUser', null, null, '', '1', '2019-08-07 16:42:15', '1', '2019-08-07 16:42:15');
INSERT INTO `tb_action_log` VALUES ('1159021953441468416', '', '04', '0:0:0:0:0:0:0:1', 'com.javaweb.MichaelKai.controller.UserController', 'deleteUserById', null, null, '', '1', '2019-08-07 16:42:21', '1', '2019-08-07 16:42:21');
INSERT INTO `tb_action_log` VALUES ('1159023264270520320', '', '00', '0:0:0:0:0:0:0:1', 'com.javaweb.MichaelKai.controller.login.LoginController', 'login', null, null, '', '1', '2019-08-07 16:47:34', '1', '2019-08-07 16:47:34');
INSERT INTO `tb_action_log` VALUES ('1159023757403230208', '', '00', '0:0:0:0:0:0:0:1', 'com.javaweb.MichaelKai.controller.login.LoginController', 'login', null, null, '', '1', '2019-08-07 16:49:32', '1', '2019-08-07 16:49:32');
INSERT INTO `tb_action_log` VALUES ('1159024408153690112', '', '00', '0:0:0:0:0:0:0:1', 'com.javaweb.MichaelKai.controller.login.LoginController', 'login', null, null, '', '1', '2019-08-07 16:52:07', '1', '2019-08-07 16:52:07');
INSERT INTO `tb_action_log` VALUES ('1159025552728920064', '', '00', '0:0:0:0:0:0:0:1', 'com.javaweb.MichaelKai.controller.login.LoginController', 'login', null, null, '', '1', '2019-08-07 16:56:40', '1', '2019-08-07 16:56:40');
INSERT INTO `tb_action_log` VALUES ('1159025830521868288', '', '00', '0:0:0:0:0:0:0:1', 'com.javaweb.MichaelKai.controller.login.LoginController', 'login', null, null, '', '1', '2019-08-07 16:57:46', '1', '2019-08-07 16:57:46');
INSERT INTO `tb_action_log` VALUES ('1159026897552805888', '', '00', '0:0:0:0:0:0:0:1', 'com.javaweb.MichaelKai.controller.login.LoginController', 'login', null, null, '', '1', '2019-08-07 17:02:00', '1', '2019-08-07 17:02:00');
INSERT INTO `tb_action_log` VALUES ('1159031598667141120', '', '00', '0:0:0:0:0:0:0:1', 'com.javaweb.MichaelKai.controller.login.LoginController', 'login', null, null, '', '1', '2019-08-07 17:20:41', '1', '2019-08-07 17:20:41');
INSERT INTO `tb_action_log` VALUES ('1159266019978645504', '', '00', '0:0:0:0:0:0:0:1', 'com.javaweb.MichaelKai.controller.login.LoginController', 'login', null, null, '', '1', '2019-08-08 08:52:11', '1', '2019-08-08 08:52:11');
INSERT INTO `tb_action_log` VALUES ('1159266078241722368', '', '00', '0:0:0:0:0:0:0:1', 'com.javaweb.MichaelKai.controller.login.LoginController', 'login', null, null, '', '1', '2019-08-08 08:52:25', '1', '2019-08-08 08:52:25');
INSERT INTO `tb_action_log` VALUES ('1159273721312186368', '', '00', '0:0:0:0:0:0:0:1', 'com.javaweb.MichaelKai.controller.login.LoginController', 'login', null, null, '', '1', '2019-08-08 09:22:48', '1', '2019-08-08 09:22:48');
INSERT INTO `tb_action_log` VALUES ('1159277353453621248', '', '00', '0:0:0:0:0:0:0:1', 'com.javaweb.MichaelKai.controller.login.LoginController', 'login', null, null, '', '1', '2019-08-08 09:37:14', '1', '2019-08-08 09:37:14');
INSERT INTO `tb_action_log` VALUES ('1159277692911226880', '', '00', '0:0:0:0:0:0:0:1', 'com.javaweb.MichaelKai.controller.login.LoginController', 'login', null, null, '', '1', '2019-08-08 09:38:34', '1', '2019-08-08 09:38:34');
INSERT INTO `tb_action_log` VALUES ('1159278445943984128', '', '00', '0:0:0:0:0:0:0:1', 'com.javaweb.MichaelKai.controller.login.LoginController', 'login', null, null, '', '1', '2019-08-08 09:41:34', '1', '2019-08-08 09:41:34');
INSERT INTO `tb_action_log` VALUES ('1159279241322434560', '', '00', '0:0:0:0:0:0:0:1', 'com.javaweb.MichaelKai.controller.login.LoginController', 'login', null, null, '', '1', '2019-08-08 09:44:44', '1', '2019-08-08 09:44:44');
INSERT INTO `tb_action_log` VALUES ('1159280109220401152', '', '00', '0:0:0:0:0:0:0:1', 'com.javaweb.MichaelKai.controller.login.LoginController', 'login', null, null, '', '1', '2019-08-08 09:48:11', '1', '2019-08-08 09:48:11');
INSERT INTO `tb_action_log` VALUES ('1159280581675192320', '', '00', '0:0:0:0:0:0:0:1', 'com.javaweb.MichaelKai.controller.login.LoginController', 'login', null, null, '', '1', '2019-08-08 09:50:03', '1', '2019-08-08 09:50:03');
INSERT INTO `tb_action_log` VALUES ('1159281278328115200', '', '00', '0:0:0:0:0:0:0:1', 'com.javaweb.MichaelKai.controller.login.LoginController', 'login', null, null, '', '1', '2019-08-08 09:52:49', '1', '2019-08-08 09:52:49');
INSERT INTO `tb_action_log` VALUES ('1159281883973029888', '', '00', '0:0:0:0:0:0:0:1', 'com.javaweb.MichaelKai.controller.login.LoginController', 'login', null, null, '', '1', '2019-08-08 09:55:14', '1', '2019-08-08 09:55:14');
INSERT INTO `tb_action_log` VALUES ('1159282060318347264', '', '00', '0:0:0:0:0:0:0:1', 'com.javaweb.MichaelKai.controller.login.LoginController', 'login', null, null, '', '1', '2019-08-08 09:55:56', '1', '2019-08-08 09:55:56');
INSERT INTO `tb_action_log` VALUES ('1159282327034138624', '', '00', '0:0:0:0:0:0:0:1', 'com.javaweb.MichaelKai.controller.login.LoginController', 'login', null, null, '', '1', '2019-08-08 09:56:59', '1', '2019-08-08 09:56:59');
INSERT INTO `tb_action_log` VALUES ('1159282786394312704', '', '00', '0:0:0:0:0:0:0:1', 'com.javaweb.MichaelKai.controller.login.LoginController', 'login', null, null, '', '1', '2019-08-08 09:58:49', '1', '2019-08-08 09:58:49');
INSERT INTO `tb_action_log` VALUES ('1159287210684583936', '', '00', '0:0:0:0:0:0:0:1', 'com.javaweb.MichaelKai.controller.login.LoginController', 'login', null, null, '', '1', '2019-08-08 10:16:24', '1', '2019-08-08 10:16:24');
INSERT INTO `tb_action_log` VALUES ('1159287478658666496', '', '00', '0:0:0:0:0:0:0:1', 'com.javaweb.MichaelKai.controller.login.LoginController', 'login', null, null, '', '1', '2019-08-08 10:17:28', '1', '2019-08-08 10:17:28');
INSERT INTO `tb_action_log` VALUES ('1159287535319519232', '', '00', '0:0:0:0:0:0:0:1', 'com.javaweb.MichaelKai.controller.login.LoginController', 'login', null, null, '', '1', '2019-08-08 10:17:41', '1', '2019-08-08 10:17:41');
INSERT INTO `tb_action_log` VALUES ('1159288137688682496', '', '00', '0:0:0:0:0:0:0:1', 'com.javaweb.MichaelKai.controller.login.LoginController', 'login', null, null, '', '1', '2019-08-08 10:20:05', '1', '2019-08-08 10:20:05');
INSERT INTO `tb_action_log` VALUES ('1159288718062915584', '', '00', '0:0:0:0:0:0:0:1', 'com.javaweb.MichaelKai.controller.login.LoginController', 'login', null, null, '', '1', '2019-08-08 10:22:23', '1', '2019-08-08 10:22:23');
INSERT INTO `tb_action_log` VALUES ('1159340836920627200', '', '00', '0:0:0:0:0:0:0:1', 'com.javaweb.MichaelKai.controller.login.LoginController', 'login', null, null, '', '1', '2019-08-08 13:49:29', '1', '2019-08-08 13:49:29');
INSERT INTO `tb_action_log` VALUES ('1159344899204714496', '', '00', '0:0:0:0:0:0:0:1', 'com.javaweb.MichaelKai.controller.login.LoginController', 'login', null, null, '', '1', '2019-08-08 14:05:38', '1', '2019-08-08 14:05:38');
INSERT INTO `tb_action_log` VALUES ('1159345735192416256', '', '00', '0:0:0:0:0:0:0:1', 'com.javaweb.MichaelKai.controller.login.LoginController', 'login', null, null, '', '1', '2019-08-08 14:08:57', '1', '2019-08-08 14:08:57');
INSERT INTO `tb_action_log` VALUES ('1159345917539782656', '', '00', '0:0:0:0:0:0:0:1', 'com.javaweb.MichaelKai.controller.login.LoginController', 'login', null, null, '', '1', '2019-08-08 14:09:41', '1', '2019-08-08 14:09:41');
INSERT INTO `tb_action_log` VALUES ('1159345992651378688', '', '00', '0:0:0:0:0:0:0:1', 'com.javaweb.MichaelKai.controller.login.LoginController', 'login', null, null, '', '1', '2019-08-08 14:09:58', '1', '2019-08-08 14:09:58');
INSERT INTO `tb_action_log` VALUES ('1159346409573584896', '', '00', '0:0:0:0:0:0:0:1', 'com.javaweb.MichaelKai.controller.login.LoginController', 'login', null, null, '', '1', '2019-08-08 14:11:38', '1', '2019-08-08 14:11:38');
INSERT INTO `tb_action_log` VALUES ('1159346931324030976', '', '00', '0:0:0:0:0:0:0:1', 'com.javaweb.MichaelKai.controller.login.LoginController', 'login', null, null, '', '1', '2019-08-08 14:13:42', '1', '2019-08-08 14:13:42');
INSERT INTO `tb_action_log` VALUES ('1159348234745942016', '', '00', '0:0:0:0:0:0:0:1', 'com.javaweb.MichaelKai.controller.login.LoginController', 'login', null, null, '', '1', '2019-08-08 14:18:53', '1', '2019-08-08 14:18:53');
INSERT INTO `tb_action_log` VALUES ('1159348876134715392', '', '00', '0:0:0:0:0:0:0:1', 'com.javaweb.MichaelKai.controller.login.LoginController', 'login', null, null, '', '1', '2019-08-08 14:21:26', '1', '2019-08-08 14:21:26');
INSERT INTO `tb_action_log` VALUES ('1159349076228182016', '', '00', '0:0:0:0:0:0:0:1', 'com.javaweb.MichaelKai.controller.login.LoginController', 'login', null, null, '', '1159004004836052992', '2019-08-08 14:22:14', '1159004004836052992', '2019-08-08 14:22:14');
INSERT INTO `tb_action_log` VALUES ('1159349123590262784', '', '00', '0:0:0:0:0:0:0:1', 'com.javaweb.MichaelKai.controller.login.LoginController', 'login', null, null, '', '1', '2019-08-08 14:22:25', '1', '2019-08-08 14:22:25');
INSERT INTO `tb_action_log` VALUES ('1159363661576409088', '', '00', '0:0:0:0:0:0:0:1', 'com.javaweb.MichaelKai.controller.login.LoginController', 'login', null, null, '', '1', '2019-08-08 15:20:11', '1', '2019-08-08 15:20:11');
INSERT INTO `tb_action_log` VALUES ('1159364160367235072', '', '00', '0:0:0:0:0:0:0:1', 'com.javaweb.MichaelKai.controller.login.LoginController', 'login', null, null, '', '1159004004836052992', '2019-08-08 15:22:10', '1159004004836052992', '2019-08-08 15:22:10');
INSERT INTO `tb_action_log` VALUES ('1159364385177735168', '', '00', '0:0:0:0:0:0:0:1', 'com.javaweb.MichaelKai.controller.login.LoginController', 'login', null, null, '', '1159004004836052992', '2019-08-08 15:23:04', '1159004004836052992', '2019-08-08 15:23:04');
INSERT INTO `tb_action_log` VALUES ('1159365829553426432', '', '00', '0:0:0:0:0:0:0:1', 'com.javaweb.MichaelKai.controller.login.LoginController', 'login', null, null, '', '1159004004836052992', '2019-08-08 15:28:48', '1159004004836052992', '2019-08-08 15:28:48');
INSERT INTO `tb_action_log` VALUES ('1159367249186918400', '', '00', '0:0:0:0:0:0:0:1', 'com.javaweb.MichaelKai.controller.login.LoginController', 'login', null, null, '', '1159004004836052992', '2019-08-08 15:34:26', '1159004004836052992', '2019-08-08 15:34:26');
INSERT INTO `tb_action_log` VALUES ('1159379696748728320', '', '00', '0:0:0:0:0:0:0:1', 'com.javaweb.MichaelKai.controller.login.LoginController', 'login', null, null, '', '1', '2019-08-08 16:23:54', '1', '2019-08-08 16:23:54');
INSERT INTO `tb_action_log` VALUES ('1159379751043993600', '', '00', '0:0:0:0:0:0:0:1', 'com.javaweb.MichaelKai.controller.login.LoginController', 'login', null, null, '', '1159004004836052992', '2019-08-08 16:24:07', '1159004004836052992', '2019-08-08 16:24:07');
INSERT INTO `tb_action_log` VALUES ('1159379843524202496', '', '00', '0:0:0:0:0:0:0:1', 'com.javaweb.MichaelKai.controller.login.LoginController', 'login', null, null, '', '1', '2019-08-08 16:24:29', '1', '2019-08-08 16:24:29');
INSERT INTO `tb_action_log` VALUES ('1159381032319979520', '', '00', '0:0:0:0:0:0:0:1', 'com.javaweb.MichaelKai.controller.login.LoginController', 'login', null, null, '', '1', '2019-08-08 16:29:13', '1', '2019-08-08 16:29:13');
INSERT INTO `tb_action_log` VALUES ('1159381716507430912', '', '00', '0:0:0:0:0:0:0:1', 'com.javaweb.MichaelKai.controller.login.LoginController', 'login', null, null, '', '1', '2019-08-08 16:31:56', '1', '2019-08-08 16:31:56');
INSERT INTO `tb_action_log` VALUES ('1159382310781587456', '', '00', '0:0:0:0:0:0:0:1', 'com.javaweb.MichaelKai.controller.login.LoginController', 'login', null, null, '', '1', '2019-08-08 16:34:17', '1', '2019-08-08 16:34:17');
INSERT INTO `tb_action_log` VALUES ('1159382370307149824', '', '00', '0:0:0:0:0:0:0:1', 'com.javaweb.MichaelKai.controller.login.LoginController', 'login', null, null, '', '1', '2019-08-08 16:34:32', '1', '2019-08-08 16:34:32');
INSERT INTO `tb_action_log` VALUES ('1159382769374203904', '', '00', '0:0:0:0:0:0:0:1', 'com.javaweb.MichaelKai.controller.login.LoginController', 'login', null, null, '', '1', '2019-08-08 16:36:07', '1', '2019-08-08 16:36:07');
INSERT INTO `tb_action_log` VALUES ('1159383568275869696', '', '00', '0:0:0:0:0:0:0:1', 'com.javaweb.MichaelKai.controller.login.LoginController', 'login', null, null, '', '1', '2019-08-08 16:39:17', '1', '2019-08-08 16:39:17');
INSERT INTO `tb_action_log` VALUES ('1159383627491053568', '', '00', '0:0:0:0:0:0:0:1', 'com.javaweb.MichaelKai.controller.login.LoginController', 'login', null, null, '', '1', '2019-08-08 16:39:31', '1', '2019-08-08 16:39:31');
INSERT INTO `tb_action_log` VALUES ('1159384030744023040', '', '00', '0:0:0:0:0:0:0:1', 'com.javaweb.MichaelKai.controller.login.LoginController', 'login', null, null, '', '1', '2019-08-08 16:41:07', '1', '2019-08-08 16:41:07');
INSERT INTO `tb_action_log` VALUES ('1159384993760415744', '', '00', '127.0.0.1', 'com.javaweb.MichaelKai.controller.login.LoginController', 'login', null, null, '', '1', '2019-08-08 16:44:57', '1', '2019-08-08 16:44:57');
INSERT INTO `tb_action_log` VALUES ('1159385574923177984', '', '00', '0:0:0:0:0:0:0:1', 'com.javaweb.MichaelKai.controller.login.LoginController', 'login', null, null, '', '1', '2019-08-08 16:47:16', '1', '2019-08-08 16:47:16');
INSERT INTO `tb_action_log` VALUES ('1159385916184334336', '', '00', '0:0:0:0:0:0:0:1', 'com.javaweb.MichaelKai.controller.login.LoginController', 'login', null, null, '', '1', '2019-08-08 16:48:37', '1', '2019-08-08 16:48:37');
INSERT INTO `tb_action_log` VALUES ('1159387017470152704', '', '00', '0:0:0:0:0:0:0:1', 'com.javaweb.MichaelKai.controller.login.LoginController', 'login', null, null, '', '1', '2019-08-08 16:52:59', '1', '2019-08-08 16:52:59');

-- ----------------------------
-- Table structure for `tb_attachment`
-- ----------------------------
DROP TABLE IF EXISTS `tb_attachment`;
CREATE TABLE `tb_attachment` (
  `id` varchar(32) NOT NULL COMMENT '',
  `attach_md5` varchar(300) DEFAULT NULL COMMENT 'md5',
  `attach_sha1` varchar(300) DEFAULT NULL COMMENT 'SHA1',
  `attach_origin_title` varchar(255) DEFAULT NULL COMMENT '',
  `attach_utily` varchar(255) DEFAULT NULL COMMENT '',
  `attach_type` int(11) DEFAULT NULL COMMENT '01',
  `attach_name` varchar(300) DEFAULT NULL COMMENT '',
  `attach_size` bigint(20) DEFAULT NULL COMMENT '',
  `attach_postfix` varchar(32) DEFAULT NULL COMMENT '',
  `attachment` varchar(255) DEFAULT NULL COMMENT '',
  `remark` varchar(255) DEFAULT NULL COMMENT '',
  `status` int(4) DEFAULT '1' COMMENT ':0   1 ',
  `create_user_id` varchar(32) DEFAULT NULL COMMENT '',
  `create_time` datetime DEFAULT NULL COMMENT '',
  `update_user_id` varchar(32) DEFAULT NULL COMMENT '',
  `update_time` datetime DEFAULT NULL COMMENT '',
  `attach_path` varchar(300) DEFAULT NULL COMMENT '',
  PRIMARY KEY (`id`)
) ENGINE=InnoDB DEFAULT CHARSET=utf8mb4;

-- ----------------------------
-- Records of tb_attachment
-- ----------------------------
INSERT INTO `tb_attachment` VALUES ('1128210879683366912', '6ac7b4104812c347629e25f05a389fb9', 'f75871bccd947c749159bcae999a05432f78b51f', null, null, '0', '1128210787962314752.jpg', '13626', null, null, null, '1', null, null, null, null, '/upload/pictrue/20190514/1128210787962314752.jpg');
INSERT INTO `tb_attachment` VALUES ('1128491268444393472', '378d19cb47a5193ca009a1ba400bdc9', 'd699bffdcd418e728a42fbac2c387c05b6223fd9', null, null, '0', '1128491257161601024.png', '44843', null, null, null, '1', null, null, null, null, '/upload/pictrue/20190515/1128491257161601024.png');
INSERT INTO `tb_attachment` VALUES ('1128492759645294592', '4c256eb3e969a6cf5711b8c29b1c8d8a', '16dfe0ed27eac42e9279afac926847cf6819ce5d', null, null, '0', '1128492759603236864.jpg', '9403', null, null, null, '1', null, null, null, null, '/upload/pictrue/20190515/1128492759603236864.jpg');
INSERT INTO `tb_attachment` VALUES ('1128495779309293568', '55c7a56756104a08dd38d4f4215b7dad', 'af674d83608bc10ec3fef10772a69ade01fdbec8', null, null, '0', '1128495779254693888.jpg', '11449', null, null, null, '1', null, null, null, null, '/upload/pictrue/20190515/1128495779254693888.jpg');
INSERT INTO `tb_attachment` VALUES ('1128501069295521792', '89710429816002094d0405f316b2460f', 'e0b65b4e48e8a523b024e3be6a5722a756d55c79', null, null, '0', '1128501069257654272.jpg', '10594', null, null, null, '1', null, null, null, null, '/upload/pictrue/20190515/1128501069257654272.jpg');
INSERT INTO `tb_attachment` VALUES ('1128507361670074368', '361729fbaa4352f0ad5f9dfbb2a030c4', '533ca201124aef6a46514b977ac806ca75ed8e93', null, null, '0', '1128507361636401152.jpg', '23449', null, null, null, '1', null, null, null, null, '/upload/pictrue/20190515/1128507361636401152.jpg');
INSERT INTO `tb_attachment` VALUES ('1128545010325786624', '4a65b94e18002e27f9c503c90682140e', 'a6d9a95ed104092be6dbaf46acd9ca16e9c591c5', null, null, '0', '1128545010287910912.png', '10732', '.jpg', null, null, '1', null, null, null, null, '/upload/pictrue/20190515/1128545010287910912.png');
INSERT INTO `tb_attachment` VALUES ('1133986584283189248', '26f2ca11014dc27987c6914053bed1bd', '25f863a438d97c644ce4b68f70f0844eb7bc877', '.png', null, '0', 'c340601e992c41a4a7a17cf852f46224.png', '95957', '.png', null, null, '1', '1', '2019-05-30 14:40:44', '1', '2019-05-30 14:40:44', 'E:/upload/picture/20190530/c340601e992c41a4a7a17cf852f46224.png');
INSERT INTO `tb_attachment` VALUES ('1134015228053426176', 'ca766d074dce1e09e5da4da1f3ae16ff', '28514bfb91fd54aab0b35dd1cedf9765416027fd', 'u=4254164563,3923686114&fm=27&gp=0.jpg', null, '0', '2536c01f081e4a2aab43f733eea60d1e.jpg', '14025', '.jpg', null, null, '1', '1', '2019-05-30 16:34:34', '1', '2019-05-30 16:34:34', 'E:/upload/picture/20190530/2536c01f081e4a2aab43f733eea60d1e.jpg');
INSERT INTO `tb_attachment` VALUES ('1134018357012598784', 'cd8084762a71872a55fea2f0a523042b', '1720195243a61a1562e28d96a8f7b782416dceb9', '01f9ea56e282836ac72531cbe0233b.jpg@2o.jpg', null, '0', '157f5b9707024b43b3141c73c0f85775.jpg', '12480', '.jpg', null, null, '1', '1', '2019-05-30 16:47:00', '1', '2019-05-30 16:47:00', 'E:/upload/picture/20190530/157f5b9707024b43b3141c73c0f85775.jpg');
INSERT INTO `tb_attachment` VALUES ('1134018582863286272', 'b2ff6ee1fe2fe8c683e180e6c09310e9', '4979a710463dd40fc58370cfd6742566d295c179', '01f9ea56e282836ac72531cbe0233b.jpg@2o.jpg', null, '0', '6b21b39aa5dc461a8fcf414c0b989e8e.jpg', '12220', '.jpg', null, null, '1', '1', '2019-05-30 16:47:53', '1', '2019-05-30 16:47:53', 'E:/upload/picture/20190530/6b21b39aa5dc461a8fcf414c0b989e8e.jpg');
INSERT INTO `tb_attachment` VALUES ('1134018626098171904', '43acd536a98b5dac8b8e7aba9d3ac052', 'fc7256129819fd2d443abacb2206c53c86c252d3', '01f9ea56e282836ac72531cbe0233b.jpg@2o.jpg', null, '0', '30215952ab014b2aa37d87f9335112a8.jpg', '15668', '.jpg', null, null, '1', '1', '2019-05-30 16:48:04', '1', '2019-05-30 16:48:04', 'E:/upload/picture/20190530/30215952ab014b2aa37d87f9335112a8.jpg');
INSERT INTO `tb_attachment` VALUES ('1134019054709903360', 'a35d3986cd88993765e55a773d92b449', '8fec3ed9ab1e8ab9ec9a6227093ccf416f032ba', '1.jpg', null, '0', '1087fe017df94fcc8aa5ec2ca3172708.jpg', '33237', '.jpg', null, null, '1', '1', '2019-05-30 16:49:46', '1', '2019-05-30 16:49:46', 'E:/upload/picture/20190530/1087fe017df94fcc8aa5ec2ca3172708.jpg');
INSERT INTO `tb_attachment` VALUES ('1134019258079121408', 'a7b5d3cb7004a93679f975b25be8da86', '5656908a105dd14c2ffd344db248d0a4f4efbf84', '2.jpg', null, '0', '696743b29ffc4bf49941168e30cbeaf1.jpg', '19612', '.jpg', null, null, '1', '1', '2019-05-30 16:50:34', '1', '2019-05-30 16:50:34', 'E:/upload/picture/20190530/696743b29ffc4bf49941168e30cbeaf1.jpg');
INSERT INTO `tb_attachment` VALUES ('1134022253432934400', '5422c7413e4488e417d523ad9e211070', '591b307f07df42ade29ce82ffefa28fc4ef29c99', 'banner1.png', null, '0', '075e2727e62644db819c291f0226a65b.png', '122694', '.png', null, null, '1', '1', '2019-05-30 17:02:28', '1', '2019-05-30 17:02:28', 'E:/upload/picture/20190530/075e2727e62644db819c291f0226a65b.png');
INSERT INTO `tb_attachment` VALUES ('1134022378054094848', '9d14ecef1142810b6aeeca938a1c824f', '112d4223121cb28862dd41f404026e8b25d0fe24', 'banner2.jpg', null, '0', 'f70d31792dcd40f9b8897ec39eb9bbd5.jpg', '15565', '.jpg', null, null, '1', '1', '2019-05-30 17:02:58', '1', '2019-05-30 17:02:58', 'E:/upload/picture/20190530/f70d31792dcd40f9b8897ec39eb9bbd5.jpg');
INSERT INTO `tb_attachment` VALUES ('1134025354487402496', '557ec9efe77a43fa2d3103e4cfb376ed', 'c41a0518afab756ed74f5a8b5d8cd1d474d98ee2', 'banner3.jpg', null, '0', '04b140014df840a3b95d2522d488bb7c.jpg', '28128', '.jpg', null, null, '1', '1', '2019-05-30 17:14:48', '1', '2019-05-30 17:14:48', 'E:/upload/picture/20190530/04b140014df840a3b95d2522d488bb7c.jpg');
INSERT INTO `tb_attachment` VALUES ('1134027542974566401', '2e5b142962fb0c531775f93cb81a6a9d', '406bfcf53afbf9f863ac327c9b44f4861a0cbbdc', '.jpg', null, '0', '6b11b3fd451444aea1f8e8aeab4c0b45.jpg', '16991', '.jpg', null, null, '1', '1', '2019-05-30 17:23:30', '1', '2019-05-30 17:23:30', 'E:/upload/picture/20190530/6b11b3fd451444aea1f8e8aeab4c0b45.jpg');
INSERT INTO `tb_attachment` VALUES ('1134028949656047616', 'fbf7d714bd4182d6ecb32ae2aa19d340', '21e16c50d63586f60897a7aca1f40f968936429f', 'u=4254164563,3923686114&fm=27&gp=0.jpg', null, '0', 'cfde4ac4d8a3421f89e485b51c83fc30.jpg', '13613', '.jpg', null, null, '1', '1', '2019-05-30 17:29:05', '1', '2019-05-30 17:29:05', 'E:/upload/picture/20190530/cfde4ac4d8a3421f89e485b51c83fc30.jpg');
INSERT INTO `tb_attachment` VALUES ('1134258260426231808', 'abceb038216a3dddbf811a7a623dad10', '95ff783165d3ecc4d5fd2127ea0f1945ed8a9d5b', 'u=4254164563,3923686114&fm=27&gp=0.jpg', null, '0', '114fe4651c464c86adf6deb02f4dde81.jpg', '13785', '.jpg', null, null, '1', '1', '2019-05-31 08:40:17', '1', '2019-05-31 08:40:17', 'E:/upload/picture/20190531/114fe4651c464c86adf6deb02f4dde81.jpg');
INSERT INTO `tb_attachment` VALUES ('1137965258275688448', '351ca25375a36acbb73adaf943027fd2', 'ef1a0a76d88816ff09184e5b73b100dc4e400513', '008.jpg', null, '0', 'f47053b85d28418aaa030f2e5658bc67.jpg', '14906', '.jpg', null, null, '1', '1', '2019-06-10 14:10:34', '1', '2019-06-10 14:10:34', 'E:/upload/picture/20190610/f47053b85d28418aaa030f2e5658bc67.jpg');
INSERT INTO `tb_attachment` VALUES ('1138321962590932992', 'c29d19675851d25b8d8d1a618e60795c', 'b1bcc518da91546a1a06dd1565ca0ee3cde5341d', 'TIM20190606105512.jpg', null, '0', '1946a757bfd04210a76604672bd784ad.jpg', '27497', '.jpg', null, null, '1', '1', '2019-06-11 13:47:59', '1', '2019-06-11 13:47:59', 'E:/upload/picture/20190611/1946a757bfd04210a76604672bd784ad.jpg');
INSERT INTO `tb_attachment` VALUES ('1138362829003427840', '73be7ffd0a780e6871546515872ddd4f', 'fa830dfee3dab8d72ea6051f43a02321ebd0c30b', '01f9ea56e282836ac72531cbe0233b.jpg@2o.jpg', null, '0', '8c64389575634db6a181e6a324a9e8ef.jpg', '19080', '.jpg', null, null, '1', '1133293016937795584', '2019-06-11 16:30:22', '1133293016937795584', '2019-06-11 16:30:22', 'E:/upload/picture/20190611/8c64389575634db6a181e6a324a9e8ef.jpg');
INSERT INTO `tb_attachment` VALUES ('1138733066584461312', '3acfaea5a847c7216f02df314c967070', '36fa0e6e076c1ae7ad2ff96e57be6a0551e93e2e', '01f9ea56e282836ac72531cbe0233b.jpg@2o.jpg', null, '0', '1fe47db7cd4446f0aa2551b199749313.jpg', '388084', '.jpg', null, null, '1', '1', '2019-06-12 17:01:34', '1', '2019-06-12 17:01:34', 'E:/upload/picture/20190612/1fe47db7cd4446f0aa2551b199749313.jpg');
INSERT INTO `tb_attachment` VALUES ('1141537962945810432', '3436aa3715153c2589ae96dc35772183', '16bd3c299da2fad10fdba43e51febb398d354951', '2.jpg', null, '2', 'aa2c1b1342704fc8983dd6d2f105ac2a.jpg', '10596', '.jpg', null, null, '1', '1', '2019-06-20 10:47:13', '1', '2019-06-20 10:47:13', 'E:/upload/cloudDisk/cloudDisk/20190620/aa2c1b1342704fc8983dd6d2f105ac2a.jpg');

-- ----------------------------
-- Table structure for `tb_dict`
-- ----------------------------
DROP TABLE IF EXISTS `tb_dict`;
CREATE TABLE `tb_dict` (
  `id` varchar(36) NOT NULL COMMENT '',
  `dic_code` varchar(36) DEFAULT NULL COMMENT '',
  `dic_name` varchar(255) DEFAULT NULL COMMENT '',
  `remark` varchar(255) DEFAULT NULL,
  `status` int(4) DEFAULT '1' COMMENT ':0   1 ',
  `create_user_id` varchar(32) DEFAULT NULL COMMENT '',
  `create_time` datetime DEFAULT NULL COMMENT '',
  `update_user_id` varchar(32) DEFAULT NULL COMMENT '',
  `update_time` datetime DEFAULT NULL COMMENT '',
  PRIMARY KEY (`id`)
) ENGINE=InnoDB DEFAULT CHARSET=utf8mb4 COMMENT='';

-- ----------------------------
-- Records of tb_dict
-- ----------------------------
INSERT INTO `tb_dict` VALUES ('1131846342956683264', 'MENU_TYPE', '', '', '1', null, null, null, null);
INSERT INTO `tb_dict` VALUES ('1132815871576772608', 'STATUS_TYPE', '', '', '1', null, null, null, null);
INSERT INTO `tb_dict` VALUES ('1133272672818565120', 'EDUCATION_TYPE', '', '', '1', null, null, null, null);
INSERT INTO `tb_dict` VALUES ('1133662048857755648', 'SEX_TYPE', '', '', '1', null, null, null, null);
INSERT INTO `tb_dict` VALUES ('1134387003094339584', 'LOG_TYPE', '', '', '1', '1', '2019-05-31 17:11:52', '1', '2019-05-31 17:11:52');
INSERT INTO `tb_dict` VALUES ('1138289691280412672', 'JUDGE_TYPE', '0 1', '', '1', '1', '2019-06-11 11:39:45', '1', '2019-06-11 11:39:45');
INSERT INTO `tb_dict` VALUES ('1138290276561981440', 'NOTICE_PRIORITY', '', '', '1', '1', '2019-06-11 11:42:05', '1', '2019-06-11 11:42:05');

-- ----------------------------
-- Table structure for `tb_dict_item`
-- ----------------------------
DROP TABLE IF EXISTS `tb_dict_item`;
CREATE TABLE `tb_dict_item` (
  `id` varchar(32) NOT NULL COMMENT '',
  `dic_id` varchar(32) DEFAULT NULL COMMENT '',
  `item_code` varchar(2) DEFAULT NULL COMMENT '',
  `item_name` varchar(255) DEFAULT NULL COMMENT '',
  `item_sort` int(11) DEFAULT NULL COMMENT '',
  `remark` varchar(255) DEFAULT NULL,
  `status` int(4) DEFAULT '1' COMMENT ':0   1 ',
  `create_user_id` varchar(32) DEFAULT NULL COMMENT '',
  `create_time` datetime DEFAULT NULL COMMENT '',
  `update_user_id` varchar(32) DEFAULT NULL COMMENT '',
  `update_time` datetime DEFAULT NULL COMMENT '',
  PRIMARY KEY (`id`)
) ENGINE=InnoDB DEFAULT CHARSET=utf8mb4 COMMENT='';

-- ----------------------------
-- Records of tb_dict_item
-- ----------------------------
INSERT INTO `tb_dict_item` VALUES ('1132815766790475776', '1131846342956683264', '1', '', '1', '', '1', null, null, null, null);
INSERT INTO `tb_dict_item` VALUES ('1132816313589305344', '1131846342956683264', '2', '', '2', '', '1', null, null, null, null);
INSERT INTO `tb_dict_item` VALUES ('1132819129217191936', '1131846342956683264', '3', '', '3', '', '1', null, null, null, null);
INSERT INTO `tb_dict_item` VALUES ('1132835967078633472', '1132815871576772608', '0', '', '1', '', '1', null, null, null, null);
INSERT INTO `tb_dict_item` VALUES ('1132835999861313536', '1132815871576772608', '1', '', '2', '', '1', null, null, null, null);
INSERT INTO `tb_dict_item` VALUES ('1132836056564109312', '1132815871576772608', '2', '', '3', '', '1', null, null, null, null);
INSERT INTO `tb_dict_item` VALUES ('1133272731014533120', '1133272672818565120', '0', '', '1', '', '1', null, null, null, null);
INSERT INTO `tb_dict_item` VALUES ('1133272788665241600', '1133272672818565120', '1', '', '2', '', '1', null, null, null, null);
INSERT INTO `tb_dict_item` VALUES ('1133272844373987328', '1133272672818565120', '2', '', '3', '', '1', null, null, null, null);
INSERT INTO `tb_dict_item` VALUES ('1133272911784841216', '1133272672818565120', '3', '', '4', '', '1', null, null, null, null);
INSERT INTO `tb_dict_item` VALUES ('1133272973155897344', '1133272672818565120', '4', '', '5', '', '1', null, null, null, null);
INSERT INTO `tb_dict_item` VALUES ('1133273042785538048', '1133272672818565120', '5', '', '6', '', '1', null, null, null, null);
INSERT INTO `tb_dict_item` VALUES ('1133273095189172224', '1133272672818565120', '6', '', '7', '', '1', null, null, null, null);
INSERT INTO `tb_dict_item` VALUES ('1133662098631561216', '1133662048857755648', '0', '', '1', '', '1', null, null, null, null);
INSERT INTO `tb_dict_item` VALUES ('1133662141627371520', '1133662048857755648', '1', '', '2', '', '1', null, null, null, null);
INSERT INTO `tb_dict_item` VALUES ('1134388841571028992', '1134387003094339584', '00', '', '1', '', '1', '1', '2019-05-31 17:19:10', '1', '2019-05-31 17:19:10');
INSERT INTO `tb_dict_item` VALUES ('1134388922223300608', '1134387003094339584', '01', '', '2', '', '1', '1', '2019-05-31 17:19:29', '1', '2019-05-31 17:19:29');
INSERT INTO `tb_dict_item` VALUES ('1134388980910002176', '1134387003094339584', '02', '', '3', '', '1', '1', '2019-05-31 17:19:43', '1', '2019-05-31 17:19:43');
INSERT INTO `tb_dict_item` VALUES ('1134389044424347648', '1134387003094339584', '03', '', '4', '', '1', '1', '2019-05-31 17:19:58', '1', '2019-05-31 17:19:58');
INSERT INTO `tb_dict_item` VALUES ('1134389104386117632', '1134387003094339584', '04', '', '5', '', '1', '1', '2019-05-31 17:20:13', '1', '2019-05-31 17:20:13');
INSERT INTO `tb_dict_item` VALUES ('1138289759320412160', '1138289691280412672', '0', '', '1', '', '1', '1', '2019-06-11 11:40:01', '1', '2019-06-11 11:40:01');
INSERT INTO `tb_dict_item` VALUES ('1138289792396693504', '1138289691280412672', '1', '', '2', '', '1', '1', '2019-06-11 11:40:09', '1', '2019-06-11 11:40:09');
INSERT INTO `tb_dict_item` VALUES ('1138290579889852416', '1138290276561981440', '0', '', '1', '', '1', '1', '2019-06-11 11:43:17', '1', '2019-06-11 11:45:43');
INSERT INTO `tb_dict_item` VALUES ('1138290725583196160', '1138290276561981440', '1', '', '2', '', '1', '1', '2019-06-11 11:43:52', '1', '2019-06-11 11:45:59');
INSERT INTO `tb_dict_item` VALUES ('1138290794495610880', '1138290276561981440', '2', '', '3', '', '1', '1', '2019-06-11 11:44:08', '1', '2019-06-11 11:44:08');
INSERT INTO `tb_dict_item` VALUES ('1138290844122615808', '1138290276561981440', '3', '', '4', '', '1', '1', '2019-06-11 11:44:20', '1', '2019-06-11 11:44:20');

-- ----------------------------
-- Table structure for `tb_hot_post`
-- ----------------------------
DROP TABLE IF EXISTS `tb_hot_post`;
CREATE TABLE `tb_hot_post` (
  `id` varchar(32) NOT NULL COMMENT '',
  `title` text COMMENT '',
  `content` text COMMENT '',
  `type` int(4) DEFAULT NULL COMMENT '',
  `sort` int(4) DEFAULT NULL COMMENT '',
  `remark` varchar(200) DEFAULT NULL COMMENT '',
  `status` int(4) DEFAULT '1' COMMENT ':0   1 ',
  `create_user_id` varchar(32) DEFAULT NULL COMMENT '',
  `create_time` datetime DEFAULT NULL COMMENT '',
  `update_user_id` varchar(32) DEFAULT NULL COMMENT '',
  `update_time` datetime DEFAULT NULL COMMENT '',
  PRIMARY KEY (`id`)
) ENGINE=InnoDB DEFAULT CHARSET=utf8mb4 COMMENT='';

-- ----------------------------
-- Records of tb_hot_post
-- ----------------------------
INSERT INTO `tb_hot_post` VALUES ('1145986664083099648', '', '', '0', '1', null, '1', '-1', '2019-07-02 17:24:46', '-1', '2019-07-02 17:24:46');
INSERT INTO `tb_hot_post` VALUES ('1145986957822791680', '40', '', '0', '1', null, '1', '-1', '2019-07-02 17:25:56', '-1', '2019-07-02 17:25:56');
INSERT INTO `tb_hot_post` VALUES ('1145987120054276096', ' ', '713', '0', '1', null, '1', '-1', '2019-07-02 17:26:35', '-1', '2019-07-02 17:26:35');
INSERT INTO `tb_hot_post` VALUES ('1145987258059460608', ' 145', '', '0', '1', null, '1', '-1', '2019-07-02 17:27:08', '-1', '2019-07-02 17:27:08');
INSERT INTO `tb_hot_post` VALUES ('1145987370710077440', ' ', '2014', '0', '1', null, '1', '-1', '2019-07-02 17:27:35', '-1', '2019-07-02 17:27:35');
INSERT INTO `tb_hot_post` VALUES ('1145987490306461696', '', '2100', '0', '1', null, '1', '-1', '2019-07-02 17:28:03', '-1', '2019-07-02 17:28:03');
INSERT INTO `tb_hot_post` VALUES ('1145987577606705152', ' ', '', '0', '1', null, '1', '-1', '2019-07-02 17:28:24', '-1', '2019-07-02 17:28:24');
INSERT INTO `tb_hot_post` VALUES ('1145987685844914176', '85 ', '2', '0', '1', null, '1', '-1', '2019-07-02 17:28:50', '-1', '2019-07-02 17:28:50');
INSERT INTO `tb_hot_post` VALUES ('1145987838949593088', '', '3', '0', '1', null, '1', '-1', '2019-07-02 17:29:26', '-1', '2019-07-02 17:29:26');
INSERT INTO `tb_hot_post` VALUES ('1145987929533976576', '', 'G20', '0', '1', null, '1', '-1', '2019-07-02 17:29:48', '-1', '2019-07-02 17:29:48');
INSERT INTO `tb_hot_post` VALUES ('1145988059431571456', '', '', '0', '1', null, '1', '-1', '2019-07-02 17:30:19', '-1', '2019-07-02 17:30:19');
INSERT INTO `tb_hot_post` VALUES ('1145988304311816192', '300', '', '0', '1', null, '1', '-1', '2019-07-02 17:31:17', '-1', '2019-07-02 17:31:17');
INSERT INTO `tb_hot_post` VALUES ('1145988395340795904', '22', '', '0', '1', null, '1', '-1', '2019-07-02 17:31:39', '-1', '2019-07-02 17:31:39');

-- ----------------------------
-- Table structure for `tb_notice`
-- ----------------------------
DROP TABLE IF EXISTS `tb_notice`;
CREATE TABLE `tb_notice` (
  `id` varchar(32) NOT NULL COMMENT '',
  `title` varchar(200) DEFAULT NULL COMMENT '',
  `content` text COMMENT '',
  `publish_time` datetime DEFAULT NULL COMMENT '',
  `cancel` int(4) DEFAULT '1' COMMENT ':0   1 ',
  `cancel_time` datetime DEFAULT NULL COMMENT '',
  `priority` int(4) DEFAULT '1' COMMENT '',
  `remark` varchar(200) DEFAULT NULL COMMENT '',
  `status` int(4) DEFAULT '1' COMMENT ':0   1  2 ',
  `create_user_id` varchar(32) DEFAULT NULL COMMENT '',
  `create_time` datetime DEFAULT NULL COMMENT '',
  `update_user_id` varchar(32) DEFAULT NULL COMMENT '',
  `update_time` datetime DEFAULT NULL COMMENT '',
  PRIMARY KEY (`id`)
) ENGINE=InnoDB DEFAULT CHARSET=utf8mb4 COMMENT='';

-- ----------------------------
-- Records of tb_notice
-- ----------------------------
INSERT INTO `tb_notice` VALUES ('1137927497413955584', '1', '', null, null, null, '1', '1', '0', '1', '2019-06-10 15:01:22', '1', '2019-06-10 11:58:59');
INSERT INTO `tb_notice` VALUES ('1137928840799195136', '2', '22222', '2019-06-17 08:55:38', null, null, '2', '2', '1', '1', '2019-06-10 11:45:52', '1', '2019-06-17 08:55:38');
INSERT INTO `tb_notice` VALUES ('1137928936324468736', '333', '<b>33333333344444444444</b>', null, null, null, '1', '333', '0', '1', '2019-06-11 11:19:32', '1', '2019-06-10 11:58:54');
INSERT INTO `tb_notice` VALUES ('1137929108798443520', '444', '', null, null, null, '444', '444', '0', '1', '2019-06-11 11:19:32', '1', '2019-06-10 11:58:59');
INSERT INTO `tb_notice` VALUES ('1138288193825804288', '', '<b><i><u>11111</u></i></b>', '2019-06-12 16:09:35', '0', '2019-06-11 11:37:23', '1', '', '1', '1', '2019-06-11 11:33:48', '1', '2019-06-12 16:09:35');
INSERT INTO `tb_notice` VALUES ('1138339105265029120', ' 3', '<p><a target=\"_blank\" href=\"http://www.chinanews.com/\"></a><span><b>611 6113<img src=\"http://localhost:8092/lib/layui-v2.3.0/images/face/26.gif\" alt=\"[]\"><img src=\"http://localhost:8092/lib/layui-v2.3.0/images/face/26.gif\" alt=\"[]\"><img src=\"http://localhost:8092/lib/layui-v2.3.0/images/face/26.gif\" alt=\"[]\"></b></span></p>', '2019-06-12 16:59:39', null, null, '3', '', '1', '1', '2019-06-11 14:56:06', '1', '2019-06-12 16:59:39');
INSERT INTO `tb_notice` VALUES ('1138361402101207040', ' 6', '<p><a target=\"_blank\" href=\"http://www.chinanews.com/\"></a>611 116</p><p>10</p><p></p>', '2019-06-13 08:49:31', null, null, '2', '', '1', '1', '2019-06-11 16:24:42', '1', '2019-06-13 08:49:31');
INSERT INTO `tb_notice` VALUES ('1138711115509927936', '', '<p style=\"text-align: justify;\"><span class=\"bjh-p\"></span></p><p style=\"text-align: justify;\"><span class=\"bjh-p\"></span></p><p style=\"text-align: justify;\"><span class=\"bjh-p\"></span></p><p style=\"text-align: justify;\"><span class=\"bjh-p\"></span></p><p style=\"text-align: justify;\"><span class=\"bjh-p\">61124</span></p><p style=\"text-align: justify;\"><span class=\"bjh-p\">527610WTI61529.94%</span></p><p style=\"text-align: justify;\"><span class=\"bjh-p\"> 18.5</span></p><div><span class=\"bjh-p\"><br></span></div>', '2019-08-07 17:28:28', null, null, '3', '', '1', '1', '2019-06-12 15:34:20', '1', '2019-08-07 17:28:28');

-- ----------------------------
-- Table structure for `tb_notice_user`
-- ----------------------------
DROP TABLE IF EXISTS `tb_notice_user`;
CREATE TABLE `tb_notice_user` (
  `id` int(11) NOT NULL AUTO_INCREMENT,
  `notice_id` varchar(32) DEFAULT NULL COMMENT '',
  `user_id` varchar(32) DEFAULT NULL COMMENT '',
  `readed` int(4) DEFAULT NULL COMMENT ':0   1 ',
  `readed_time` datetime DEFAULT NULL COMMENT '',
  `remark` varchar(200) DEFAULT NULL COMMENT '',
  `create_user_id` varchar(32) DEFAULT NULL COMMENT '',
  `create_time` datetime DEFAULT NULL COMMENT '',
  `update_user_id` varchar(32) DEFAULT NULL COMMENT '',
  `update_time` datetime DEFAULT NULL COMMENT '',
  PRIMARY KEY (`id`)
) ENGINE=InnoDB AUTO_INCREMENT=87 DEFAULT CHARSET=utf8mb4 COMMENT='';

-- ----------------------------
-- Records of tb_notice_user
-- ----------------------------
INSERT INTO `tb_notice_user` VALUES ('14', '1138339105265029120', '1', '1', '2019-06-17 08:56:00', null, '1', '2019-06-11 14:56:24', '1', '2019-06-17 08:56:00');
INSERT INTO `tb_notice_user` VALUES ('15', '1138361402101207040', '1', '1', '2019-06-17 08:56:00', null, '1', '2019-06-11 16:24:51', '1', '2019-06-17 08:56:00');
INSERT INTO `tb_notice_user` VALUES ('16', '1138361402101207040', '1133293016937795584', '1', '2019-06-11 16:29:44', null, '1', '2019-06-11 16:28:44', '1133293016937795584', '2019-06-11 16:29:44');
INSERT INTO `tb_notice_user` VALUES ('17', '1138361402101207040', '1', '1', '2019-06-17 08:56:00', null, '1', '2019-06-12 10:24:58', '1', '2019-06-17 08:56:00');
INSERT INTO `tb_notice_user` VALUES ('18', '1138361402101207040', '1133293016937795584', '0', null, null, '1', '2019-06-12 10:51:26', '1', '2019-06-12 10:51:26');
INSERT INTO `tb_notice_user` VALUES ('19', '1138361402101207040', '1', '1', '2019-06-17 08:56:00', null, '1', '2019-06-12 13:45:05', '1', '2019-06-17 08:56:00');
INSERT INTO `tb_notice_user` VALUES ('20', '1138361402101207040', '1', '1', '2019-06-17 08:56:00', null, '1', '2019-06-12 13:48:26', '1', '2019-06-17 08:56:00');
INSERT INTO `tb_notice_user` VALUES ('21', '1138361402101207040', '1133293016937795584', '0', null, null, '1', '2019-06-12 13:48:56', '1', '2019-06-12 13:48:56');
INSERT INTO `tb_notice_user` VALUES ('22', '1138361402101207040', '1133293016937795584', '0', null, null, '1', '2019-06-12 13:50:26', '1', '2019-06-12 13:50:26');
INSERT INTO `tb_notice_user` VALUES ('23', '1138361402101207040', '1133293016937795584', '0', null, null, '1', '2019-06-12 13:50:44', '1', '2019-06-12 13:50:44');
INSERT INTO `tb_notice_user` VALUES ('24', '1138361402101207040', '1133293016937795584', '0', null, null, '1', '2019-06-12 13:51:29', '1', '2019-06-12 13:51:29');
INSERT INTO `tb_notice_user` VALUES ('25', '1138361402101207040', '1133293016937795584', '0', null, null, '1', '2019-06-12 13:51:42', '1', '2019-06-12 13:51:42');
INSERT INTO `tb_notice_user` VALUES ('26', '1138339105265029120', '1133293016937795584', '0', null, null, '1', '2019-06-12 13:53:51', '1', '2019-06-12 13:53:51');
INSERT INTO `tb_notice_user` VALUES ('27', '1138339105265029120', '1133293016937795584', '0', null, null, '1', '2019-06-12 13:54:02', '1', '2019-06-12 13:54:02');
INSERT INTO `tb_notice_user` VALUES ('28', '1138339105265029120', '1133293016937795584', '0', null, null, '1', '2019-06-12 13:55:49', '1', '2019-06-12 13:55:49');
INSERT INTO `tb_notice_user` VALUES ('29', '1138339105265029120', '1133293016937795584', '0', null, null, '1', '2019-06-12 14:03:55', '1', '2019-06-12 14:03:55');
INSERT INTO `tb_notice_user` VALUES ('30', '1138288193825804288', '1133293016937795584', '0', null, null, '1', '2019-06-12 14:59:04', '1', '2019-06-12 14:59:04');
INSERT INTO `tb_notice_user` VALUES ('31', '1137928840799195136', '1133293016937795584', '0', null, null, '1', '2019-06-12 15:12:55', '1', '2019-06-12 15:12:55');
INSERT INTO `tb_notice_user` VALUES ('32', '1138288193825804288', '1133293016937795584', '0', null, null, '1', '2019-06-12 15:29:48', '1', '2019-06-12 15:29:48');
INSERT INTO `tb_notice_user` VALUES ('33', '1138711115509927936', '1133293016937795584', '0', null, null, '1', '2019-06-12 15:34:28', '1', '2019-06-12 15:34:28');
INSERT INTO `tb_notice_user` VALUES ('34', '1138711115509927936', '1133293016937795584', '1', '2019-06-12 15:35:55', null, '1', '2019-06-12 15:35:32', '1133293016937795584', '2019-06-12 15:35:55');
INSERT INTO `tb_notice_user` VALUES ('35', '1138711115509927936', '1133293016937795584', '1', '2019-06-12 15:35:51', null, '1', '2019-06-12 15:35:42', '1133293016937795584', '2019-06-12 15:35:51');
INSERT INTO `tb_notice_user` VALUES ('36', '1138711115509927936', '1', '1', '2019-06-17 08:56:00', null, '1', '2019-06-12 15:36:17', '1', '2019-06-17 08:56:00');
INSERT INTO `tb_notice_user` VALUES ('37', '1138711115509927936', '1133293016937795584', '0', null, null, '1', '2019-06-12 15:36:17', '1', '2019-06-12 15:36:17');
INSERT INTO `tb_notice_user` VALUES ('38', '1138711115509927936', '1', '1', '2019-06-17 08:56:00', null, '1', '2019-06-12 15:49:47', '1', '2019-06-17 08:56:00');
INSERT INTO `tb_notice_user` VALUES ('39', '1138711115509927936', '1', '1', '2019-06-17 08:56:00', null, '1', '2019-06-12 15:51:12', '1', '2019-06-17 08:56:00');
INSERT INTO `tb_notice_user` VALUES ('40', '1138711115509927936', '1133293016937795584', '0', null, null, '1', '2019-06-12 15:51:12', '1', '2019-06-12 15:51:12');
INSERT INTO `tb_notice_user` VALUES ('41', '1138711115509927936', '1', '1', '2019-06-17 08:56:00', null, '1', '2019-06-12 15:51:27', '1', '2019-06-17 08:56:00');
INSERT INTO `tb_notice_user` VALUES ('42', '1138711115509927936', '1133293016937795584', '0', null, null, '1', '2019-06-12 15:51:27', '1', '2019-06-12 15:51:27');
INSERT INTO `tb_notice_user` VALUES ('43', '1138711115509927936', '1', '1', '2019-06-17 08:56:00', null, '1', '2019-06-12 15:56:39', '1', '2019-06-17 08:56:00');
INSERT INTO `tb_notice_user` VALUES ('44', '1138711115509927936', '1133293016937795584', '0', null, null, '1', '2019-06-12 15:56:39', '1', '2019-06-12 15:56:39');
INSERT INTO `tb_notice_user` VALUES ('45', '1138711115509927936', '1', '1', '2019-06-17 08:56:00', null, '1', '2019-06-12 15:56:57', '1', '2019-06-17 08:56:00');
INSERT INTO `tb_notice_user` VALUES ('46', '1138711115509927936', '1133293016937795584', '0', null, null, '1', '2019-06-12 15:56:57', '1', '2019-06-12 15:56:57');
INSERT INTO `tb_notice_user` VALUES ('47', '1138711115509927936', '1', '1', '2019-06-17 08:56:00', null, '1', '2019-06-12 15:58:56', '1', '2019-06-17 08:56:00');
INSERT INTO `tb_notice_user` VALUES ('48', '1138711115509927936', '1133293016937795584', '0', null, null, '1', '2019-06-12 15:58:56', '1', '2019-06-12 15:58:56');
INSERT INTO `tb_notice_user` VALUES ('49', '1138711115509927936', '1', '1', '2019-06-17 08:56:00', null, '1', '2019-06-12 16:01:45', '1', '2019-06-17 08:56:00');
INSERT INTO `tb_notice_user` VALUES ('50', '1138711115509927936', '1133293016937795584', '0', null, null, '1', '2019-06-12 16:01:45', '1', '2019-06-12 16:01:45');
INSERT INTO `tb_notice_user` VALUES ('51', '1138711115509927936', '1133293016937795584', '1', '2019-06-12 16:03:57', null, '1', '2019-06-12 16:03:41', '1133293016937795584', '2019-06-12 16:03:57');
INSERT INTO `tb_notice_user` VALUES ('52', '1137928840799195136', '1', '1', '2019-06-17 08:56:00', null, '1', '2019-06-12 16:05:04', '1', '2019-06-17 08:56:00');
INSERT INTO `tb_notice_user` VALUES ('53', '1137928840799195136', '1133293016937795584', '0', null, null, '1', '2019-06-12 16:05:04', '1', '2019-06-12 16:05:04');
INSERT INTO `tb_notice_user` VALUES ('54', '1138288193825804288', '1', '1', '2019-06-17 08:56:00', null, '1', '2019-06-12 16:09:35', '1', '2019-06-17 08:56:00');
INSERT INTO `tb_notice_user` VALUES ('55', '1138288193825804288', '1133293016937795584', '0', null, null, '1', '2019-06-12 16:09:35', '1', '2019-06-12 16:09:35');
INSERT INTO `tb_notice_user` VALUES ('56', '1138361402101207040', '1', '1', '2019-06-17 08:56:00', null, '1', '2019-06-12 16:10:08', '1', '2019-06-17 08:56:00');
INSERT INTO `tb_notice_user` VALUES ('57', '1138361402101207040', '1133293016937795584', '0', null, null, '1', '2019-06-12 16:10:08', '1', '2019-06-12 16:10:08');
INSERT INTO `tb_notice_user` VALUES ('58', '1138361402101207040', '1', '1', '2019-06-17 08:56:00', null, '1', '2019-06-12 16:10:23', '1', '2019-06-17 08:56:00');
INSERT INTO `tb_notice_user` VALUES ('59', '1138361402101207040', '1133293016937795584', '0', null, null, '1', '2019-06-12 16:10:23', '1', '2019-06-12 16:10:23');
INSERT INTO `tb_notice_user` VALUES ('60', '1138361402101207040', '1', '1', '2019-06-17 08:56:00', null, '1', '2019-06-12 16:10:30', '1', '2019-06-17 08:56:00');
INSERT INTO `tb_notice_user` VALUES ('61', '1138361402101207040', '1133293016937795584', '0', null, null, '1', '2019-06-12 16:10:30', '1', '2019-06-12 16:10:30');
INSERT INTO `tb_notice_user` VALUES ('62', '1138339105265029120', '1', '1', '2019-06-17 08:56:00', null, '1', '2019-06-12 16:14:26', '1', '2019-06-17 08:56:00');
INSERT INTO `tb_notice_user` VALUES ('63', '1138339105265029120', '1133293016937795584', '0', null, null, '1', '2019-06-12 16:14:26', '1', '2019-06-12 16:14:26');
INSERT INTO `tb_notice_user` VALUES ('64', '1138339105265029120', '1', '1', '2019-06-17 08:56:00', null, '1', '2019-06-12 16:14:31', '1', '2019-06-17 08:56:00');
INSERT INTO `tb_notice_user` VALUES ('65', '1138339105265029120', '1133293016937795584', '0', null, null, '1', '2019-06-12 16:14:31', '1', '2019-06-12 16:14:31');
INSERT INTO `tb_notice_user` VALUES ('66', '1138711115509927936', '1', '1', '2019-06-17 08:56:00', null, '1', '2019-06-12 16:16:51', '1', '2019-06-17 08:56:00');
INSERT INTO `tb_notice_user` VALUES ('67', '1138711115509927936', '1133293016937795584', '0', null, null, '1', '2019-06-12 16:16:51', '1', '2019-06-12 16:16:51');
INSERT INTO `tb_notice_user` VALUES ('68', '1138339105265029120', '1', '1', '2019-06-17 08:56:00', null, '1', '2019-06-12 16:18:23', '1', '2019-06-17 08:56:00');
INSERT INTO `tb_notice_user` VALUES ('69', '1138339105265029120', '1133293016937795584', '0', null, null, '1', '2019-06-12 16:18:23', '1', '2019-06-12 16:18:23');
INSERT INTO `tb_notice_user` VALUES ('70', '1138339105265029120', '1', '1', '2019-06-17 08:56:00', null, '1', '2019-06-12 16:19:18', '1', '2019-06-17 08:56:00');
INSERT INTO `tb_notice_user` VALUES ('71', '1138339105265029120', '1133293016937795584', '0', null, null, '1', '2019-06-12 16:19:18', '1', '2019-06-12 16:19:18');
INSERT INTO `tb_notice_user` VALUES ('72', '1138339105265029120', '1', '1', '2019-06-17 08:56:00', null, '1', '2019-06-12 16:20:21', '1', '2019-06-17 08:56:00');
INSERT INTO `tb_notice_user` VALUES ('73', '1138339105265029120', '1133293016937795584', '0', null, null, '1', '2019-06-12 16:20:21', '1', '2019-06-12 16:20:21');
INSERT INTO `tb_notice_user` VALUES ('74', '1138361402101207040', '1', '1', '2019-06-17 08:56:00', null, '1', '2019-06-12 16:20:32', '1', '2019-06-17 08:56:00');
INSERT INTO `tb_notice_user` VALUES ('75', '1138361402101207040', '1133293016937795584', '0', null, null, '1', '2019-06-12 16:20:32', '1', '2019-06-12 16:20:32');
INSERT INTO `tb_notice_user` VALUES ('76', '1138339105265029120', '1', '1', '2019-06-17 08:56:00', null, '1', '2019-06-12 16:59:39', '1', '2019-06-17 08:56:00');
INSERT INTO `tb_notice_user` VALUES ('77', '1138339105265029120', '1133293016937795584', '0', null, null, '1', '2019-06-12 16:59:39', '1', '2019-06-12 16:59:39');
INSERT INTO `tb_notice_user` VALUES ('78', '1138361402101207040', '1', '1', '2019-06-17 08:56:00', null, '1', '2019-06-13 08:49:31', '1', '2019-06-17 08:56:00');
INSERT INTO `tb_notice_user` VALUES ('79', '1138361402101207040', '1133293016937795584', '0', null, null, '1', '2019-06-13 08:49:31', '1', '2019-06-13 08:49:31');
INSERT INTO `tb_notice_user` VALUES ('80', '1137928840799195136', '1', '1', '2019-06-17 08:56:00', null, '1', '2019-06-17 08:55:38', '1', '2019-06-17 08:56:00');
INSERT INTO `tb_notice_user` VALUES ('81', '1138711115509927936', '1', '1', '2019-08-06 10:58:26', null, '1', '2019-07-17 11:05:13', '1', '2019-08-06 10:58:26');
INSERT INTO `tb_notice_user` VALUES ('82', '1138711115509927936', '1133293016937795584', '0', null, null, '1', '2019-07-17 11:05:13', '1', '2019-07-17 11:05:13');
INSERT INTO `tb_notice_user` VALUES ('83', '1138711115509927936', '1', '1', '2019-08-06 10:58:25', null, '1', '2019-08-06 10:58:07', '1', '2019-08-06 10:58:25');
INSERT INTO `tb_notice_user` VALUES ('84', '1138711115509927936', '1133293016937795584', '0', null, null, '1', '2019-08-06 10:58:07', '1', '2019-08-06 10:58:07');
INSERT INTO `tb_notice_user` VALUES ('85', '1138711115509927936', '1', '0', null, null, '1', '2019-08-07 17:28:28', '1', '2019-08-07 17:28:28');
INSERT INTO `tb_notice_user` VALUES ('86', '1138711115509927936', '1133293016937795584', '0', null, null, '1', '2019-08-07 17:28:28', '1', '2019-08-07 17:28:28');

-- ----------------------------
-- Table structure for `tb_permission`
-- ----------------------------
DROP TABLE IF EXISTS `tb_permission`;
CREATE TABLE `tb_permission` (
  `id` varchar(32) NOT NULL COMMENT '',
  `name` varchar(200) DEFAULT NULL COMMENT '',
  `pid` varchar(32) DEFAULT NULL COMMENT 'id',
  `sort` int(4) DEFAULT NULL COMMENT '',
  `level` int(4) DEFAULT NULL COMMENT '',
  `remark` varchar(200) DEFAULT NULL COMMENT '',
  `status` int(4) DEFAULT '1' COMMENT ':0   1 ',
  `create_user_id` varchar(32) DEFAULT NULL COMMENT '',
  `create_time` datetime DEFAULT NULL COMMENT '',
  `update_user_id` varchar(32) DEFAULT NULL COMMENT '',
  `update_time` datetime DEFAULT NULL COMMENT '',
  `url` varchar(200) DEFAULT NULL COMMENT '',
  `perm` varchar(32) DEFAULT NULL COMMENT '',
  `icon` varchar(200) DEFAULT NULL COMMENT 'class',
  PRIMARY KEY (`id`)
) ENGINE=InnoDB DEFAULT CHARSET=utf8mb4 COMMENT='';

-- ----------------------------
-- Records of tb_permission
-- ----------------------------
INSERT INTO `tb_permission` VALUES ('1', '', '3', '1', '2', '', '1', null, '2019-05-22 10:11:27', null, '2019-05-22 10:11:27', '#', '#', null);
INSERT INTO `tb_permission` VALUES ('1131464174405292032', null, '3', null, null, 'cs ', '0', null, null, null, null, '#', '#', null);
INSERT INTO `tb_permission` VALUES ('1131464444015153152', '', '3', null, null, 'cs 6666', '0', null, null, null, null, '#', '#', null);
INSERT INTO `tb_permission` VALUES ('1131745206354448384', '', '0', '5', '1', '', '1', null, null, null, null, '#', '#', 'layui-icon layui-icon-group');
INSERT INTO `tb_permission` VALUES ('1131745394703863808', '', '1131745206354448384', '1', '3', '', '1', null, null, null, null, '/system/generator/code', 'system:generator:code', '');
INSERT INTO `tb_permission` VALUES ('1131844623304626176', '', '1', '4', '3', '', '1', null, null, null, null, '/system/basicDict/dictList', 'system:basicDict:dict', null);
INSERT INTO `tb_permission` VALUES ('1133211301611442176', 'cs ', '', null, '1', '', '0', null, null, null, null, '', '', null);
INSERT INTO `tb_permission` VALUES ('1134365935621246976', '', '1', '5', '3', '', '1', '1', '2019-05-31 15:48:09', '1', '2019-05-31 15:50:02', '/system/actionLog/actionLogList', 'system:actionLog:actionLogList', null);
INSERT INTO `tb_permission` VALUES ('1135459297203982336', '', '0', '3', '1', '', '1', '1', '2019-06-03 16:12:46', '1', '2019-06-03 16:59:40', '#', '#', 'layui-icon layui-icon-group');
INSERT INTO `tb_permission` VALUES ('1135459509322518528', '', '1135459297203982336', '7', '3', '', '1', '1', '2019-06-03 16:13:37', '1', '2019-08-05 14:03:51', '/system/activiti/modelList', '#', null);
INSERT INTO `tb_permission` VALUES ('1135459754504753152', '', '1135459297203982336', '1', '3', '', '1', '1', '2019-06-03 16:14:35', '1', '2019-08-08 15:21:24', '/system/activiti/myProcessApplyList', '#', null);
INSERT INTO `tb_permission` VALUES ('1135459874256326656', '', '1135459297203982336', '2', '3', '', '1', '1', '2019-06-03 16:15:04', '1', '2019-08-08 15:21:05', '/system/activiti/needDealTaskList', '#', null);
INSERT INTO `tb_permission` VALUES ('1135459939356119040', '', '1135459297203982336', '3', '3', '', '1', '1', '2019-06-03 16:15:20', '1', '2019-06-03 16:15:20', '#', '#', null);
INSERT INTO `tb_permission` VALUES ('1135460039818088448', '', '1135459297203982336', '4', '3', '', '1', '1', '2019-06-03 16:15:43', '1', '2019-06-03 16:15:43', '#', '#', null);
INSERT INTO `tb_permission` VALUES ('1135460124345896960', '', '1135459297203982336', '5', '3', '', '1', '1', '2019-06-03 16:16:04', '1', '2019-06-03 16:16:04', '#', '#', null);
INSERT INTO `tb_permission` VALUES ('1135460197318397952', '', '1135459297203982336', '6', '3', '', '1', '1', '2019-06-03 16:16:21', '1', '2019-08-08 08:53:45', '/system/activiti/processList', '#', null);
INSERT INTO `tb_permission` VALUES ('1135460285805629440', '', '1135459297203982336', '8', '3', '', '0', '1', '2019-06-03 16:16:42', '1', '2019-08-08 09:23:22', '#', '#', null);
INSERT INTO `tb_permission` VALUES ('1137893909041647616', '', '0', '4', '1', '', '1', '1', '2019-06-10 09:27:03', '1', '2019-06-10 09:27:03', '#', '#', 'layui-icon layui-icon-dialogue');
INSERT INTO `tb_permission` VALUES ('1137894436731228160', '', '1137893909041647616', '1', '3', '', '1', '1', '2019-06-10 09:29:09', '1', '2019-06-10 09:29:09', '/system/notice/noticeList', 'system:notice:noticeList', '');
INSERT INTO `tb_permission` VALUES ('1137894695867912192', '', '1137893909041647616', '2', '3', '', '1', '1', '2019-06-10 09:30:11', '1', '2019-06-10 09:30:11', '/system/notice/myNotice', 'system:notice:myNotice', '');
INSERT INTO `tb_permission` VALUES ('1139044888717955072', '', '1137893909041647616', '3', '3', '', '1', '1', '2019-06-13 13:40:38', '1', '2019-06-13 13:40:38', '/system/layIm/index', 'system:layIm:index', '');
INSERT INTO `tb_permission` VALUES ('1141187527294717952', '', '1141870860664180736', '1', '3', '', '1', '1', '2019-06-19 11:34:43', '1', '2019-06-21 08:50:16', 'system/cloudDisk/disk', 'system:cloudDisk:disk', 'layui-icon layui-icon-upload');
INSERT INTO `tb_permission` VALUES ('1141870860664180736', '', '0', '7', '1', '', '1', '1', '2019-06-21 08:50:02', '1', '2019-06-21 08:50:02', '#', '#', 'layui-icon layui-icon-upload');
INSERT INTO `tb_permission` VALUES ('1141871107410890752', '', '1141870860664180736', '2', '3', '', '1', '1', '2019-06-21 08:51:01', '1', '2019-06-21 08:51:01', '/system/cloudDisk/commonDisk', 'system:cloudDisk:commonDisk', '');
INSERT INTO `tb_permission` VALUES ('1144448932416458752', 'Quartz', '1', '6', '3', '', '1', '1', '2019-06-28 11:34:22', '1', '2019-06-28 11:34:22', '/system/quartz/scheduleJob', 'system:quartz:scheduleJob', '');
INSERT INTO `tb_permission` VALUES ('1159274152251756544', '', '1135459297203982336', '8', '3', '', '1', '1', '2019-08-08 09:24:30', '1', '2019-08-08 15:20:28', '/system/activiti/processApplyList', 'system:activiti:processApplyList', '');
INSERT INTO `tb_permission` VALUES ('2', '', '3', '2', '2', '', '0', null, '2019-05-22 10:11:27', null, '2019-05-22 10:11:27', '#', '#', null);
INSERT INTO `tb_permission` VALUES ('3', '', '0', '2', '1', null, '1', null, '2019-05-22 10:11:27', '1', '2019-06-03 17:01:07', '#', '#', 'layui-icon layui-icon-set-sm');
INSERT INTO `tb_permission` VALUES ('4', '', '0', '1', '1', '', '1', null, '2019-05-22 10:11:27', '1', '2019-06-03 17:00:47', '/system/main/console', 'system:main:console', 'layui-icon layui-icon-home');
INSERT INTO `tb_permission` VALUES ('5', '', '1', '1', '3', null, '1', null, '2019-05-22 10:11:27', null, '2019-05-22 10:11:27', '/system/user/userList', '#', null);
INSERT INTO `tb_permission` VALUES ('6', '', '1', '2', '3', null, '1', null, '2019-05-22 10:11:27', null, '2019-05-22 10:11:27', '/system/role/roleList', '#', null);
INSERT INTO `tb_permission` VALUES ('7', '', '1', '3', '3', null, '1', null, '2019-05-22 10:11:27', null, '2019-05-22 10:11:27', '/system/permission/permissionList', '#', null);

-- ----------------------------
-- Table structure for `tb_role`
-- ----------------------------
DROP TABLE IF EXISTS `tb_role`;
CREATE TABLE `tb_role` (
  `id` varchar(32) NOT NULL COMMENT '',
  `role_name` varchar(200) DEFAULT NULL COMMENT '',
  `remark` varchar(200) DEFAULT NULL COMMENT '',
  `status` int(4) DEFAULT '1' COMMENT ':0   1 ',
  `create_user_id` varchar(32) DEFAULT NULL COMMENT '',
  `create_time` datetime DEFAULT NULL COMMENT '',
  `update_user_id` varchar(32) DEFAULT NULL COMMENT '',
  `update_time` datetime DEFAULT NULL COMMENT '',
  PRIMARY KEY (`id`)
) ENGINE=InnoDB DEFAULT CHARSET=utf8mb4 COMMENT='';

-- ----------------------------
-- Records of tb_role
-- ----------------------------
INSERT INTO `tb_role` VALUES ('1133215383529066496', '', '', '1', null, null, null, null);
INSERT INTO `tb_role` VALUES ('1133293155316273152', '', 'cs ', '1', null, null, '1', '2019-08-08 13:50:26');
INSERT INTO `tb_role` VALUES ('1138264907154853888', '', '', '1', '1', '2019-06-11 10:01:16', '1', '2019-08-08 13:50:17');

-- ----------------------------
-- Table structure for `tb_role_permission`
-- ----------------------------
DROP TABLE IF EXISTS `tb_role_permission`;
CREATE TABLE `tb_role_permission` (
  `role_id` varchar(200) DEFAULT NULL COMMENT '',
  `permission_id` varchar(32) DEFAULT NULL COMMENT '',
  `create_user_id` varchar(32) DEFAULT NULL COMMENT '',
  `create_time` datetime DEFAULT NULL COMMENT '',
  `update_user_id` varchar(32) DEFAULT NULL COMMENT '',
  `update_time` datetime DEFAULT NULL COMMENT '',
  `id` int(32) NOT NULL AUTO_INCREMENT,
  PRIMARY KEY (`id`)
) ENGINE=InnoDB AUTO_INCREMENT=232 DEFAULT CHARSET=utf8mb4 COMMENT='';

-- ----------------------------
-- Records of tb_role_permission
-- ----------------------------
INSERT INTO `tb_role_permission` VALUES ('1133215383529066496', '1131745394703863808', '1', '2019-06-10 09:44:30', '1', '2019-06-10 09:44:30', '187');
INSERT INTO `tb_role_permission` VALUES ('1133215383529066496', '1', '1', '2019-06-10 09:44:30', '1', '2019-06-10 09:44:30', '188');
INSERT INTO `tb_role_permission` VALUES ('1133215383529066496', '3', '1', '2019-06-10 09:44:30', '1', '2019-06-10 09:44:30', '189');
INSERT INTO `tb_role_permission` VALUES ('1133215383529066496', '4', '1', '2019-06-10 09:44:30', '1', '2019-06-10 09:44:30', '190');
INSERT INTO `tb_role_permission` VALUES ('1133215383529066496', '5', '1', '2019-06-10 09:44:30', '1', '2019-06-10 09:44:30', '191');
INSERT INTO `tb_role_permission` VALUES ('1133215383529066496', '6', '1', '2019-06-10 09:44:30', '1', '2019-06-10 09:44:30', '192');
INSERT INTO `tb_role_permission` VALUES ('1133215383529066496', '7', '1', '2019-06-10 09:44:30', '1', '2019-06-10 09:44:30', '193');
INSERT INTO `tb_role_permission` VALUES ('1133215383529066496', '1131844623304626176', '1', '2019-06-10 09:44:30', '1', '2019-06-10 09:44:30', '194');
INSERT INTO `tb_role_permission` VALUES ('1133215383529066496', '1134365935621246976', '1', '2019-06-10 09:44:30', '1', '2019-06-10 09:44:30', '195');
INSERT INTO `tb_role_permission` VALUES ('1133215383529066496', '1131745206354448384', '1', '2019-06-10 09:44:30', '1', '2019-06-10 09:44:30', '196');
INSERT INTO `tb_role_permission` VALUES ('1138264907154853888', '1141870860664180736', '1', '2019-08-08 14:23:17', '1', '2019-08-08 14:23:17', '210');
INSERT INTO `tb_role_permission` VALUES ('1138264907154853888', '1137893909041647616', '1', '2019-08-08 14:23:17', '1', '2019-08-08 14:23:17', '211');
INSERT INTO `tb_role_permission` VALUES ('1138264907154853888', '1135459939356119040', '1', '2019-08-08 14:23:17', '1', '2019-08-08 14:23:17', '212');
INSERT INTO `tb_role_permission` VALUES ('1138264907154853888', '1159274152251756544', '1', '2019-08-08 14:23:17', '1', '2019-08-08 14:23:17', '213');
INSERT INTO `tb_role_permission` VALUES ('1138264907154853888', '4', '1', '2019-08-08 14:23:17', '1', '2019-08-08 14:23:17', '214');
INSERT INTO `tb_role_permission` VALUES ('1138264907154853888', '1135459874256326656', '1', '2019-08-08 14:23:17', '1', '2019-08-08 14:23:17', '215');
INSERT INTO `tb_role_permission` VALUES ('1138264907154853888', '1141871107410890752', '1', '2019-08-08 14:23:17', '1', '2019-08-08 14:23:17', '216');
INSERT INTO `tb_role_permission` VALUES ('1138264907154853888', '1135459297203982336', '1', '2019-08-08 14:23:17', '1', '2019-08-08 14:23:17', '217');
INSERT INTO `tb_role_permission` VALUES ('1138264907154853888', '1141187527294717952', '1', '2019-08-08 14:23:17', '1', '2019-08-08 14:23:17', '218');
INSERT INTO `tb_role_permission` VALUES ('1138264907154853888', '1137894695867912192', '1', '2019-08-08 14:23:17', '1', '2019-08-08 14:23:17', '219');
INSERT INTO `tb_role_permission` VALUES ('1138264907154853888', '1135459754504753152', '1', '2019-08-08 14:23:17', '1', '2019-08-08 14:23:17', '220');
INSERT INTO `tb_role_permission` VALUES ('1133293155316273152', '1141870860664180736', '1', '2019-08-08 14:23:34', '1', '2019-08-08 14:23:34', '221');
INSERT INTO `tb_role_permission` VALUES ('1133293155316273152', '1137893909041647616', '1', '2019-08-08 14:23:34', '1', '2019-08-08 14:23:34', '222');
INSERT INTO `tb_role_permission` VALUES ('1133293155316273152', '1135459939356119040', '1', '2019-08-08 14:23:34', '1', '2019-08-08 14:23:34', '223');
INSERT INTO `tb_role_permission` VALUES ('1133293155316273152', '1159274152251756544', '1', '2019-08-08 14:23:34', '1', '2019-08-08 14:23:34', '224');
INSERT INTO `tb_role_permission` VALUES ('1133293155316273152', '4', '1', '2019-08-08 14:23:34', '1', '2019-08-08 14:23:34', '225');
INSERT INTO `tb_role_permission` VALUES ('1133293155316273152', '1135459874256326656', '1', '2019-08-08 14:23:34', '1', '2019-08-08 14:23:34', '226');
INSERT INTO `tb_role_permission` VALUES ('1133293155316273152', '1141871107410890752', '1', '2019-08-08 14:23:34', '1', '2019-08-08 14:23:34', '227');
INSERT INTO `tb_role_permission` VALUES ('1133293155316273152', '1135459297203982336', '1', '2019-08-08 14:23:34', '1', '2019-08-08 14:23:34', '228');
INSERT INTO `tb_role_permission` VALUES ('1133293155316273152', '1141187527294717952', '1', '2019-08-08 14:23:34', '1', '2019-08-08 14:23:34', '229');
INSERT INTO `tb_role_permission` VALUES ('1133293155316273152', '1137894695867912192', '1', '2019-08-08 14:23:34', '1', '2019-08-08 14:23:34', '230');
INSERT INTO `tb_role_permission` VALUES ('1133293155316273152', '1135459754504753152', '1', '2019-08-08 14:23:34', '1', '2019-08-08 14:23:34', '231');

-- ----------------------------
-- Table structure for `tb_user`
-- ----------------------------
DROP TABLE IF EXISTS `tb_user`;
CREATE TABLE `tb_user` (
  `id` varchar(32) NOT NULL COMMENT '',
  `account` varchar(200) DEFAULT NULL COMMENT '',
  `user_name` varchar(200) DEFAULT NULL COMMENT '',
  `password` varchar(200) DEFAULT NULL COMMENT '',
  `nick_name` varchar(200) DEFAULT NULL COMMENT '',
  `user_icon` varchar(255) DEFAULT NULL COMMENT '',
  `last_login_time` datetime DEFAULT NULL COMMENT '',
  `age` int(11) DEFAULT NULL COMMENT '',
  `sex` int(2) DEFAULT NULL COMMENT ' 1  0',
  `marry_flag` int(2) DEFAULT NULL COMMENT '',
  `education` int(2) DEFAULT NULL COMMENT '',
  `phone` varchar(200) DEFAULT NULL COMMENT '',
  `email` varchar(200) DEFAULT NULL COMMENT '',
  `prov` varchar(32) DEFAULT NULL COMMENT '',
  `city` varchar(32) DEFAULT NULL COMMENT '',
  `dist` varchar(32) DEFAULT NULL COMMENT '',
  `address` varchar(200) DEFAULT NULL COMMENT '',
  `idcard` varchar(200) DEFAULT NULL COMMENT '',
  `remark` varchar(200) DEFAULT NULL COMMENT '',
  `status` int(4) DEFAULT '1' COMMENT ':0   1 ',
  `create_user_id` varchar(32) DEFAULT NULL COMMENT '',
  `create_time` datetime DEFAULT NULL COMMENT '',
  `update_user_id` varchar(32) DEFAULT NULL COMMENT '',
  `update_time` datetime DEFAULT NULL COMMENT '',
  `salt` varchar(32) DEFAULT NULL COMMENT '',
  PRIMARY KEY (`id`),
  KEY `idx_user_marry` (`marry_flag`)
) ENGINE=InnoDB DEFAULT CHARSET=utf8mb4 COMMENT='';

-- ----------------------------
-- Records of tb_user
-- ----------------------------
INSERT INTO `tb_user` VALUES ('1', 'admin66', '', '3fc998176534f989edd113a6ebc983c4', '', '1134028949656047616', '2019-08-08 16:52:59', '1', '1', '0', '0', '17856941753', '6666', null, null, null, '', '', '222', '1', null, '2019-05-22 10:09:12', '1', '2019-08-08 16:52:59', '8078562253287299');
INSERT INTO `tb_user` VALUES ('1133293016937795584', 'yonghu1', '1', 'b658bd073405f3cdec29492834f20b33', 'user1', '1138362829003427840', '2019-06-20 15:46:57', '0', '1', '1', '6', '17856941757', 'yonghu1', null, null, null, null, null, 'cs ', '1', null, null, '1133293016937795584', '2019-06-20 15:46:57', '7499023618408530');
INSERT INTO `tb_user` VALUES ('1133580976413347840', 'fyk', '3', '9957d003ea2b3d4a0f2a02db1dc5c2b7', '', null, '2019-05-29 16:15:02', '0', '0', '0', '0', '17856941755', '2424331381@qq.com', null, null, null, null, null, null, '1', null, null, '1', '2019-08-07 16:40:26', '7212652797294128');
INSERT INTO `tb_user` VALUES ('1134294084744253440', 'yonghu2', '2', 'b727585eda2d4d4390174ede03c8cb1e', 'fyk002', null, null, null, '1', '1', '2', '17856941755', '1111', null, null, null, null, null, '1', '1', null, null, '1', '2019-05-31 11:48:17', '2829457445343951');
INSERT INTO `tb_user` VALUES ('1134294281180286976', 'ceshi', '', '2bd21c29b1e869f405a93642eac0ce31', 'fyk003', null, null, null, '1', '1', '6', '17856941755', '1111', null, null, null, null, null, '', '1', null, null, '1', '2019-05-31 11:48:17', '3408253574310677');
INSERT INTO `tb_user` VALUES ('1134295479455191040', 'yonghu4', '4', '2b27399a5904da81f0b20043e6e185ae', 'fyk004', null, null, null, '1', '1', '5', '17856941755', '1111', null, null, null, null, null, '1', '1', '1', '2019-05-31 11:08:11', '1', '2019-05-31 11:08:11', '4815464075634887');
INSERT INTO `tb_user` VALUES ('1134393203030626304', 'yonghuceshi1', '1', 'a8445ed9c0463301b95d9d6c2acf85d7', 'test1', null, null, null, '1', '1', '0', '1', '1', null, null, null, null, null, '', '1', '1', '2019-05-31 17:36:30', '1', '2019-05-31 17:36:56', '1362466788565495');
INSERT INTO `tb_user` VALUES ('1159004004836052992', 'test', 'test', '95d8d14770df245e4babcdf16ed4b44a', '666', null, '2019-08-08 16:24:07', '0', '1', '0', '4', '17856941755', '2424331381@qq.com', null, null, null, null, null, 'activiti', '1', '1', '2019-08-07 15:31:02', '1159004004836052992', '2019-08-08 16:24:07', '7118788056336070');
INSERT INTO `tb_user` VALUES ('1159021926686003200', '', '', '467369f515d750fba29675b467e07ebd', '', null, null, null, '1', '1', null, '', '', null, null, null, null, null, '', '0', '1', '2019-08-07 16:42:15', '1', '2019-08-07 16:42:21', '4718184340387005');

-- ----------------------------
-- Table structure for `tb_user_leave`
-- ----------------------------
DROP TABLE IF EXISTS `tb_user_leave`;
CREATE TABLE `tb_user_leave` (
  `id` varchar(32) NOT NULL COMMENT '',
  `user_id` varchar(200) DEFAULT NULL COMMENT '',
  `start_time` datetime DEFAULT NULL COMMENT '',
  `end_time` datetime DEFAULT NULL COMMENT '',
  `reason` varchar(200) DEFAULT NULL COMMENT '',
  `leave_days` int(11) DEFAULT NULL COMMENT '',
  `process_instance_Id` varchar(32) NOT NULL COMMENT 'id',
  `url_path` varchar(200) NOT NULL COMMENT '',
  `status` int(4) DEFAULT '1' COMMENT ':0   1 ',
  `create_user_id` varchar(32) DEFAULT NULL COMMENT '',
  `create_time` datetime DEFAULT NULL COMMENT '',
  `update_user_id` varchar(32) DEFAULT NULL COMMENT '',
  `update_time` datetime DEFAULT NULL COMMENT '',
  PRIMARY KEY (`id`)
) ENGINE=InnoDB DEFAULT CHARSET=utf8mb4 COMMENT='';

-- ----------------------------
-- Records of tb_user_leave
-- ----------------------------
INSERT INTO `tb_user_leave` VALUES ('1159347171796062208', '1', '2019-08-08 00:00:00', '2019-08-10 00:00:00', ',', '3', '52509', '/leave/readOnlyLeave/1159347171796062208', '1', '1', '2019-08-08 14:14:40', '1', '2019-08-08 14:14:40');
INSERT INTO `tb_user_leave` VALUES ('1159380059094650880', '1', '2019-08-08 00:00:00', '2019-08-08 00:00:00', null, null, '55005', '/leave/readOnlyLeave/1159380059094650880', '1', '1', '2019-08-08 16:25:21', '1', '2019-08-08 16:34:46');

-- ----------------------------
-- Table structure for `tb_user_role`
-- ----------------------------
DROP TABLE IF EXISTS `tb_user_role`;
CREATE TABLE `tb_user_role` (
  `id` int(32) NOT NULL AUTO_INCREMENT,
  `user_id` varchar(200) DEFAULT NULL COMMENT '',
  `role_id` varchar(32) DEFAULT NULL COMMENT '',
  `create_user_id` varchar(32) DEFAULT NULL COMMENT '',
  `create_time` datetime DEFAULT NULL COMMENT '',
  `update_user_id` varchar(32) DEFAULT NULL COMMENT '',
  `update_time` datetime DEFAULT NULL COMMENT '',
  PRIMARY KEY (`id`)
) ENGINE=InnoDB AUTO_INCREMENT=26 DEFAULT CHARSET=utf8mb4 COMMENT='';

-- ----------------------------
-- Records of tb_user_role
-- ----------------------------
INSERT INTO `tb_user_role` VALUES ('20', '1', '1133215383529066496', null, null, null, null);
INSERT INTO `tb_user_role` VALUES ('21', '1133293016937795584', '1133293155316273152', null, null, null, null);
INSERT INTO `tb_user_role` VALUES ('22', '1133293016937795584', '1133215383529066496', null, null, null, null);
INSERT INTO `tb_user_role` VALUES ('23', '1134393203030626304', '1138264907154853888', '1', '2019-06-11 10:01:30', '1', '2019-06-11 10:01:30');
INSERT INTO `tb_user_role` VALUES ('24', '1159004004836052992', '1138264907154853888', '1', '2019-08-08 13:50:45', '1', '2019-08-08 13:50:45');
INSERT INTO `tb_user_role` VALUES ('25', '1133580976413347840', '1133293155316273152', '1', '2019-08-08 13:50:59', '1', '2019-08-08 13:50:59');
