/*
Navicat MySQL Data Transfer

Source Server         : project_fyk
Source Server Version : 50562
Source Host           : localhost:3306
Source Database       : project_fyk

Target Server Type    : MYSQL
Target Server Version : 50562
File Encoding         : 65001

Date: 2019-07-04 08:42:42
*/

SET FOREIGN_KEY_CHECKS=0;

-- ----------------------------
-- Table structure for `act_evt_log`
-- ----------------------------
DROP TABLE IF EXISTS `act_evt_log`;
CREATE TABLE `act_evt_log` (
  `LOG_NR_` bigint(20) NOT NULL AUTO_INCREMENT,
  `TYPE_` varchar(64) COLLATE utf8_bin DEFAULT NULL,
  `PROC_DEF_ID_` varchar(64) COLLATE utf8_bin DEFAULT NULL,
  `PROC_INST_ID_` varchar(64) COLLATE utf8_bin DEFAULT NULL,
  `EXECUTION_ID_` varchar(64) COLLATE utf8_bin DEFAULT NULL,
  `TASK_ID_` varchar(64) COLLATE utf8_bin DEFAULT NULL,
  `TIME_STAMP_` timestamp NOT NULL DEFAULT CURRENT_TIMESTAMP ON UPDATE CURRENT_TIMESTAMP,
  `USER_ID_` varchar(255) COLLATE utf8_bin DEFAULT NULL,
  `DATA_` longblob,
  `LOCK_OWNER_` varchar(255) COLLATE utf8_bin DEFAULT NULL,
  `LOCK_TIME_` timestamp NULL DEFAULT NULL,
  `IS_PROCESSED_` tinyint(4) DEFAULT '0',
  PRIMARY KEY (`LOG_NR_`)
) ENGINE=InnoDB DEFAULT CHARSET=utf8 COLLATE=utf8_bin;

-- ----------------------------
-- Records of act_evt_log
-- ----------------------------

-- ----------------------------
-- Table structure for `act_ge_bytearray`
-- ----------------------------
DROP TABLE IF EXISTS `act_ge_bytearray`;
CREATE TABLE `act_ge_bytearray` (
  `ID_` varchar(64) COLLATE utf8_bin NOT NULL DEFAULT '',
  `REV_` int(11) DEFAULT NULL,
  `NAME_` varchar(255) COLLATE utf8_bin DEFAULT NULL,
  `DEPLOYMENT_ID_` varchar(64) COLLATE utf8_bin DEFAULT NULL,
  `BYTES_` longblob,
  `GENERATED_` tinyint(4) DEFAULT NULL,
  PRIMARY KEY (`ID_`),
  KEY `ACT_FK_BYTEARR_DEPL` (`DEPLOYMENT_ID_`),
  CONSTRAINT `ACT_FK_BYTEARR_DEPL` FOREIGN KEY (`DEPLOYMENT_ID_`) REFERENCES `act_re_deployment` (`ID_`)
) ENGINE=InnoDB DEFAULT CHARSET=utf8 COLLATE=utf8_bin;

-- ----------------------------
-- Records of act_ge_bytearray
-- ----------------------------
INSERT INTO `act_ge_bytearray` VALUES ('2', '1', 'E:\\workspaceIDEA\\project_base\\project_web\\target\\classes\\processes\\test.bpmn', '1', 0x3C3F786D6C2076657273696F6E3D22312E302220656E636F64696E673D225554462D3822207374616E64616C6F6E653D22796573223F3E0D0A3C646566696E6974696F6E7320786D6C6E733D22687474703A2F2F7777772E6F6D672E6F72672F737065632F42504D4E2F32303130303532342F4D4F44454C2220786D6C6E733A61637469766974693D22687474703A2F2F61637469766974692E6F72672F62706D6E2220786D6C6E733A62706D6E64693D22687474703A2F2F7777772E6F6D672E6F72672F737065632F42504D4E2F32303130303532342F44492220786D6C6E733A6F6D6764633D22687474703A2F2F7777772E6F6D672E6F72672F737065632F44442F32303130303532342F44432220786D6C6E733A6F6D6764693D22687474703A2F2F7777772E6F6D672E6F72672F737065632F44442F32303130303532342F44492220786D6C6E733A746E733D22687474703A2F2F7777772E61637469766974692E6F72672F746573742220786D6C6E733A7873643D22687474703A2F2F7777772E77332E6F72672F323030312F584D4C536368656D612220786D6C6E733A7873693D22687474703A2F2F7777772E77332E6F72672F323030312F584D4C536368656D612D696E7374616E6365222065787072657373696F6E4C616E67756167653D22687474703A2F2F7777772E77332E6F72672F313939392F5850617468222069643D226D3135363035303131393735313322206E616D653D2222207461726765744E616D6573706163653D22687474703A2F2F7777772E61637469766974692E6F72672F746573742220747970654C616E67756167653D22687474703A2F2F7777772E77332E6F72672F323030312F584D4C536368656D61223E0D0A20203C70726F636573732069643D226D7950726F636573735F3122206973436C6F7365643D2266616C73652220697345786563757461626C653D2274727565222070726F63657373547970653D224E6F6E65223E0D0A202020203C73746172744576656E742069643D225F3222206E616D653D2253746172744576656E74222F3E0D0A202020203C656E644576656E742069643D225F3322206E616D653D22456E644576656E74222F3E0D0A202020203C757365725461736B2061637469766974693A6578636C75736976653D2274727565222069643D225F3522206E616D653D22557365725461736B222F3E0D0A202020203C73657175656E6365466C6F772069643D225F362220736F757263655265663D225F3222207461726765745265663D225F35222F3E0D0A202020203C73657175656E6365466C6F772069643D225F372220736F757263655265663D225F3522207461726765745265663D225F33222F3E0D0A20203C2F70726F636573733E0D0A20203C62706D6E64693A42504D4E4469616772616D20646F63756D656E746174696F6E3D226261636B67726F756E643D233343334634313B636F756E743D313B686F72697A6F6E74616C636F756E743D313B6F7269656E746174696F6E3D303B77696474683D3834322E343B6865696768743D313139352E323B696D61676561626C6557696474683D3833322E343B696D61676561626C654865696768743D313138352E323B696D61676561626C65583D352E303B696D61676561626C65593D352E30222069643D224469616772616D2D5F3122206E616D653D224E6577204469616772616D223E0D0A202020203C62706D6E64693A42504D4E506C616E652062706D6E456C656D656E743D226D7950726F636573735F31223E0D0A2020202020203C62706D6E64693A42504D4E53686170652062706D6E456C656D656E743D225F32222069643D2253686170652D5F32223E0D0A20202020202020203C6F6D6764633A426F756E6473206865696768743D2233322E30222077696474683D2233322E302220783D223139302E302220793D223130352E30222F3E0D0A20202020202020203C62706D6E64693A42504D4E4C6162656C3E0D0A202020202020202020203C6F6D6764633A426F756E6473206865696768743D2233322E30222077696474683D2233322E302220783D22302E302220793D22302E30222F3E0D0A20202020202020203C2F62706D6E64693A42504D4E4C6162656C3E0D0A2020202020203C2F62706D6E64693A42504D4E53686170653E0D0A2020202020203C62706D6E64693A42504D4E53686170652062706D6E456C656D656E743D225F33222069643D2253686170652D5F33223E0D0A20202020202020203C6F6D6764633A426F756E6473206865696768743D2233322E30222077696474683D2233322E302220783D223137352E302220793D223437302E30222F3E0D0A20202020202020203C62706D6E64693A42504D4E4C6162656C3E0D0A202020202020202020203C6F6D6764633A426F756E6473206865696768743D2233322E30222077696474683D2233322E302220783D22302E302220793D22302E30222F3E0D0A20202020202020203C2F62706D6E64693A42504D4E4C6162656C3E0D0A2020202020203C2F62706D6E64693A42504D4E53686170653E0D0A2020202020203C62706D6E64693A42504D4E53686170652062706D6E456C656D656E743D225F35222069643D2253686170652D5F35223E0D0A20202020202020203C6F6D6764633A426F756E6473206865696768743D2235352E30222077696474683D2238352E302220783D223136302E302220793D223236352E30222F3E0D0A20202020202020203C62706D6E64693A42504D4E4C6162656C3E0D0A202020202020202020203C6F6D6764633A426F756E6473206865696768743D2235352E30222077696474683D2238352E302220783D22302E302220793D22302E30222F3E0D0A20202020202020203C2F62706D6E64693A42504D4E4C6162656C3E0D0A2020202020203C2F62706D6E64693A42504D4E53686170653E0D0A2020202020203C62706D6E64693A42504D4E456467652062706D6E456C656D656E743D225F36222069643D2242504D4E456467655F5F362220736F75726365456C656D656E743D225F322220746172676574456C656D656E743D225F35223E0D0A20202020202020203C6F6D6764693A776179706F696E7420783D223230362E302220793D223133372E30222F3E0D0A20202020202020203C6F6D6764693A776179706F696E7420783D223230362E302220793D223236352E30222F3E0D0A20202020202020203C62706D6E64693A42504D4E4C6162656C3E0D0A202020202020202020203C6F6D6764633A426F756E6473206865696768743D22302E30222077696474683D22302E302220783D22302E302220793D22302E30222F3E0D0A20202020202020203C2F62706D6E64693A42504D4E4C6162656C3E0D0A2020202020203C2F62706D6E64693A42504D4E456467653E0D0A2020202020203C62706D6E64693A42504D4E456467652062706D6E456C656D656E743D225F37222069643D2242504D4E456467655F5F372220736F75726365456C656D656E743D225F352220746172676574456C656D656E743D225F33223E0D0A20202020202020203C6F6D6764693A776179706F696E7420783D223139312E302220793D223332302E30222F3E0D0A20202020202020203C6F6D6764693A776179706F696E7420783D223139312E302220793D223437302E30222F3E0D0A20202020202020203C62706D6E64693A42504D4E4C6162656C3E0D0A202020202020202020203C6F6D6764633A426F756E6473206865696768743D22302E30222077696474683D22302E302220783D22302E302220793D22302E30222F3E0D0A20202020202020203C2F62706D6E64693A42504D4E4C6162656C3E0D0A2020202020203C2F62706D6E64693A42504D4E456467653E0D0A202020203C2F62706D6E64693A42504D4E506C616E653E0D0A20203C2F62706D6E64693A42504D4E4469616772616D3E0D0A3C2F646566696E6974696F6E733E0D0A, '0');
INSERT INTO `act_ge_bytearray` VALUES ('2502', '1', 'source', null, 0x7B226964223A2266796B222C227265736F757263654964223A2266796B222C227374656E63696C736574223A7B226E616D657370616365223A22746573742E62706D6E227D7D, null);
INSERT INTO `act_ge_bytearray` VALUES ('3', '1', 'E:\\workspaceIDEA\\project_base\\project_web\\target\\classes\\processes\\test.myProcess_1.png', '1', 0x89504E470D0A1A0A0000000D49484452000000FF0000020008060000004D53BA2F0000161A4944415478DAEDDD0D7454657EC7F155A1A2C7963D2DAD6FEB4B2B6BD152CFB6E84AEBE266755DA425AEA8933BF76680D1DA20100828880D6FD1ACB51BE2063416A15674432BD4965D378B10DE62E0B804036EC88AB1BCCA81104CB00B644920046EFFFF390967088417093393F97F3FE73C8790C1C4F34B7EF33CCF9D7BEF7CED6B00000000000000000000000000000000000000000000000000000000000000000000000000000000000000000000000000000000000000000000000000000000000000000000000000000000000000000000000000000000000000000000000000000000000000000000000000000000000000000000000000000000000000000000000000000000000000000000000000000000000000000000000040A2F37DBF474949C9F8C2C2C2753366CCD8FFCC33CF1C0D87C37E3018F443A1D0F1F1E3C71F9E366DDAB6E79F7F7ED1D8B163BF47624017B767CF9E7E4545451F6665651D1B356A943F6FDE3CBFBCBCDCAFADADF59B9A9A7CD5DCDCECD7D5D5F9151515FEFCF9F3FD9123471E1F3366CC97D9D9D92F040281AB4811E85A33FD55A5A5A5CB3233338FE7E7E7FB55555591929FAB4D9B36F9B24AF09F7CF2C9434F3FFDF4601205BAC86C3F6BD6AC03E3C68DF32B2B2BFD0BF1D9679FF9B20D68193162C42F659BD083748104D5D0D0F0DD2953A634BFF2CA2BFEC18307FDCEA0DB03F97A47478F1E5DC6360048D0195F8B9F9797E7B7B4B4F89D6DF6ECD9CDB20258919292D28DB48104DAE3EB525F67FC8B51FC363367CE6C0C8542EF90389020F4E09EEEF13B6BA97FA62DC0A851A30E0483C11452071260B9AF47F5F5887E2CE841C0F4F4F4BDECFF8138D3D7F1F5E5BC58CACDCDDD2AB3FF04D207E2B7D7EFA127F0C46AD66F535D5D7DC4F3BC9D1CFC03E264F9F2E513F4CCBD8B7990AF23E170B8CE719CFEFC148038D073F5F594DD78282828A894A57F2E3F05200EF4221D3D573F1ED6AE5DBB4BCAFF2E3F05200EF4EA3CBD48271EF6EDDBF7A594BF9A9F02100743870E3D71755EACE9854252FE267E0A401CE8F5F8F1A4DF9F9F021007C3870F3F1EC7997F1F333F10BF3D7F53BCF6FC7575755BD8F30371327DFAF4CDF13ADA5F5252F23E47FB8138C9CDCD7D275EAFF34F9D3AB598D7F98138193366CCB7F59E7B7138C3AF494FEFE50C3F208EB2B2B2EA637D6EBF6C3574C9BF8373FB81389A3265CAF4FCFCFCE3B12CFF8811238AB9AA0F8833BDB16646464683DE713716D6AD5B57A2B33ED7F303092033337390ECFF9B2FF69D7C1A1B1BF7CA5E7F3377F20112C8534F3DF5F3828282C317F1E05FC3C8912375AF5F44DA4002D1836FB20228292C2C3C72119E001AB2B3B317EAEBFADCBF1F48D02700D9FFBFFFF2CB2FFFEED0A1439DB6D41F3D7AB41EE07B977D3E90E04F0043870E9D2FDB80031B376E6CB9D0837BAD7BFC22667CA08BD08372A150A866DAB469DBE549E07CB6024D1515154BF418821ED5E7E01ED005E96CED384EA6EBBA5B870D1BB62F3F3FBFB2ACAC6CE7DEBD7BEBDADEB853AFCED38B74962D5B56A2A7ECEA997BADA59FC0321F488E95C09D32A6C813C13BF284F06BBD1C57AFC76FFDB35AF7F4F2D84B7ACA2E67EE01494C66F5DF93C21F2109C05EF9AF92F237900460AFFC7F28E5FF9224007BE5BF46CA5F4B1280BDF2DF28E5DF491280BDF2F796F26F2109C05EF96F775D77134900C6789EF72D7DBD9F24007BE5FFB62CFBD79104608C2CF9BF23E55F431280BDF2DF27E55F491280BDF23F28E55F4212803152FC8764BC471280BDF23FC6DB6D0136CBEFC9F80F9200EC953F2C631E4900F6CA9F21630E4900C6E8EDBDA4FCAF920460AFFC4FBBAEFB324900F6CAFF9CDEB38F24007BE59F26E57F9E240063A4F83F922780C92401D82B7F9E947F224900F6CA3F53CA9F45128031C160F05FA5FC234902B057FE3764FC034900F6CAFF5319434902B057FE05321C9200EC957F918C212401D82BFF2F65FC3D4900F6CABFCC75DD074802B057FE0FA4FCDF2509C05EF97F25E5FF1B9200EC957FBDE779FD480230C6719CAAF4F4F4BF2409C01859F27F160804FE9C24007BCBFEED52FE3F2509C05EF9774BF9AF2709C05EF9EBA4FC7F4C1280BDF2EF97F2F72409C05EF91BA5FC57900460AFFC2D52FECB480230242727E75229FF3192008C0987C33DA4FC4D240118939E9EFE0752FE03240118E3BA6E2F297F3D4900C648F1AF9351431280BDF2DF2C63074900C6388E73AB94FF7F4902B057FEBE52FEDF900460AFFC7F2DE5DF401280BDF2F797F2AF2509C098B4B4B47B5DD72D2309C05EF9BF2FE55F4E1280319EE7FD9D2CFD179304608CCCFA0F4BF97F461280BDF2A70583C1852401D82B7F48CA5F4412803152FC2764FC3B4900F6CAFF948CD92401D82BFF5819B34802B057FE093266900460AFFCD9325E2409C05EF973644C2709C05EF9FFD975DD7F2209C018C771F2A5FCCF900460AFFCAF48F9C7900460AFFCAF4BF9479004608C14FF4D7902789C24007BE59F2FE54F2709C05EF9FF4BCA1F2009C0986030F87329FF0F4902B057FEF7A5FC834802B057FE1532EE2709C05EF957CB18401280BDF297CBB89B24007BE5FF58C65F910460AFFC9FB8AEFB172401D82BFF66CFF3BE491280BDF27F2EE5BF8924007BE5DF130A85AE2509C05EF9F70D1B36EC8F480230C675DD830F3DF4D0EF9304606FE63F3C68D0A0CB4902B057FEE3F2C725240118929292D24DCA7F94240063525353AF94F21F2209C0987038FC75C7717E4B12803143870EFD1399F9BF2009C098F4F4F46F48F9779104608CE7797F26E5DF46128031AEEBF691F257930460AFFC7748F9379204608C14FF4E19152401D82BFFDFCAF89024007BE54F91514A1280318EE3FC40CA5F421280BDF20F96F217930460AFFC8F48F9FF8724007BE50FBAAEFB0E4900F6CA3F4CCAFF364900C648F19F9427807F2309C05EF94749F95F2309C05EF9C749F90B4802B057FE67A5FC3F2609C09860303845462E4900F6CAFF828CA92401D82BFFBFC898441280BDF2FF44C6789200EC95BF50C6689200EC957FAE8C7F2409C05EF9DF725D77384900F6CAFF9F527E972400631CC7F96FE9FEA32401D82BFF2FA4FCA92401D82BFF52CFF306920490C46486EF257BFC9BF5CD39A33EB72A2D2DED7BA40324F72CFF9C94DF3FDDD077EA953F77E8BBF7443F3900480252EA1E52EEDA8E9E005AC70C92029290947BC2198ADFA45B0352029277DFDFD041F973480848EED97FC6E9F6FCECF581E49FFDFBB42FBFDEC89364001BB37F51D4ACBF252525A51BA90006040281DE52FCA3AD4F005CD20B189BFD8B651C9327829EA401D82AFF9DB2E43F9A9191D19D34804EE0FB7EB7EDDBB7BF5B5E5E7E6CE5CA95FEF2E5CB195F61AC58B1C25FBD7AF53E19217EABD02568F1D7AC59E3D7D5D5F9478E1C615CC0A8AFAFF7CBCACA0EC813C163FC6621E1E98C4FF13BF509E088AC04AAF9CD42C2D3A53EA5EDDC21E53FCA6F16129EEE57296CA797DFE7370B4953FEDFEDAFF5B757CCF337AD782132F463FD1C65A7FC48E2F237FCB6C6FFA464AABF71F1C493867E4E1FA3F0941F495AFE5D9B7E714AF1DBC6EE4DC5149EF22359CB5F5DFAE30ECBAF8F5178CA8F242DFF27CB733A2CBF3E46E1293F283F83F22399CAAF47F73B2ABF3E46E1293F92B4FC5B3E2CECB0FCFA1885A7FC48D2F27F5953E57FB26CFAA94B7EF99C3E46E1293F92B4FC3A76ACFFE929E5D7CF5176CA8F642EFFE1C3FE965FCD3E75C92F9FD3C7283CE54712965FCFE0DBFCE1AB1DEEF9F531CEF2A3FC48A6F2CB8C5EBB6595FF9BA5D91D16BF6DE8BFD17FCB2A80F2A38B97FF6CB33DAB00CA8F242DFFB9CCF6675A05507ECA8F2E5AFEAF5AFCB641F9293F92E5683F83F283F233283F283F83F283F233283F283F83F283F2537E80F2537E80F2537E2069CA2F5F26323AFA7B678DB6AFDB7E74D6FF37E507E54FD0F277F6D7A7FCA0FC17B1FCEFBDF79EDFB76F5FBF7BF7EEFE15575CE1DF7BEFBDFEB66DDB4EBCABEDB061C3FCCB2FBF3CF2D8A38F3EEAEFDEBDFBA4AFA1FFFEAEBBEE3A6B69CBCACAFCDB6FBF3DF27DAEBEFA6AFFADB7DE3AEBF78FFE3A797979918F274F9E4CF941F93BA3FC3D7BF68C7CBC63C70EFFA38F3E8A7CDC56E670381CF9FBC71F7FEC575656463E1E3870E0495F43DF4874CF9E3D672DBF165FBFFEAE5DBB228FE9F73DDBF76FFB3AAFBFFE7AE4CF279E7882991F94FF7CC665975D764AF9F573FAF13DF7DC13F9BBCEBC83060DF25F7BEDB5C88CAF8FE98CDF7EFFAE9F8B2E665353D3392DD7B5DC93264D8A143BFAF1337DFFF6DF7BD6AC59941F94FF7C862EA7DB975F3FA71F6B79F57B8C1D3BD6BFE1861B228FDD7AEBAD2795FF5C0B7EA6C7FAF4E913F95C7171F1498F9FE9FBB7FDBBCCCCCCC8FFAF6E0F283F28FF790C9D51B544FAB5D6AC597362AFAE8FDD7DF7DD91BFAF5DBB36B27CD78FAFBFFEFAC8639EE745FE3E77EEDCC8D25F3F1E3060C0572A7FDB1349DBD7697BFC4CDF3FFADF8542A1C8C7A5A5A5941F94FF5CC7CE9D3BFD071E782052405DEEA7A4A49C38A8A68F0D19322432B3EAD25B97E57A704E1FDBBB776F64DFAF8FE97FABFB7DFDF75FA5FCBA9CD7AFA1FBF6E8C7CFF4FDA3FFDDE2C58B231FA7A5A5517E507E06E507E567507E507E06E507E567507E507E06E507E5A7FC941F949FF203949FF203949FF203949FF203949FF203949FF203949FF203949FF203949FF203174CEF9147613B753449F98FF29B8584B77AF5EADABABA3A4ADB49A3A6A6668194BF9ADF2C24BC55AB56FDF0830F3ED8FFC5175F34266AA10E1F3EDC25667C2DFE8A152B76CA788CDF2C7409F2CB3A5866AB0A5DAEEA7E35D186DEEB6FD9B2657E22FEBF450DCDAE9AE2039D241008F40C0683FB4902304666FD9BA4FC3B490230C675DD3BA4FC1B490230468A3F40C66A9200ECCDFCA952FE629200EC953F24E52F2209C018C77132A5FC852401D82BFF6429FF8B2401D85BF6E7C913C04492008C91597FAE8C0C9200EC957FA1CCFE692401D8DBF32FF53C6F204900F666FE727902E84F1280BDF257CBB2BF0F4900F6CABF27140A5D4B1280BDF237A6A6A65E49128021191919DDA5FCCD240118237BFD5E52FE7A92008C090402BDA5FC5B490230C6F3BC7E52FEF524011823C5BF5FC64A92008C711CE71129FF229200EC95FF71D775DF2409C0DEB27FBC3C0114900460AFFC3932A69304606FD95F20CBFE712401D89BF9E7E9BE9F24007BE55F2463084900F6CABF5296FDF7910460AFFC1BF42C3F9200EC957FABECF96F2109C05EF9F7E9957D2401D82B7FB35ED34F1280217AF71E29FF219200ECCDFAD7E9FDFB480230C6719CDBA4FC9F920460AFFCFDA5FC6B490230C675DD07F5DD7A4802B0B7E777642C2009C05EF93364CC2109C0DEB2FF5919792401D89BF95F94914D1280BDF217CA184D1280BD65FF7C19219200ECCDFCC58EE30C2609C05EF9D7C8184012803132EB57C9B2FF0E9200ECCDFC3B0381C08D2401D82BFF01297F4F92000CC9C9C9B954CADF221F5E421A80213AE34BF9F79304608CE77937E99E9F240063F428BF947F234900C6E8EBFB32569304606FE64FD533FC4802B057FE9094BF882400631CC7C9D4ABFA4802B057FEC97A3D3F4900F696FD79F204309124006364D69FABF7F02309C05EF917CAEC9F461280BD3DFF52CFF3069204606FE62FD777EC2109C05EF9AB65D9DF8724007BE5DF130A85AE2509C05EF91B535353AF2409C0908C8C8CEE52FE6692008C91BD7E2F297F3D4900C6040281DE52FEAD240118E3795E3F29FF7A92008C91E2DF2F63254900C6388EF388947F114900F6CAFFB8EBBA6F9204606FD93F5E9E000A4802B057FE1C19D34902B0B7EC2F9065FF389200ECCDFCF374DF4F1280BDF22F92318424007BE55F29CBFEFB4802B057FE0D7A961F4900F6CABF55F6FCB7900460AFFCFBF4CA3E9200EC95BF59AFE92709C010BD7B8F94FF104900F666FDEBF4FE7D240118E338CE6D52FE4F4902B057FEFE52FEB5240118E3BAEE83FA6E3D2401D8DBF33B3216900460AFFC1932E69004606FD9FFAC8C3C9200ECCDFC2FCAC82609C05EF90B658C2609C0DEB27FBE8C104900F666FE62C77106930460AFFC6B640C2009C01899F5AB64D97F074900F666FE9D8140E0469200EC95FF8094BF27490086E4E4E45C2AE56F910F2F210DC0109DF1A5FCFB490230C6F3BC9B74CF4F1280317A945FCABF91240063F4F57D19AB4902B037F3A7EA197E2401D82B7F48CA5F441280318EE364EA557D2401D82BFF64BD9E9F24007BCBFE3C7902984812803132EBCFD57BF8910460AFFC0B65F64F2309C0DE9E7FA9E779034902B037F397EB3BF6900460AFFCD5B2ECEF431280BDF2EF098542D7920460AFFC8DA9A9A9579204604846464677297F334900C6C85EBF9794BF9E2400630281406F29FF5692008CF13CAF9F947F3D4900C648F1EF97B1922400631CC77944CABF8824007BE57FDC75DD374902B0B7EC1F2F4F00052401D82B7F8E8CE92401D85BF617C8B27F1C4900F666FE79BAEF2709C05EF917C918421280BDF2AF9465FF7D2401D82BFF063DCB8F24007BE5DF2A7BFE5B4802B057FE7D7A651F4900F6CADFACD7F493046088DEBD47CA7F8824007BB3FE757AFF3E92008C711CE73629FFA72401D82B7F7F29FF5A92008C715DF7417DB71E920092BBE87AA3CE3B65DC1C0E87BFDEBAE777642C201D20F9CBDF24C38F1A0DF2F983F2E71619A53296E86A80B4802423E57EB55DF9DB8FFAB655018024E279DEB7CE547ED9FF67921290BCB37F4507C5FF754A4A4A3712029277EFFFF0E9CA2F9FFF0EE900C93FFB57B79BF57F462A800152F6E7A2CADFA82FFF910A60407A7AFA37A4F0475B67FD992402D85AFA17E91380E779DF240D2009E9117C3D71478A9EAB27F1B4EEF78F462DFB6BE4F1E5325E92110A87C33D480DE8C20281C035FA861C52E8AD6739B1A7FDA895319BE30040179CE9F5809E2CE70F9D67E9DB8FA3BA1A602500748DD9BEB7147663FB228F1A35CA9F33678E5F5E5EEED7D4D4F84D4D4DBED23FEBEAEAFC0D1B36F86FBFFDB63F6EDCB8D39EFC23A32FE902094AAFCD4F4F4FAF8F2EEEC4891323C56E6969F1CF556565A59F9D9DDDFE49A041BEFE60520612B0F8B2CC6F6C2BAB3C09F8C5C5C5E755FAF6962E5DEACB92FFA46D004F0040822DF5A5F8FF17BDC4DFBC79B3DF193EFFFC737FCC9831ED57006C0180786B7D196F6374F1750FDF99F4EB453F01E831000E0202F15FEE3F17BDD4EFAC19FF742B80765B8019A40FC46FB97F4DF4CB79BAC7BF98F41840F4FE5FB71BFC148038D01378A28FEA373737FB17DBA44993A29F0066F35300E2B3D73F71E69EBE9C170B555555279D0928B3FF55FC3480D8EEF507471FE4BB9097F4CE57F489407A2D003F0D20B64BFEDCB602BEF1C61B7E2CCD9F3F3FBAFC2FF1D300625BFE256D05D453766349B718514BFF527E1A406CCBBFA5AD80B5B5B5312DBFBEEE1F55FE5DFC3480D896FFC4F5F86D17E9C48A7EBFE8F3FEF96900B12DFF89F2C503E50798F9293FC09E1F402CCACFD17EC068F9799D1FB028FA2DB7627D865F5656D671CEF003E244CFEDD7FD36E7F6033697FE33A2AFEA8BC5ECDFEEDE7E5CD507C443EB7DF91BB89E1FB039FBE7C6EA4E3EC3870F3FCE9D7C8004A1F7D2D37BEA5DEC7BF86566661EE31E7E4082D1BBE9462FFF3BFBEEBDD1C5E7EEBD4082494B4BFB7EF4134067DDB7BFDD529FFBF6035DE109A0ED55007D079EF37D396FEAD4A9BC630FD0D5B600D1C700A2B7027A2660454545E45A80F6EFD5A74F107AE65EF4093CBC571FD0C5E8C1B8D657019A2EF45D7AF5A83E07F7802E46CF039019BB20FA4CC0731CB57A028FEBBA7D4811E8C25A6FF3FD70EB6A6049F4E5C051652FD58B74F45C7D4ED905000000000000000000000089E6FF013296F0AAA90F09070000000049454E44AE426082, '1');

-- ----------------------------
-- Table structure for `act_ge_property`
-- ----------------------------
DROP TABLE IF EXISTS `act_ge_property`;
CREATE TABLE `act_ge_property` (
  `NAME_` varchar(64) COLLATE utf8_bin NOT NULL DEFAULT '',
  `VALUE_` varchar(300) COLLATE utf8_bin DEFAULT NULL,
  `REV_` int(11) DEFAULT NULL,
  PRIMARY KEY (`NAME_`)
) ENGINE=InnoDB DEFAULT CHARSET=utf8 COLLATE=utf8_bin;

-- ----------------------------
-- Records of act_ge_property
-- ----------------------------
INSERT INTO `act_ge_property` VALUES ('next.dbid', '5001', '3');
INSERT INTO `act_ge_property` VALUES ('schema.history', 'create(5.22.0.0)', '1');
INSERT INTO `act_ge_property` VALUES ('schema.version', '5.22.0.0', '1');

-- ----------------------------
-- Table structure for `act_hi_actinst`
-- ----------------------------
DROP TABLE IF EXISTS `act_hi_actinst`;
CREATE TABLE `act_hi_actinst` (
  `ID_` varchar(64) COLLATE utf8_bin NOT NULL,
  `PROC_DEF_ID_` varchar(64) COLLATE utf8_bin NOT NULL,
  `PROC_INST_ID_` varchar(64) COLLATE utf8_bin NOT NULL,
  `EXECUTION_ID_` varchar(64) COLLATE utf8_bin NOT NULL,
  `ACT_ID_` varchar(255) COLLATE utf8_bin NOT NULL,
  `TASK_ID_` varchar(64) COLLATE utf8_bin DEFAULT NULL,
  `CALL_PROC_INST_ID_` varchar(64) COLLATE utf8_bin DEFAULT NULL,
  `ACT_NAME_` varchar(255) COLLATE utf8_bin DEFAULT NULL,
  `ACT_TYPE_` varchar(255) COLLATE utf8_bin NOT NULL,
  `ASSIGNEE_` varchar(255) COLLATE utf8_bin DEFAULT NULL,
  `START_TIME_` datetime NOT NULL,
  `END_TIME_` datetime DEFAULT NULL,
  `DURATION_` bigint(20) DEFAULT NULL,
  `TENANT_ID_` varchar(255) COLLATE utf8_bin DEFAULT '',
  PRIMARY KEY (`ID_`),
  KEY `ACT_IDX_HI_ACT_INST_START` (`START_TIME_`),
  KEY `ACT_IDX_HI_ACT_INST_END` (`END_TIME_`),
  KEY `ACT_IDX_HI_ACT_INST_PROCINST` (`PROC_INST_ID_`,`ACT_ID_`),
  KEY `ACT_IDX_HI_ACT_INST_EXEC` (`EXECUTION_ID_`,`ACT_ID_`)
) ENGINE=InnoDB DEFAULT CHARSET=utf8 COLLATE=utf8_bin;

-- ----------------------------
-- Records of act_hi_actinst
-- ----------------------------

-- ----------------------------
-- Table structure for `act_hi_attachment`
-- ----------------------------
DROP TABLE IF EXISTS `act_hi_attachment`;
CREATE TABLE `act_hi_attachment` (
  `ID_` varchar(64) COLLATE utf8_bin NOT NULL,
  `REV_` int(11) DEFAULT NULL,
  `USER_ID_` varchar(255) COLLATE utf8_bin DEFAULT NULL,
  `NAME_` varchar(255) COLLATE utf8_bin DEFAULT NULL,
  `DESCRIPTION_` varchar(4000) COLLATE utf8_bin DEFAULT NULL,
  `TYPE_` varchar(255) COLLATE utf8_bin DEFAULT NULL,
  `TASK_ID_` varchar(64) COLLATE utf8_bin DEFAULT NULL,
  `PROC_INST_ID_` varchar(64) COLLATE utf8_bin DEFAULT NULL,
  `URL_` varchar(4000) COLLATE utf8_bin DEFAULT NULL,
  `CONTENT_ID_` varchar(64) COLLATE utf8_bin DEFAULT NULL,
  `TIME_` datetime DEFAULT NULL,
  PRIMARY KEY (`ID_`)
) ENGINE=InnoDB DEFAULT CHARSET=utf8 COLLATE=utf8_bin;

-- ----------------------------
-- Records of act_hi_attachment
-- ----------------------------

-- ----------------------------
-- Table structure for `act_hi_comment`
-- ----------------------------
DROP TABLE IF EXISTS `act_hi_comment`;
CREATE TABLE `act_hi_comment` (
  `ID_` varchar(64) COLLATE utf8_bin NOT NULL,
  `TYPE_` varchar(255) COLLATE utf8_bin DEFAULT NULL,
  `TIME_` datetime NOT NULL,
  `USER_ID_` varchar(255) COLLATE utf8_bin DEFAULT NULL,
  `TASK_ID_` varchar(64) COLLATE utf8_bin DEFAULT NULL,
  `PROC_INST_ID_` varchar(64) COLLATE utf8_bin DEFAULT NULL,
  `ACTION_` varchar(255) COLLATE utf8_bin DEFAULT NULL,
  `MESSAGE_` varchar(4000) COLLATE utf8_bin DEFAULT NULL,
  `FULL_MSG_` longblob,
  PRIMARY KEY (`ID_`)
) ENGINE=InnoDB DEFAULT CHARSET=utf8 COLLATE=utf8_bin;

-- ----------------------------
-- Records of act_hi_comment
-- ----------------------------

-- ----------------------------
-- Table structure for `act_hi_detail`
-- ----------------------------
DROP TABLE IF EXISTS `act_hi_detail`;
CREATE TABLE `act_hi_detail` (
  `ID_` varchar(64) COLLATE utf8_bin NOT NULL,
  `TYPE_` varchar(255) COLLATE utf8_bin NOT NULL,
  `PROC_INST_ID_` varchar(64) COLLATE utf8_bin DEFAULT NULL,
  `EXECUTION_ID_` varchar(64) COLLATE utf8_bin DEFAULT NULL,
  `TASK_ID_` varchar(64) COLLATE utf8_bin DEFAULT NULL,
  `ACT_INST_ID_` varchar(64) COLLATE utf8_bin DEFAULT NULL,
  `NAME_` varchar(255) COLLATE utf8_bin NOT NULL,
  `VAR_TYPE_` varchar(255) COLLATE utf8_bin DEFAULT NULL,
  `REV_` int(11) DEFAULT NULL,
  `TIME_` datetime NOT NULL,
  `BYTEARRAY_ID_` varchar(64) COLLATE utf8_bin DEFAULT NULL,
  `DOUBLE_` double DEFAULT NULL,
  `LONG_` bigint(20) DEFAULT NULL,
  `TEXT_` varchar(4000) COLLATE utf8_bin DEFAULT NULL,
  `TEXT2_` varchar(4000) COLLATE utf8_bin DEFAULT NULL,
  PRIMARY KEY (`ID_`),
  KEY `ACT_IDX_HI_DETAIL_PROC_INST` (`PROC_INST_ID_`),
  KEY `ACT_IDX_HI_DETAIL_ACT_INST` (`ACT_INST_ID_`),
  KEY `ACT_IDX_HI_DETAIL_TIME` (`TIME_`),
  KEY `ACT_IDX_HI_DETAIL_NAME` (`NAME_`),
  KEY `ACT_IDX_HI_DETAIL_TASK_ID` (`TASK_ID_`)
) ENGINE=InnoDB DEFAULT CHARSET=utf8 COLLATE=utf8_bin;

-- ----------------------------
-- Records of act_hi_detail
-- ----------------------------

-- ----------------------------
-- Table structure for `act_hi_identitylink`
-- ----------------------------
DROP TABLE IF EXISTS `act_hi_identitylink`;
CREATE TABLE `act_hi_identitylink` (
  `ID_` varchar(64) COLLATE utf8_bin NOT NULL DEFAULT '',
  `GROUP_ID_` varchar(255) COLLATE utf8_bin DEFAULT NULL,
  `TYPE_` varchar(255) COLLATE utf8_bin DEFAULT NULL,
  `USER_ID_` varchar(255) COLLATE utf8_bin DEFAULT NULL,
  `TASK_ID_` varchar(64) COLLATE utf8_bin DEFAULT NULL,
  `PROC_INST_ID_` varchar(64) COLLATE utf8_bin DEFAULT NULL,
  PRIMARY KEY (`ID_`),
  KEY `ACT_IDX_HI_IDENT_LNK_USER` (`USER_ID_`),
  KEY `ACT_IDX_HI_IDENT_LNK_TASK` (`TASK_ID_`),
  KEY `ACT_IDX_HI_IDENT_LNK_PROCINST` (`PROC_INST_ID_`)
) ENGINE=InnoDB DEFAULT CHARSET=utf8 COLLATE=utf8_bin;

-- ----------------------------
-- Records of act_hi_identitylink
-- ----------------------------

-- ----------------------------
-- Table structure for `act_hi_procinst`
-- ----------------------------
DROP TABLE IF EXISTS `act_hi_procinst`;
CREATE TABLE `act_hi_procinst` (
  `ID_` varchar(64) COLLATE utf8_bin NOT NULL,
  `PROC_INST_ID_` varchar(64) COLLATE utf8_bin NOT NULL,
  `BUSINESS_KEY_` varchar(255) COLLATE utf8_bin DEFAULT NULL,
  `PROC_DEF_ID_` varchar(64) COLLATE utf8_bin NOT NULL,
  `START_TIME_` datetime NOT NULL,
  `END_TIME_` datetime DEFAULT NULL,
  `DURATION_` bigint(20) DEFAULT NULL,
  `START_USER_ID_` varchar(255) COLLATE utf8_bin DEFAULT NULL,
  `START_ACT_ID_` varchar(255) COLLATE utf8_bin DEFAULT NULL,
  `END_ACT_ID_` varchar(255) COLLATE utf8_bin DEFAULT NULL,
  `SUPER_PROCESS_INSTANCE_ID_` varchar(64) COLLATE utf8_bin DEFAULT NULL,
  `DELETE_REASON_` varchar(4000) COLLATE utf8_bin DEFAULT NULL,
  `TENANT_ID_` varchar(255) COLLATE utf8_bin DEFAULT '',
  `NAME_` varchar(255) COLLATE utf8_bin DEFAULT NULL,
  PRIMARY KEY (`ID_`),
  UNIQUE KEY `PROC_INST_ID_` (`PROC_INST_ID_`),
  KEY `ACT_IDX_HI_PRO_INST_END` (`END_TIME_`),
  KEY `ACT_IDX_HI_PRO_I_BUSKEY` (`BUSINESS_KEY_`)
) ENGINE=InnoDB DEFAULT CHARSET=utf8 COLLATE=utf8_bin;

-- ----------------------------
-- Records of act_hi_procinst
-- ----------------------------

-- ----------------------------
-- Table structure for `act_hi_taskinst`
-- ----------------------------
DROP TABLE IF EXISTS `act_hi_taskinst`;
CREATE TABLE `act_hi_taskinst` (
  `ID_` varchar(64) COLLATE utf8_bin NOT NULL,
  `PROC_DEF_ID_` varchar(64) COLLATE utf8_bin DEFAULT NULL,
  `TASK_DEF_KEY_` varchar(255) COLLATE utf8_bin DEFAULT NULL,
  `PROC_INST_ID_` varchar(64) COLLATE utf8_bin DEFAULT NULL,
  `EXECUTION_ID_` varchar(64) COLLATE utf8_bin DEFAULT NULL,
  `NAME_` varchar(255) COLLATE utf8_bin DEFAULT NULL,
  `PARENT_TASK_ID_` varchar(64) COLLATE utf8_bin DEFAULT NULL,
  `DESCRIPTION_` varchar(4000) COLLATE utf8_bin DEFAULT NULL,
  `OWNER_` varchar(255) COLLATE utf8_bin DEFAULT NULL,
  `ASSIGNEE_` varchar(255) COLLATE utf8_bin DEFAULT NULL,
  `START_TIME_` datetime NOT NULL,
  `CLAIM_TIME_` datetime DEFAULT NULL,
  `END_TIME_` datetime DEFAULT NULL,
  `DURATION_` bigint(20) DEFAULT NULL,
  `DELETE_REASON_` varchar(4000) COLLATE utf8_bin DEFAULT NULL,
  `PRIORITY_` int(11) DEFAULT NULL,
  `DUE_DATE_` datetime DEFAULT NULL,
  `FORM_KEY_` varchar(255) COLLATE utf8_bin DEFAULT NULL,
  `CATEGORY_` varchar(255) COLLATE utf8_bin DEFAULT NULL,
  `TENANT_ID_` varchar(255) COLLATE utf8_bin DEFAULT '',
  PRIMARY KEY (`ID_`),
  KEY `ACT_IDX_HI_TASK_INST_PROCINST` (`PROC_INST_ID_`)
) ENGINE=InnoDB DEFAULT CHARSET=utf8 COLLATE=utf8_bin;

-- ----------------------------
-- Records of act_hi_taskinst
-- ----------------------------

-- ----------------------------
-- Table structure for `act_hi_varinst`
-- ----------------------------
DROP TABLE IF EXISTS `act_hi_varinst`;
CREATE TABLE `act_hi_varinst` (
  `ID_` varchar(64) COLLATE utf8_bin NOT NULL,
  `PROC_INST_ID_` varchar(64) COLLATE utf8_bin DEFAULT NULL,
  `EXECUTION_ID_` varchar(64) COLLATE utf8_bin DEFAULT NULL,
  `TASK_ID_` varchar(64) COLLATE utf8_bin DEFAULT NULL,
  `NAME_` varchar(255) COLLATE utf8_bin NOT NULL,
  `VAR_TYPE_` varchar(100) COLLATE utf8_bin DEFAULT NULL,
  `REV_` int(11) DEFAULT NULL,
  `BYTEARRAY_ID_` varchar(64) COLLATE utf8_bin DEFAULT NULL,
  `DOUBLE_` double DEFAULT NULL,
  `LONG_` bigint(20) DEFAULT NULL,
  `TEXT_` varchar(4000) COLLATE utf8_bin DEFAULT NULL,
  `TEXT2_` varchar(4000) COLLATE utf8_bin DEFAULT NULL,
  `CREATE_TIME_` datetime DEFAULT NULL,
  `LAST_UPDATED_TIME_` datetime DEFAULT NULL,
  PRIMARY KEY (`ID_`),
  KEY `ACT_IDX_HI_PROCVAR_PROC_INST` (`PROC_INST_ID_`),
  KEY `ACT_IDX_HI_PROCVAR_NAME_TYPE` (`NAME_`,`VAR_TYPE_`),
  KEY `ACT_IDX_HI_PROCVAR_TASK_ID` (`TASK_ID_`)
) ENGINE=InnoDB DEFAULT CHARSET=utf8 COLLATE=utf8_bin;

-- ----------------------------
-- Records of act_hi_varinst
-- ----------------------------

-- ----------------------------
-- Table structure for `act_id_group`
-- ----------------------------
DROP TABLE IF EXISTS `act_id_group`;
CREATE TABLE `act_id_group` (
  `ID_` varchar(64) COLLATE utf8_bin NOT NULL DEFAULT '',
  `REV_` int(11) DEFAULT NULL,
  `NAME_` varchar(255) COLLATE utf8_bin DEFAULT NULL,
  `TYPE_` varchar(255) COLLATE utf8_bin DEFAULT NULL,
  PRIMARY KEY (`ID_`)
) ENGINE=InnoDB DEFAULT CHARSET=utf8 COLLATE=utf8_bin;

-- ----------------------------
-- Records of act_id_group
-- ----------------------------

-- ----------------------------
-- Table structure for `act_id_info`
-- ----------------------------
DROP TABLE IF EXISTS `act_id_info`;
CREATE TABLE `act_id_info` (
  `ID_` varchar(64) COLLATE utf8_bin NOT NULL DEFAULT '',
  `REV_` int(11) DEFAULT NULL,
  `USER_ID_` varchar(64) COLLATE utf8_bin DEFAULT NULL,
  `TYPE_` varchar(64) COLLATE utf8_bin DEFAULT NULL,
  `KEY_` varchar(255) COLLATE utf8_bin DEFAULT NULL,
  `VALUE_` varchar(255) COLLATE utf8_bin DEFAULT NULL,
  `PASSWORD_` longblob,
  `PARENT_ID_` varchar(255) COLLATE utf8_bin DEFAULT NULL,
  PRIMARY KEY (`ID_`)
) ENGINE=InnoDB DEFAULT CHARSET=utf8 COLLATE=utf8_bin;

-- ----------------------------
-- Records of act_id_info
-- ----------------------------

-- ----------------------------
-- Table structure for `act_id_membership`
-- ----------------------------
DROP TABLE IF EXISTS `act_id_membership`;
CREATE TABLE `act_id_membership` (
  `USER_ID_` varchar(64) COLLATE utf8_bin NOT NULL DEFAULT '',
  `GROUP_ID_` varchar(64) COLLATE utf8_bin NOT NULL DEFAULT '',
  PRIMARY KEY (`USER_ID_`,`GROUP_ID_`),
  KEY `ACT_FK_MEMB_GROUP` (`GROUP_ID_`),
  CONSTRAINT `ACT_FK_MEMB_GROUP` FOREIGN KEY (`GROUP_ID_`) REFERENCES `act_id_group` (`ID_`),
  CONSTRAINT `ACT_FK_MEMB_USER` FOREIGN KEY (`USER_ID_`) REFERENCES `act_id_user` (`ID_`)
) ENGINE=InnoDB DEFAULT CHARSET=utf8 COLLATE=utf8_bin;

-- ----------------------------
-- Records of act_id_membership
-- ----------------------------

-- ----------------------------
-- Table structure for `act_id_user`
-- ----------------------------
DROP TABLE IF EXISTS `act_id_user`;
CREATE TABLE `act_id_user` (
  `ID_` varchar(64) COLLATE utf8_bin NOT NULL DEFAULT '',
  `REV_` int(11) DEFAULT NULL,
  `FIRST_` varchar(255) COLLATE utf8_bin DEFAULT NULL,
  `LAST_` varchar(255) COLLATE utf8_bin DEFAULT NULL,
  `EMAIL_` varchar(255) COLLATE utf8_bin DEFAULT NULL,
  `PWD_` varchar(255) COLLATE utf8_bin DEFAULT NULL,
  `PICTURE_ID_` varchar(64) COLLATE utf8_bin DEFAULT NULL,
  PRIMARY KEY (`ID_`)
) ENGINE=InnoDB DEFAULT CHARSET=utf8 COLLATE=utf8_bin;

-- ----------------------------
-- Records of act_id_user
-- ----------------------------

-- ----------------------------
-- Table structure for `act_procdef_info`
-- ----------------------------
DROP TABLE IF EXISTS `act_procdef_info`;
CREATE TABLE `act_procdef_info` (
  `ID_` varchar(64) COLLATE utf8_bin NOT NULL,
  `PROC_DEF_ID_` varchar(64) COLLATE utf8_bin NOT NULL,
  `REV_` int(11) DEFAULT NULL,
  `INFO_JSON_ID_` varchar(64) COLLATE utf8_bin DEFAULT NULL,
  PRIMARY KEY (`ID_`),
  UNIQUE KEY `ACT_UNIQ_INFO_PROCDEF` (`PROC_DEF_ID_`),
  KEY `ACT_IDX_INFO_PROCDEF` (`PROC_DEF_ID_`),
  KEY `ACT_FK_INFO_JSON_BA` (`INFO_JSON_ID_`),
  CONSTRAINT `ACT_FK_INFO_JSON_BA` FOREIGN KEY (`INFO_JSON_ID_`) REFERENCES `act_ge_bytearray` (`ID_`),
  CONSTRAINT `ACT_FK_INFO_PROCDEF` FOREIGN KEY (`PROC_DEF_ID_`) REFERENCES `act_re_procdef` (`ID_`)
) ENGINE=InnoDB DEFAULT CHARSET=utf8 COLLATE=utf8_bin;

-- ----------------------------
-- Records of act_procdef_info
-- ----------------------------

-- ----------------------------
-- Table structure for `act_re_deployment`
-- ----------------------------
DROP TABLE IF EXISTS `act_re_deployment`;
CREATE TABLE `act_re_deployment` (
  `ID_` varchar(64) COLLATE utf8_bin NOT NULL DEFAULT '',
  `NAME_` varchar(255) COLLATE utf8_bin DEFAULT NULL,
  `CATEGORY_` varchar(255) COLLATE utf8_bin DEFAULT NULL,
  `TENANT_ID_` varchar(255) COLLATE utf8_bin DEFAULT '',
  `DEPLOY_TIME_` timestamp NULL DEFAULT NULL,
  PRIMARY KEY (`ID_`)
) ENGINE=InnoDB DEFAULT CHARSET=utf8 COLLATE=utf8_bin;

-- ----------------------------
-- Records of act_re_deployment
-- ----------------------------
INSERT INTO `act_re_deployment` VALUES ('1', 'SpringAutoDeployment', null, '', '2019-06-14 16:35:36');

-- ----------------------------
-- Table structure for `act_re_model`
-- ----------------------------
DROP TABLE IF EXISTS `act_re_model`;
CREATE TABLE `act_re_model` (
  `ID_` varchar(64) COLLATE utf8_bin NOT NULL,
  `REV_` int(11) DEFAULT NULL,
  `NAME_` varchar(255) COLLATE utf8_bin DEFAULT NULL,
  `KEY_` varchar(255) COLLATE utf8_bin DEFAULT NULL,
  `CATEGORY_` varchar(255) COLLATE utf8_bin DEFAULT NULL,
  `CREATE_TIME_` timestamp NULL DEFAULT NULL,
  `LAST_UPDATE_TIME_` timestamp NULL DEFAULT NULL,
  `VERSION_` int(11) DEFAULT NULL,
  `META_INFO_` varchar(4000) COLLATE utf8_bin DEFAULT NULL,
  `DEPLOYMENT_ID_` varchar(64) COLLATE utf8_bin DEFAULT NULL,
  `EDITOR_SOURCE_VALUE_ID_` varchar(64) COLLATE utf8_bin DEFAULT NULL,
  `EDITOR_SOURCE_EXTRA_VALUE_ID_` varchar(64) COLLATE utf8_bin DEFAULT NULL,
  `TENANT_ID_` varchar(255) COLLATE utf8_bin DEFAULT '',
  PRIMARY KEY (`ID_`),
  KEY `ACT_FK_MODEL_SOURCE` (`EDITOR_SOURCE_VALUE_ID_`),
  KEY `ACT_FK_MODEL_SOURCE_EXTRA` (`EDITOR_SOURCE_EXTRA_VALUE_ID_`),
  KEY `ACT_FK_MODEL_DEPLOYMENT` (`DEPLOYMENT_ID_`),
  CONSTRAINT `ACT_FK_MODEL_DEPLOYMENT` FOREIGN KEY (`DEPLOYMENT_ID_`) REFERENCES `act_re_deployment` (`ID_`),
  CONSTRAINT `ACT_FK_MODEL_SOURCE` FOREIGN KEY (`EDITOR_SOURCE_VALUE_ID_`) REFERENCES `act_ge_bytearray` (`ID_`),
  CONSTRAINT `ACT_FK_MODEL_SOURCE_EXTRA` FOREIGN KEY (`EDITOR_SOURCE_EXTRA_VALUE_ID_`) REFERENCES `act_ge_bytearray` (`ID_`)
) ENGINE=InnoDB DEFAULT CHARSET=utf8 COLLATE=utf8_bin;

-- ----------------------------
-- Records of act_re_model
-- ----------------------------
INSERT INTO `act_re_model` VALUES ('2501', '2', 'hello1111', '12313123', null, '2019-06-14 16:39:41', '2019-06-14 16:39:41', '1', '{\"name\":\"hello1111\",\"revision\":1,\"description\":\"hello1111\"}', null, '2502', null, '');

-- ----------------------------
-- Table structure for `act_re_procdef`
-- ----------------------------
DROP TABLE IF EXISTS `act_re_procdef`;
CREATE TABLE `act_re_procdef` (
  `ID_` varchar(64) COLLATE utf8_bin NOT NULL,
  `REV_` int(11) DEFAULT NULL,
  `CATEGORY_` varchar(255) COLLATE utf8_bin DEFAULT NULL,
  `NAME_` varchar(255) COLLATE utf8_bin DEFAULT NULL,
  `KEY_` varchar(255) COLLATE utf8_bin NOT NULL,
  `VERSION_` int(11) NOT NULL,
  `DEPLOYMENT_ID_` varchar(64) COLLATE utf8_bin DEFAULT NULL,
  `RESOURCE_NAME_` varchar(4000) COLLATE utf8_bin DEFAULT NULL,
  `DGRM_RESOURCE_NAME_` varchar(4000) COLLATE utf8_bin DEFAULT NULL,
  `DESCRIPTION_` varchar(4000) COLLATE utf8_bin DEFAULT NULL,
  `HAS_START_FORM_KEY_` tinyint(4) DEFAULT NULL,
  `HAS_GRAPHICAL_NOTATION_` tinyint(4) DEFAULT NULL,
  `SUSPENSION_STATE_` int(11) DEFAULT NULL,
  `TENANT_ID_` varchar(255) COLLATE utf8_bin DEFAULT '',
  PRIMARY KEY (`ID_`),
  UNIQUE KEY `ACT_UNIQ_PROCDEF` (`KEY_`,`VERSION_`,`TENANT_ID_`)
) ENGINE=InnoDB DEFAULT CHARSET=utf8 COLLATE=utf8_bin;

-- ----------------------------
-- Records of act_re_procdef
-- ----------------------------
INSERT INTO `act_re_procdef` VALUES ('myProcess_1:1:4', '1', 'http://www.activiti.org/test', null, 'myProcess_1', '1', '1', 'E:\\workspaceIDEA\\project_base\\project_web\\target\\classes\\processes\\test.bpmn', 'E:\\workspaceIDEA\\project_base\\project_web\\target\\classes\\processes\\test.myProcess_1.png', null, '0', '1', '1', '');

-- ----------------------------
-- Table structure for `act_ru_event_subscr`
-- ----------------------------
DROP TABLE IF EXISTS `act_ru_event_subscr`;
CREATE TABLE `act_ru_event_subscr` (
  `ID_` varchar(64) COLLATE utf8_bin NOT NULL,
  `REV_` int(11) DEFAULT NULL,
  `EVENT_TYPE_` varchar(255) COLLATE utf8_bin NOT NULL,
  `EVENT_NAME_` varchar(255) COLLATE utf8_bin DEFAULT NULL,
  `EXECUTION_ID_` varchar(64) COLLATE utf8_bin DEFAULT NULL,
  `PROC_INST_ID_` varchar(64) COLLATE utf8_bin DEFAULT NULL,
  `ACTIVITY_ID_` varchar(64) COLLATE utf8_bin DEFAULT NULL,
  `CONFIGURATION_` varchar(255) COLLATE utf8_bin DEFAULT NULL,
  `CREATED_` timestamp NOT NULL DEFAULT CURRENT_TIMESTAMP,
  `PROC_DEF_ID_` varchar(64) COLLATE utf8_bin DEFAULT NULL,
  `TENANT_ID_` varchar(255) COLLATE utf8_bin DEFAULT '',
  PRIMARY KEY (`ID_`),
  KEY `ACT_IDX_EVENT_SUBSCR_CONFIG_` (`CONFIGURATION_`),
  KEY `ACT_FK_EVENT_EXEC` (`EXECUTION_ID_`),
  CONSTRAINT `ACT_FK_EVENT_EXEC` FOREIGN KEY (`EXECUTION_ID_`) REFERENCES `act_ru_execution` (`ID_`)
) ENGINE=InnoDB DEFAULT CHARSET=utf8 COLLATE=utf8_bin;

-- ----------------------------
-- Records of act_ru_event_subscr
-- ----------------------------

-- ----------------------------
-- Table structure for `act_ru_execution`
-- ----------------------------
DROP TABLE IF EXISTS `act_ru_execution`;
CREATE TABLE `act_ru_execution` (
  `ID_` varchar(64) COLLATE utf8_bin NOT NULL DEFAULT '',
  `REV_` int(11) DEFAULT NULL,
  `PROC_INST_ID_` varchar(64) COLLATE utf8_bin DEFAULT NULL,
  `BUSINESS_KEY_` varchar(255) COLLATE utf8_bin DEFAULT NULL,
  `PARENT_ID_` varchar(64) COLLATE utf8_bin DEFAULT NULL,
  `PROC_DEF_ID_` varchar(64) COLLATE utf8_bin DEFAULT NULL,
  `SUPER_EXEC_` varchar(64) COLLATE utf8_bin DEFAULT NULL,
  `ACT_ID_` varchar(255) COLLATE utf8_bin DEFAULT NULL,
  `IS_ACTIVE_` tinyint(4) DEFAULT NULL,
  `IS_CONCURRENT_` tinyint(4) DEFAULT NULL,
  `IS_SCOPE_` tinyint(4) DEFAULT NULL,
  `IS_EVENT_SCOPE_` tinyint(4) DEFAULT NULL,
  `SUSPENSION_STATE_` int(11) DEFAULT NULL,
  `CACHED_ENT_STATE_` int(11) DEFAULT NULL,
  `TENANT_ID_` varchar(255) COLLATE utf8_bin DEFAULT '',
  `NAME_` varchar(255) COLLATE utf8_bin DEFAULT NULL,
  `LOCK_TIME_` timestamp NULL DEFAULT NULL,
  PRIMARY KEY (`ID_`),
  KEY `ACT_IDX_EXEC_BUSKEY` (`BUSINESS_KEY_`),
  KEY `ACT_FK_EXE_PROCINST` (`PROC_INST_ID_`),
  KEY `ACT_FK_EXE_PARENT` (`PARENT_ID_`),
  KEY `ACT_FK_EXE_SUPER` (`SUPER_EXEC_`),
  KEY `ACT_FK_EXE_PROCDEF` (`PROC_DEF_ID_`),
  CONSTRAINT `ACT_FK_EXE_PARENT` FOREIGN KEY (`PARENT_ID_`) REFERENCES `act_ru_execution` (`ID_`),
  CONSTRAINT `ACT_FK_EXE_PROCDEF` FOREIGN KEY (`PROC_DEF_ID_`) REFERENCES `act_re_procdef` (`ID_`),
  CONSTRAINT `ACT_FK_EXE_PROCINST` FOREIGN KEY (`PROC_INST_ID_`) REFERENCES `act_ru_execution` (`ID_`) ON DELETE CASCADE ON UPDATE CASCADE,
  CONSTRAINT `ACT_FK_EXE_SUPER` FOREIGN KEY (`SUPER_EXEC_`) REFERENCES `act_ru_execution` (`ID_`)
) ENGINE=InnoDB DEFAULT CHARSET=utf8 COLLATE=utf8_bin;

-- ----------------------------
-- Records of act_ru_execution
-- ----------------------------

-- ----------------------------
-- Table structure for `act_ru_identitylink`
-- ----------------------------
DROP TABLE IF EXISTS `act_ru_identitylink`;
CREATE TABLE `act_ru_identitylink` (
  `ID_` varchar(64) COLLATE utf8_bin NOT NULL DEFAULT '',
  `REV_` int(11) DEFAULT NULL,
  `GROUP_ID_` varchar(255) COLLATE utf8_bin DEFAULT NULL,
  `TYPE_` varchar(255) COLLATE utf8_bin DEFAULT NULL,
  `USER_ID_` varchar(255) COLLATE utf8_bin DEFAULT NULL,
  `TASK_ID_` varchar(64) COLLATE utf8_bin DEFAULT NULL,
  `PROC_INST_ID_` varchar(64) COLLATE utf8_bin DEFAULT NULL,
  `PROC_DEF_ID_` varchar(64) COLLATE utf8_bin DEFAULT NULL,
  PRIMARY KEY (`ID_`),
  KEY `ACT_IDX_IDENT_LNK_USER` (`USER_ID_`),
  KEY `ACT_IDX_IDENT_LNK_GROUP` (`GROUP_ID_`),
  KEY `ACT_IDX_ATHRZ_PROCEDEF` (`PROC_DEF_ID_`),
  KEY `ACT_FK_TSKASS_TASK` (`TASK_ID_`),
  KEY `ACT_FK_IDL_PROCINST` (`PROC_INST_ID_`),
  CONSTRAINT `ACT_FK_ATHRZ_PROCEDEF` FOREIGN KEY (`PROC_DEF_ID_`) REFERENCES `act_re_procdef` (`ID_`),
  CONSTRAINT `ACT_FK_IDL_PROCINST` FOREIGN KEY (`PROC_INST_ID_`) REFERENCES `act_ru_execution` (`ID_`),
  CONSTRAINT `ACT_FK_TSKASS_TASK` FOREIGN KEY (`TASK_ID_`) REFERENCES `act_ru_task` (`ID_`)
) ENGINE=InnoDB DEFAULT CHARSET=utf8 COLLATE=utf8_bin;

-- ----------------------------
-- Records of act_ru_identitylink
-- ----------------------------

-- ----------------------------
-- Table structure for `act_ru_job`
-- ----------------------------
DROP TABLE IF EXISTS `act_ru_job`;
CREATE TABLE `act_ru_job` (
  `ID_` varchar(64) COLLATE utf8_bin NOT NULL,
  `REV_` int(11) DEFAULT NULL,
  `TYPE_` varchar(255) COLLATE utf8_bin NOT NULL,
  `LOCK_EXP_TIME_` timestamp NULL DEFAULT NULL,
  `LOCK_OWNER_` varchar(255) COLLATE utf8_bin DEFAULT NULL,
  `EXCLUSIVE_` tinyint(1) DEFAULT NULL,
  `EXECUTION_ID_` varchar(64) COLLATE utf8_bin DEFAULT NULL,
  `PROCESS_INSTANCE_ID_` varchar(64) COLLATE utf8_bin DEFAULT NULL,
  `PROC_DEF_ID_` varchar(64) COLLATE utf8_bin DEFAULT NULL,
  `RETRIES_` int(11) DEFAULT NULL,
  `EXCEPTION_STACK_ID_` varchar(64) COLLATE utf8_bin DEFAULT NULL,
  `EXCEPTION_MSG_` varchar(4000) COLLATE utf8_bin DEFAULT NULL,
  `DUEDATE_` timestamp NULL DEFAULT NULL,
  `REPEAT_` varchar(255) COLLATE utf8_bin DEFAULT NULL,
  `HANDLER_TYPE_` varchar(255) COLLATE utf8_bin DEFAULT NULL,
  `HANDLER_CFG_` varchar(4000) COLLATE utf8_bin DEFAULT NULL,
  `TENANT_ID_` varchar(255) COLLATE utf8_bin DEFAULT '',
  PRIMARY KEY (`ID_`),
  KEY `ACT_FK_JOB_EXCEPTION` (`EXCEPTION_STACK_ID_`),
  CONSTRAINT `ACT_FK_JOB_EXCEPTION` FOREIGN KEY (`EXCEPTION_STACK_ID_`) REFERENCES `act_ge_bytearray` (`ID_`)
) ENGINE=InnoDB DEFAULT CHARSET=utf8 COLLATE=utf8_bin;

-- ----------------------------
-- Records of act_ru_job
-- ----------------------------

-- ----------------------------
-- Table structure for `act_ru_task`
-- ----------------------------
DROP TABLE IF EXISTS `act_ru_task`;
CREATE TABLE `act_ru_task` (
  `ID_` varchar(64) COLLATE utf8_bin NOT NULL DEFAULT '',
  `REV_` int(11) DEFAULT NULL,
  `EXECUTION_ID_` varchar(64) COLLATE utf8_bin DEFAULT NULL,
  `PROC_INST_ID_` varchar(64) COLLATE utf8_bin DEFAULT NULL,
  `PROC_DEF_ID_` varchar(64) COLLATE utf8_bin DEFAULT NULL,
  `NAME_` varchar(255) COLLATE utf8_bin DEFAULT NULL,
  `PARENT_TASK_ID_` varchar(64) COLLATE utf8_bin DEFAULT NULL,
  `DESCRIPTION_` varchar(4000) COLLATE utf8_bin DEFAULT NULL,
  `TASK_DEF_KEY_` varchar(255) COLLATE utf8_bin DEFAULT NULL,
  `OWNER_` varchar(255) COLLATE utf8_bin DEFAULT NULL,
  `ASSIGNEE_` varchar(255) COLLATE utf8_bin DEFAULT NULL,
  `DELEGATION_` varchar(64) COLLATE utf8_bin DEFAULT NULL,
  `PRIORITY_` int(11) DEFAULT NULL,
  `CREATE_TIME_` timestamp NULL DEFAULT NULL,
  `DUE_DATE_` datetime DEFAULT NULL,
  `CATEGORY_` varchar(255) COLLATE utf8_bin DEFAULT NULL,
  `SUSPENSION_STATE_` int(11) DEFAULT NULL,
  `TENANT_ID_` varchar(255) COLLATE utf8_bin DEFAULT '',
  `FORM_KEY_` varchar(255) COLLATE utf8_bin DEFAULT NULL,
  PRIMARY KEY (`ID_`),
  KEY `ACT_IDX_TASK_CREATE` (`CREATE_TIME_`),
  KEY `ACT_FK_TASK_EXE` (`EXECUTION_ID_`),
  KEY `ACT_FK_TASK_PROCINST` (`PROC_INST_ID_`),
  KEY `ACT_FK_TASK_PROCDEF` (`PROC_DEF_ID_`),
  CONSTRAINT `ACT_FK_TASK_EXE` FOREIGN KEY (`EXECUTION_ID_`) REFERENCES `act_ru_execution` (`ID_`),
  CONSTRAINT `ACT_FK_TASK_PROCDEF` FOREIGN KEY (`PROC_DEF_ID_`) REFERENCES `act_re_procdef` (`ID_`),
  CONSTRAINT `ACT_FK_TASK_PROCINST` FOREIGN KEY (`PROC_INST_ID_`) REFERENCES `act_ru_execution` (`ID_`)
) ENGINE=InnoDB DEFAULT CHARSET=utf8 COLLATE=utf8_bin;

-- ----------------------------
-- Records of act_ru_task
-- ----------------------------

-- ----------------------------
-- Table structure for `act_ru_variable`
-- ----------------------------
DROP TABLE IF EXISTS `act_ru_variable`;
CREATE TABLE `act_ru_variable` (
  `ID_` varchar(64) COLLATE utf8_bin NOT NULL,
  `REV_` int(11) DEFAULT NULL,
  `TYPE_` varchar(255) COLLATE utf8_bin NOT NULL,
  `NAME_` varchar(255) COLLATE utf8_bin NOT NULL,
  `EXECUTION_ID_` varchar(64) COLLATE utf8_bin DEFAULT NULL,
  `PROC_INST_ID_` varchar(64) COLLATE utf8_bin DEFAULT NULL,
  `TASK_ID_` varchar(64) COLLATE utf8_bin DEFAULT NULL,
  `BYTEARRAY_ID_` varchar(64) COLLATE utf8_bin DEFAULT NULL,
  `DOUBLE_` double DEFAULT NULL,
  `LONG_` bigint(20) DEFAULT NULL,
  `TEXT_` varchar(4000) COLLATE utf8_bin DEFAULT NULL,
  `TEXT2_` varchar(4000) COLLATE utf8_bin DEFAULT NULL,
  PRIMARY KEY (`ID_`),
  KEY `ACT_IDX_VARIABLE_TASK_ID` (`TASK_ID_`),
  KEY `ACT_FK_VAR_EXE` (`EXECUTION_ID_`),
  KEY `ACT_FK_VAR_PROCINST` (`PROC_INST_ID_`),
  KEY `ACT_FK_VAR_BYTEARRAY` (`BYTEARRAY_ID_`),
  CONSTRAINT `ACT_FK_VAR_BYTEARRAY` FOREIGN KEY (`BYTEARRAY_ID_`) REFERENCES `act_ge_bytearray` (`ID_`),
  CONSTRAINT `ACT_FK_VAR_EXE` FOREIGN KEY (`EXECUTION_ID_`) REFERENCES `act_ru_execution` (`ID_`),
  CONSTRAINT `ACT_FK_VAR_PROCINST` FOREIGN KEY (`PROC_INST_ID_`) REFERENCES `act_ru_execution` (`ID_`)
) ENGINE=InnoDB DEFAULT CHARSET=utf8 COLLATE=utf8_bin;

-- ----------------------------
-- Records of act_ru_variable
-- ----------------------------

-- ----------------------------
-- Table structure for `qrtz_blob_triggers`
-- ----------------------------
DROP TABLE IF EXISTS `qrtz_blob_triggers`;
CREATE TABLE `qrtz_blob_triggers` (
  `SCHED_NAME` varchar(120) NOT NULL,
  `TRIGGER_NAME` varchar(200) NOT NULL,
  `TRIGGER_GROUP` varchar(200) NOT NULL,
  `BLOB_DATA` blob,
  PRIMARY KEY (`SCHED_NAME`,`TRIGGER_NAME`,`TRIGGER_GROUP`),
  CONSTRAINT `qrtz_blob_triggers_ibfk_1` FOREIGN KEY (`SCHED_NAME`, `TRIGGER_NAME`, `TRIGGER_GROUP`) REFERENCES `qrtz_triggers` (`SCHED_NAME`, `TRIGGER_NAME`, `TRIGGER_GROUP`)
) ENGINE=InnoDB DEFAULT CHARSET=utf8;

-- ----------------------------
-- Records of qrtz_blob_triggers
-- ----------------------------

-- ----------------------------
-- Table structure for `qrtz_calendars`
-- ----------------------------
DROP TABLE IF EXISTS `qrtz_calendars`;
CREATE TABLE `qrtz_calendars` (
  `SCHED_NAME` varchar(120) NOT NULL,
  `CALENDAR_NAME` varchar(200) NOT NULL,
  `CALENDAR` blob NOT NULL,
  PRIMARY KEY (`SCHED_NAME`,`CALENDAR_NAME`)
) ENGINE=InnoDB DEFAULT CHARSET=utf8;

-- ----------------------------
-- Records of qrtz_calendars
-- ----------------------------

-- ----------------------------
-- Table structure for `qrtz_cron_triggers`
-- ----------------------------
DROP TABLE IF EXISTS `qrtz_cron_triggers`;
CREATE TABLE `qrtz_cron_triggers` (
  `SCHED_NAME` varchar(120) NOT NULL,
  `TRIGGER_NAME` varchar(200) NOT NULL,
  `TRIGGER_GROUP` varchar(200) NOT NULL,
  `CRON_EXPRESSION` varchar(200) NOT NULL,
  `TIME_ZONE_ID` varchar(80) DEFAULT NULL,
  PRIMARY KEY (`SCHED_NAME`,`TRIGGER_NAME`,`TRIGGER_GROUP`),
  CONSTRAINT `qrtz_cron_triggers_ibfk_1` FOREIGN KEY (`SCHED_NAME`, `TRIGGER_NAME`, `TRIGGER_GROUP`) REFERENCES `qrtz_triggers` (`SCHED_NAME`, `TRIGGER_NAME`, `TRIGGER_GROUP`)
) ENGINE=InnoDB DEFAULT CHARSET=utf8;

-- ----------------------------
-- Records of qrtz_cron_triggers
-- ----------------------------
INSERT INTO `qrtz_cron_triggers` VALUES ('quartzScheduler', 'testJob2', 'testGroup2', '0/5 * * * * ?', 'Asia/Shanghai');

-- ----------------------------
-- Table structure for `qrtz_fired_triggers`
-- ----------------------------
DROP TABLE IF EXISTS `qrtz_fired_triggers`;
CREATE TABLE `qrtz_fired_triggers` (
  `SCHED_NAME` varchar(120) NOT NULL,
  `ENTRY_ID` varchar(95) NOT NULL,
  `TRIGGER_NAME` varchar(200) NOT NULL,
  `TRIGGER_GROUP` varchar(200) NOT NULL,
  `INSTANCE_NAME` varchar(200) NOT NULL,
  `FIRED_TIME` bigint(13) NOT NULL,
  `SCHED_TIME` bigint(13) NOT NULL,
  `PRIORITY` int(11) NOT NULL,
  `STATE` varchar(16) NOT NULL,
  `JOB_NAME` varchar(200) DEFAULT NULL,
  `JOB_GROUP` varchar(200) DEFAULT NULL,
  `IS_NONCONCURRENT` varchar(1) DEFAULT NULL,
  `REQUESTS_RECOVERY` varchar(1) DEFAULT NULL,
  PRIMARY KEY (`SCHED_NAME`,`ENTRY_ID`)
) ENGINE=InnoDB DEFAULT CHARSET=utf8;

-- ----------------------------
-- Records of qrtz_fired_triggers
-- ----------------------------

-- ----------------------------
-- Table structure for `qrtz_job_details`
-- ----------------------------
DROP TABLE IF EXISTS `qrtz_job_details`;
CREATE TABLE `qrtz_job_details` (
  `SCHED_NAME` varchar(120) NOT NULL,
  `JOB_NAME` varchar(200) NOT NULL,
  `JOB_GROUP` varchar(200) NOT NULL,
  `DESCRIPTION` varchar(250) DEFAULT NULL,
  `JOB_CLASS_NAME` varchar(250) NOT NULL,
  `IS_DURABLE` varchar(1) NOT NULL,
  `IS_NONCONCURRENT` varchar(1) NOT NULL,
  `IS_UPDATE_DATA` varchar(1) NOT NULL,
  `REQUESTS_RECOVERY` varchar(1) NOT NULL,
  `JOB_DATA` blob,
  PRIMARY KEY (`SCHED_NAME`,`JOB_NAME`,`JOB_GROUP`)
) ENGINE=InnoDB DEFAULT CHARSET=utf8;

-- ----------------------------
-- Records of qrtz_job_details
-- ----------------------------
INSERT INTO `qrtz_job_details` VALUES ('quartzScheduler', 'testJob2', 'testGroup2', null, 'com.javaweb.MichaelKai.quartz.QuartzJobFactory', '0', '0', '0', '0', 0xACED0005737200156F72672E71756172747A2E4A6F62446174614D61709FB083E8BFA9B0CB020000787200266F72672E71756172747A2E7574696C732E537472696E674B65794469727479466C61674D61708208E8C3FBC55D280200015A0013616C6C6F77735472616E7369656E74446174617872001D6F72672E71756172747A2E7574696C732E4469727479466C61674D617013E62EAD28760ACE0200025A000564697274794C00036D617074000F4C6A6176612F7574696C2F4D61703B787001737200116A6176612E7574696C2E486173684D61700507DAC1C31660D103000246000A6C6F6164466163746F724900097468726573686F6C6478703F4000000000000C7708000000100000000174000B7363686564756C654A6F6273720027636F6D2E6A6176617765622E4D69636861656C4B61692E706F6A6F2E5363686564756C654A6F62000000000000000102000F4C00086265616E4E616D657400124C6A6176612F6C616E672F537472696E673B4C000A63726561746554696D6571007E00094C000C63726561746555736572496471007E00094C000E63726F6E45787072657373696F6E71007E00094C000B6465736372697074696F6E71007E00094C0002696471007E00094C00086A6F6247726F757071007E00094C00056A6F62496471007E00094C00076A6F624E616D6571007E00094C00096A6F6253746174757371007E00094C000F6C6173745472696767657254696D6571007E00094C000A6D6574686F644E616D6571007E00094C000F6E6578745472696767657254696D6571007E00094C000A75706461746554696D6571007E00094C000C75706461746555736572496471007E00097870740008746573744A6F6232707074000D302F35202A202A202A202A203F740006E69A82E697A07074000A7465737447726F75703270740008746573744A6F623270707400007070707800);

-- ----------------------------
-- Table structure for `qrtz_locks`
-- ----------------------------
DROP TABLE IF EXISTS `qrtz_locks`;
CREATE TABLE `qrtz_locks` (
  `SCHED_NAME` varchar(120) NOT NULL,
  `LOCK_NAME` varchar(40) NOT NULL,
  PRIMARY KEY (`SCHED_NAME`,`LOCK_NAME`)
) ENGINE=InnoDB DEFAULT CHARSET=utf8;

-- ----------------------------
-- Records of qrtz_locks
-- ----------------------------
INSERT INTO `qrtz_locks` VALUES ('quartzScheduler', 'STATE_ACCESS');
INSERT INTO `qrtz_locks` VALUES ('quartzScheduler', 'TRIGGER_ACCESS');

-- ----------------------------
-- Table structure for `qrtz_paused_trigger_grps`
-- ----------------------------
DROP TABLE IF EXISTS `qrtz_paused_trigger_grps`;
CREATE TABLE `qrtz_paused_trigger_grps` (
  `SCHED_NAME` varchar(120) NOT NULL,
  `TRIGGER_GROUP` varchar(200) NOT NULL,
  PRIMARY KEY (`SCHED_NAME`,`TRIGGER_GROUP`)
) ENGINE=InnoDB DEFAULT CHARSET=utf8;

-- ----------------------------
-- Records of qrtz_paused_trigger_grps
-- ----------------------------
INSERT INTO `qrtz_paused_trigger_grps` VALUES ('quartzScheduler', 'testGroup2');
INSERT INTO `qrtz_paused_trigger_grps` VALUES ('quartzScheduler', '_$_ALL_GROUPS_PAUSED_$_');

-- ----------------------------
-- Table structure for `qrtz_scheduler_state`
-- ----------------------------
DROP TABLE IF EXISTS `qrtz_scheduler_state`;
CREATE TABLE `qrtz_scheduler_state` (
  `SCHED_NAME` varchar(120) NOT NULL,
  `INSTANCE_NAME` varchar(200) NOT NULL,
  `LAST_CHECKIN_TIME` bigint(13) NOT NULL,
  `CHECKIN_INTERVAL` bigint(13) NOT NULL,
  PRIMARY KEY (`SCHED_NAME`,`INSTANCE_NAME`)
) ENGINE=InnoDB DEFAULT CHARSET=utf8;

-- ----------------------------
-- Records of qrtz_scheduler_state
-- ----------------------------
INSERT INTO `qrtz_scheduler_state` VALUES ('quartzScheduler', 'IDY2WQ5W8PTV8UK1562136540076', '1562136592816', '10000');

-- ----------------------------
-- Table structure for `qrtz_simple_triggers`
-- ----------------------------
DROP TABLE IF EXISTS `qrtz_simple_triggers`;
CREATE TABLE `qrtz_simple_triggers` (
  `SCHED_NAME` varchar(120) NOT NULL,
  `TRIGGER_NAME` varchar(200) NOT NULL,
  `TRIGGER_GROUP` varchar(200) NOT NULL,
  `REPEAT_COUNT` bigint(7) NOT NULL,
  `REPEAT_INTERVAL` bigint(12) NOT NULL,
  `TIMES_TRIGGERED` bigint(10) NOT NULL,
  PRIMARY KEY (`SCHED_NAME`,`TRIGGER_NAME`,`TRIGGER_GROUP`),
  CONSTRAINT `qrtz_simple_triggers_ibfk_1` FOREIGN KEY (`SCHED_NAME`, `TRIGGER_NAME`, `TRIGGER_GROUP`) REFERENCES `qrtz_triggers` (`SCHED_NAME`, `TRIGGER_NAME`, `TRIGGER_GROUP`)
) ENGINE=InnoDB DEFAULT CHARSET=utf8;

-- ----------------------------
-- Records of qrtz_simple_triggers
-- ----------------------------

-- ----------------------------
-- Table structure for `qrtz_simprop_triggers`
-- ----------------------------
DROP TABLE IF EXISTS `qrtz_simprop_triggers`;
CREATE TABLE `qrtz_simprop_triggers` (
  `SCHED_NAME` varchar(120) NOT NULL,
  `TRIGGER_NAME` varchar(200) NOT NULL,
  `TRIGGER_GROUP` varchar(200) NOT NULL,
  `STR_PROP_1` varchar(512) DEFAULT NULL,
  `STR_PROP_2` varchar(512) DEFAULT NULL,
  `STR_PROP_3` varchar(512) DEFAULT NULL,
  `INT_PROP_1` int(11) DEFAULT NULL,
  `INT_PROP_2` int(11) DEFAULT NULL,
  `LONG_PROP_1` bigint(20) DEFAULT NULL,
  `LONG_PROP_2` bigint(20) DEFAULT NULL,
  `DEC_PROP_1` decimal(13,4) DEFAULT NULL,
  `DEC_PROP_2` decimal(13,4) DEFAULT NULL,
  `BOOL_PROP_1` varchar(1) DEFAULT NULL,
  `BOOL_PROP_2` varchar(1) DEFAULT NULL,
  PRIMARY KEY (`SCHED_NAME`,`TRIGGER_NAME`,`TRIGGER_GROUP`),
  CONSTRAINT `qrtz_simprop_triggers_ibfk_1` FOREIGN KEY (`SCHED_NAME`, `TRIGGER_NAME`, `TRIGGER_GROUP`) REFERENCES `qrtz_triggers` (`SCHED_NAME`, `TRIGGER_NAME`, `TRIGGER_GROUP`)
) ENGINE=InnoDB DEFAULT CHARSET=utf8;

-- ----------------------------
-- Records of qrtz_simprop_triggers
-- ----------------------------

-- ----------------------------
-- Table structure for `qrtz_triggers`
-- ----------------------------
DROP TABLE IF EXISTS `qrtz_triggers`;
CREATE TABLE `qrtz_triggers` (
  `SCHED_NAME` varchar(120) NOT NULL,
  `TRIGGER_NAME` varchar(200) NOT NULL,
  `TRIGGER_GROUP` varchar(200) NOT NULL,
  `JOB_NAME` varchar(200) NOT NULL,
  `JOB_GROUP` varchar(200) NOT NULL,
  `DESCRIPTION` varchar(250) DEFAULT NULL,
  `NEXT_FIRE_TIME` bigint(13) DEFAULT NULL,
  `PREV_FIRE_TIME` bigint(13) DEFAULT NULL,
  `PRIORITY` int(11) DEFAULT NULL,
  `TRIGGER_STATE` varchar(16) NOT NULL,
  `TRIGGER_TYPE` varchar(8) NOT NULL,
  `START_TIME` bigint(13) NOT NULL,
  `END_TIME` bigint(13) DEFAULT NULL,
  `CALENDAR_NAME` varchar(200) DEFAULT NULL,
  `MISFIRE_INSTR` smallint(2) DEFAULT NULL,
  `JOB_DATA` blob,
  PRIMARY KEY (`SCHED_NAME`,`TRIGGER_NAME`,`TRIGGER_GROUP`),
  KEY `SCHED_NAME` (`SCHED_NAME`,`JOB_NAME`,`JOB_GROUP`),
  CONSTRAINT `qrtz_triggers_ibfk_1` FOREIGN KEY (`SCHED_NAME`, `JOB_NAME`, `JOB_GROUP`) REFERENCES `qrtz_job_details` (`SCHED_NAME`, `JOB_NAME`, `JOB_GROUP`)
) ENGINE=InnoDB DEFAULT CHARSET=utf8;

-- ----------------------------
-- Records of qrtz_triggers
-- ----------------------------
INSERT INTO `qrtz_triggers` VALUES ('quartzScheduler', 'testJob2', 'testGroup2', 'testJob2', 'testGroup2', null, '1561960539114', '1561960210000', '5', 'PAUSED', 'CRON', '1561953569000', '0', null, '0', '');

-- ----------------------------
-- Table structure for `schedule_job`
-- ----------------------------
DROP TABLE IF EXISTS `schedule_job`;
CREATE TABLE `schedule_job` (
  `id` varchar(32) NOT NULL,
  `job_id` varchar(255) DEFAULT NULL,
  `job_name` varchar(255) DEFAULT NULL,
  `job_status` varchar(255) DEFAULT NULL,
  `job_group` varchar(255) DEFAULT NULL,
  `cron_Expression` varchar(255) DEFAULT NULL,
  `description` varchar(255) DEFAULT NULL,
  `bean_name` varchar(255) DEFAULT NULL,
  `method_name` varchar(255) DEFAULT NULL,
  `create_user_id` varchar(32) DEFAULT NULL,
  `create_time` datetime DEFAULT NULL,
  `update_user_id` varchar(32) DEFAULT NULL,
  `update_time` datetime DEFAULT NULL,
  PRIMARY KEY (`id`)
) ENGINE=InnoDB DEFAULT CHARSET=utf8;

-- ----------------------------
-- Records of schedule_job
-- ----------------------------
INSERT INTO `schedule_job` VALUES ('1145542416024080384', '1145542416024080384', 'testJob2', 'PAUSED', 'testGroup2', '0/5 * * * * ?', '', 'testJob2', '', null, null, '1', '2019-07-01 13:49:49');

-- ----------------------------
-- Table structure for `tb_action_log`
-- ----------------------------
DROP TABLE IF EXISTS `tb_action_log`;
CREATE TABLE `tb_action_log` (
  `id` varchar(36) NOT NULL COMMENT 'ID',
  `name` varchar(255) DEFAULT NULL COMMENT '',
  `type` varchar(255) DEFAULT NULL COMMENT '',
  `ipaddr` varchar(255) DEFAULT NULL COMMENT 'IP',
  `clazz` varchar(255) DEFAULT NULL COMMENT '',
  `method` varchar(255) DEFAULT NULL COMMENT '',
  `model` varchar(255) DEFAULT NULL COMMENT '',
  `record_id` bigint(20) DEFAULT NULL COMMENT 'id',
  `message` text COMMENT '',
  `create_user_id` varchar(32) DEFAULT NULL COMMENT '',
  `create_time` datetime DEFAULT NULL COMMENT '',
  `update_user_id` varchar(32) DEFAULT NULL COMMENT '',
  `update_time` datetime DEFAULT NULL COMMENT '',
  PRIMARY KEY (`id`)
) ENGINE=InnoDB DEFAULT CHARSET=utf8mb4 COMMENT='';

-- ----------------------------
-- Records of tb_action_log
-- ----------------------------
INSERT INTO `tb_action_log` VALUES ('1134386507835117568', '', '00', '0:0:0:0:0:0:0:1', 'com.javaweb.MichaelKai.controller.login.LoginController', 'login', null, null, '', '1', '2019-05-16 17:09:54', '1', '2019-05-31 17:09:54');
INSERT INTO `tb_action_log` VALUES ('1134388774546051072', '', '00', '0:0:0:0:0:0:0:1', 'com.javaweb.MichaelKai.controller.login.LoginController', 'login', null, null, '', '1', '2019-05-16 17:18:54', '1', '2019-05-31 17:18:54');
INSERT INTO `tb_action_log` VALUES ('1134389779631312896', '', '00', '0:0:0:0:0:0:0:1', 'com.javaweb.MichaelKai.controller.login.LoginController', 'login', null, null, '', '1', '2019-05-16 17:22:54', '1', '2019-05-31 17:22:54');
INSERT INTO `tb_action_log` VALUES ('1134389848346595328', '', '00', '0:0:0:0:0:0:0:1', 'com.javaweb.MichaelKai.controller.login.LoginController', 'login', null, null, '', '1', '2019-05-18 17:23:10', '1', '2019-05-31 17:23:10');
INSERT INTO `tb_action_log` VALUES ('1134390168694951936', '', '00', '0:0:0:0:0:0:0:1', 'com.javaweb.MichaelKai.controller.login.LoginController', 'login', null, null, '', '1', '2019-05-18 17:24:26', '1', '2019-05-31 17:24:26');
INSERT INTO `tb_action_log` VALUES ('1134390436115386368', '', '00', '0:0:0:0:0:0:0:1', 'com.javaweb.MichaelKai.controller.login.LoginController', 'login', null, null, '', '1', '2019-05-19 17:25:30', '1', '2019-05-31 17:25:30');
INSERT INTO `tb_action_log` VALUES ('1134393082872205312', '', '00', '0:0:0:0:0:0:0:1', 'com.javaweb.MichaelKai.controller.login.LoginController', 'login', null, null, '', '1', '2019-05-20 17:36:01', '1', '2019-05-31 17:36:01');
INSERT INTO `tb_action_log` VALUES ('1134393203194204160', '', '02', '0:0:0:0:0:0:0:1', 'com.javaweb.MichaelKai.controller.UserController', 'addUser', null, null, '', '1', '2019-05-20 17:36:30', '1', '2019-05-31 17:36:30');
INSERT INTO `tb_action_log` VALUES ('1134393312556486656', '', '03', '0:0:0:0:0:0:0:1', 'com.javaweb.MichaelKai.controller.UserController', 'editUserById', null, null, '', '1', '2019-05-20 17:36:56', '1', '2019-05-31 17:36:56');
INSERT INTO `tb_action_log` VALUES ('1134395615753670656', '', '00', '0:0:0:0:0:0:0:1', 'com.javaweb.MichaelKai.controller.login.LoginController', 'login', null, null, '', '1', '2019-05-20 17:46:05', '1', '2019-05-31 17:46:05');
INSERT INTO `tb_action_log` VALUES ('1134396797255553024', '', '00', '0:0:0:0:0:0:0:1', 'com.javaweb.MichaelKai.controller.login.LoginController', 'login', null, null, '', '1', '2019-05-20 17:50:47', '1', '2019-05-31 17:50:47');
INSERT INTO `tb_action_log` VALUES ('1135349612220125184', '', '00', '0:0:0:0:0:0:0:1', 'com.javaweb.MichaelKai.controller.login.LoginController', 'login', null, null, '', '1', '2019-05-21 08:56:55', '1', '2019-06-03 08:56:55');
INSERT INTO `tb_action_log` VALUES ('1135350585428676608', '', '00', '0:0:0:0:0:0:0:1', 'com.javaweb.MichaelKai.controller.login.LoginController', 'login', null, null, '', '1', '2019-06-01 09:00:48', '1', '2019-06-03 09:00:48');
INSERT INTO `tb_action_log` VALUES ('1135350780434452480', '', '00', '0:0:0:0:0:0:0:1', 'com.javaweb.MichaelKai.controller.login.LoginController', 'login', null, null, '', '1', '2019-06-01 09:01:34', '1', '2019-06-03 09:01:34');
INSERT INTO `tb_action_log` VALUES ('1135352783285915648', '', '00', '0:0:0:0:0:0:0:1', 'com.javaweb.MichaelKai.controller.login.LoginController', 'login', null, null, '', '1', '2019-06-01 09:09:32', '1', '2019-06-03 09:09:32');
INSERT INTO `tb_action_log` VALUES ('1135353292356980736', '', '00', '0:0:0:0:0:0:0:1', 'com.javaweb.MichaelKai.controller.login.LoginController', 'login', null, null, '', '1', '2019-06-01 09:11:33', '1', '2019-06-03 09:11:33');
INSERT INTO `tb_action_log` VALUES ('1135353868436246528', '', '00', '0:0:0:0:0:0:0:1', 'com.javaweb.MichaelKai.controller.login.LoginController', 'login', null, null, '', '1', '2019-06-02 09:13:50', '1', '2019-06-03 09:13:50');
INSERT INTO `tb_action_log` VALUES ('1135354173848686592', '', '00', '0:0:0:0:0:0:0:1', 'com.javaweb.MichaelKai.controller.login.LoginController', 'login', null, null, '', '1', '2019-06-01 09:15:03', '1', '2019-06-03 09:15:03');
INSERT INTO `tb_action_log` VALUES ('1135354591509090304', '', '00', '0:0:0:0:0:0:0:1', 'com.javaweb.MichaelKai.controller.login.LoginController', 'login', null, null, '', '1', '2019-06-01 09:16:43', '1', '2019-06-03 09:16:43');
INSERT INTO `tb_action_log` VALUES ('1135356635137576960', '', '00', '0:0:0:0:0:0:0:1', 'com.javaweb.MichaelKai.controller.login.LoginController', 'login', null, null, '', '1', '2019-06-01 09:24:50', '1', '2019-06-03 09:24:50');
INSERT INTO `tb_action_log` VALUES ('1135357626855591936', '', '00', '0:0:0:0:0:0:0:1', 'com.javaweb.MichaelKai.controller.login.LoginController', 'login', null, null, '', '1', '2019-06-03 09:28:46', '1', '2019-06-03 09:28:46');
INSERT INTO `tb_action_log` VALUES ('1135358438071734272', '', '00', '0:0:0:0:0:0:0:1', 'com.javaweb.MichaelKai.controller.login.LoginController', 'login', null, null, '', '1', '2019-06-03 09:32:00', '1', '2019-06-03 09:32:00');
INSERT INTO `tb_action_log` VALUES ('1135358631856967680', '', '00', '0:0:0:0:0:0:0:1', 'com.javaweb.MichaelKai.controller.login.LoginController', 'login', null, null, '', '1', '2019-06-03 09:32:46', '1', '2019-06-03 09:32:46');
INSERT INTO `tb_action_log` VALUES ('1135358766125027328', '', '00', '0:0:0:0:0:0:0:1', 'com.javaweb.MichaelKai.controller.login.LoginController', 'login', null, null, '', '1', '2019-06-03 09:33:18', '1', '2019-06-03 09:33:18');
INSERT INTO `tb_action_log` VALUES ('1135374476456890368', '', '00', '0:0:0:0:0:0:0:1', 'com.javaweb.MichaelKai.controller.login.LoginController', 'login', null, null, '', '1', '2019-06-03 10:35:44', '1', '2019-06-03 10:35:44');
INSERT INTO `tb_action_log` VALUES ('1135374558707191808', '', '00', '0:0:0:0:0:0:0:1', 'com.javaweb.MichaelKai.controller.login.LoginController', 'login', null, null, '', '1', '2019-06-04 10:36:03', '1', '2019-06-03 10:36:03');
INSERT INTO `tb_action_log` VALUES ('1135375096559570944', '', '00', '0:0:0:0:0:0:0:1', 'com.javaweb.MichaelKai.controller.login.LoginController', 'login', null, null, '', '1', '2019-06-05 10:38:11', '1', '2019-06-03 10:38:11');
INSERT INTO `tb_action_log` VALUES ('1135375291863142400', '', '00', '0:0:0:0:0:0:0:1', 'com.javaweb.MichaelKai.controller.login.LoginController', 'login', null, null, '', '1', '2019-06-06 10:38:58', '1', '2019-06-03 10:38:58');
INSERT INTO `tb_action_log` VALUES ('1135375470708264960', '', '00', '0:0:0:0:0:0:0:1', 'com.javaweb.MichaelKai.controller.login.LoginController', 'login', null, null, '', '1', '2019-06-07 10:39:41', '1', '2019-06-03 10:39:41');
INSERT INTO `tb_action_log` VALUES ('1135375991967977472', '', '00', '0:0:0:0:0:0:0:1', 'com.javaweb.MichaelKai.controller.login.LoginController', 'login', null, null, '', '1', '2019-06-03 10:41:45', '1', '2019-06-03 10:41:45');
INSERT INTO `tb_action_log` VALUES ('1135377176489758720', '', '00', '0:0:0:0:0:0:0:1', 'com.javaweb.MichaelKai.controller.login.LoginController', 'login', null, null, '', '1', '2019-06-03 10:46:27', '1', '2019-06-03 10:46:27');
INSERT INTO `tb_action_log` VALUES ('1135377995855433728', '', '00', '0:0:0:0:0:0:0:1', 'com.javaweb.MichaelKai.controller.login.LoginController', 'login', null, null, '', '1', '2019-06-03 10:49:43', '1', '2019-06-03 10:49:43');
INSERT INTO `tb_action_log` VALUES ('1135378407606063104', '', '00', '0:0:0:0:0:0:0:1', 'com.javaweb.MichaelKai.controller.login.LoginController', 'login', null, null, '', '1', '2019-06-03 10:51:21', '1', '2019-06-03 10:51:21');
INSERT INTO `tb_action_log` VALUES ('1135379392210538496', '', '00', '0:0:0:0:0:0:0:1', 'com.javaweb.MichaelKai.controller.login.LoginController', 'login', null, null, '', '1', '2019-06-03 10:55:16', '1', '2019-06-03 10:55:16');
INSERT INTO `tb_action_log` VALUES ('1135379536154857472', '', '00', '0:0:0:0:0:0:0:1', 'com.javaweb.MichaelKai.controller.login.LoginController', 'login', null, null, '', '1', '2019-06-03 10:55:50', '1', '2019-06-03 10:55:50');
INSERT INTO `tb_action_log` VALUES ('1135421936554348544', '', '00', '0:0:0:0:0:0:0:1', 'com.javaweb.MichaelKai.controller.login.LoginController', 'login', null, null, '', '1', '2019-06-03 13:44:19', '1', '2019-06-03 13:44:19');
INSERT INTO `tb_action_log` VALUES ('1135422196517310464', '', '00', '0:0:0:0:0:0:0:1', 'com.javaweb.MichaelKai.controller.login.LoginController', 'login', null, null, '', '1', '2019-06-03 13:45:21', '1', '2019-06-03 13:45:21');
INSERT INTO `tb_action_log` VALUES ('1135422471831425024', '', '00', '0:0:0:0:0:0:0:1', 'com.javaweb.MichaelKai.controller.login.LoginController', 'login', null, null, '', '1', '2019-06-03 13:46:27', '1', '2019-06-03 13:46:27');
INSERT INTO `tb_action_log` VALUES ('1135423096744972288', '', '00', '0:0:0:0:0:0:0:1', 'com.javaweb.MichaelKai.controller.login.LoginController', 'login', null, null, '', '1', '2019-06-03 13:48:56', '1', '2019-06-03 13:48:56');
INSERT INTO `tb_action_log` VALUES ('1135424196860579840', '', '00', '0:0:0:0:0:0:0:1', 'com.javaweb.MichaelKai.controller.login.LoginController', 'login', null, null, '', '1', '2019-06-03 13:53:18', '1', '2019-06-03 13:53:18');
INSERT INTO `tb_action_log` VALUES ('1135425645485101056', '', '00', '0:0:0:0:0:0:0:1', 'com.javaweb.MichaelKai.controller.login.LoginController', 'login', null, null, '', '1', '2019-06-03 13:59:03', '1', '2019-06-03 13:59:03');
INSERT INTO `tb_action_log` VALUES ('1135425962448654336', '', '00', '0:0:0:0:0:0:0:1', 'com.javaweb.MichaelKai.controller.login.LoginController', 'login', null, null, '', '1', '2019-06-03 14:00:19', '1', '2019-06-03 14:00:19');
INSERT INTO `tb_action_log` VALUES ('1135426219639181312', '', '00', '0:0:0:0:0:0:0:1', 'com.javaweb.MichaelKai.controller.login.LoginController', 'login', null, null, '', '1', '2019-06-03 14:01:20', '1', '2019-06-03 14:01:20');
INSERT INTO `tb_action_log` VALUES ('1135427356962459648', '', '00', '0:0:0:0:0:0:0:1', 'com.javaweb.MichaelKai.controller.login.LoginController', 'login', null, null, '', '1', '2019-06-03 14:05:51', '1', '2019-06-03 14:05:51');
INSERT INTO `tb_action_log` VALUES ('1135427488357421056', '', '00', '0:0:0:0:0:0:0:1', 'com.javaweb.MichaelKai.controller.login.LoginController', 'login', null, null, '', '1', '2019-06-03 14:06:23', '1', '2019-06-03 14:06:23');
INSERT INTO `tb_action_log` VALUES ('1135427601993699328', '', '00', '0:0:0:0:0:0:0:1', 'com.javaweb.MichaelKai.controller.login.LoginController', 'login', null, null, '', '1', '2019-06-03 14:06:50', '1', '2019-06-03 14:06:50');
INSERT INTO `tb_action_log` VALUES ('1135427850883698688', '', '00', '0:0:0:0:0:0:0:1', 'com.javaweb.MichaelKai.controller.login.LoginController', 'login', null, null, '', '1', '2019-06-03 14:07:49', '1', '2019-06-03 14:07:49');
INSERT INTO `tb_action_log` VALUES ('1135428450782416896', '', '00', '0:0:0:0:0:0:0:1', 'com.javaweb.MichaelKai.controller.login.LoginController', 'login', null, null, '', '1', '2019-06-03 14:10:12', '1', '2019-06-03 14:10:12');
INSERT INTO `tb_action_log` VALUES ('1135428908490035200', '', '00', '0:0:0:0:0:0:0:1', 'com.javaweb.MichaelKai.controller.login.LoginController', 'login', null, null, '', '1', '2019-06-03 14:12:01', '1', '2019-06-03 14:12:01');
INSERT INTO `tb_action_log` VALUES ('1135429401824071680', '', '00', '0:0:0:0:0:0:0:1', 'com.javaweb.MichaelKai.controller.login.LoginController', 'login', null, null, '', '1', '2019-06-03 14:13:59', '1', '2019-06-03 14:13:59');
INSERT INTO `tb_action_log` VALUES ('1135429981011316736', '', '00', '0:0:0:0:0:0:0:1', 'com.javaweb.MichaelKai.controller.login.LoginController', 'login', null, null, '', '1', '2019-06-03 14:16:17', '1', '2019-06-03 14:16:17');
INSERT INTO `tb_action_log` VALUES ('1135431063951249408', '', '00', '0:0:0:0:0:0:0:1', 'com.javaweb.MichaelKai.controller.login.LoginController', 'login', null, null, '', '1', '2019-06-03 14:20:35', '1', '2019-06-03 14:20:35');
INSERT INTO `tb_action_log` VALUES ('1135431486862921728', '', '00', '0:0:0:0:0:0:0:1', 'com.javaweb.MichaelKai.controller.login.LoginController', 'login', null, null, '', '1', '2019-06-03 14:22:16', '1', '2019-06-03 14:22:16');
INSERT INTO `tb_action_log` VALUES ('1135431701879721984', '', '00', '0:0:0:0:0:0:0:1', 'com.javaweb.MichaelKai.controller.login.LoginController', 'login', null, null, '', '1', '2019-06-03 14:23:07', '1', '2019-06-03 14:23:07');
INSERT INTO `tb_action_log` VALUES ('1135432120047636480', '', '00', '0:0:0:0:0:0:0:1', 'com.javaweb.MichaelKai.controller.login.LoginController', 'login', null, null, '', '1', '2019-06-03 14:24:47', '1', '2019-06-03 14:24:47');
INSERT INTO `tb_action_log` VALUES ('1135434688622628864', '', '00', '0:0:0:0:0:0:0:1', 'com.javaweb.MichaelKai.controller.login.LoginController', 'login', null, null, '', '1', '2019-06-03 14:34:59', '1', '2019-06-03 14:34:59');
INSERT INTO `tb_action_log` VALUES ('1135434738052501504', '', '00', '0:0:0:0:0:0:0:1', 'com.javaweb.MichaelKai.controller.login.LoginController', 'login', null, null, '', '1', '2019-06-03 14:35:11', '1', '2019-06-03 14:35:11');
INSERT INTO `tb_action_log` VALUES ('1135435546424905728', '', '00', '0:0:0:0:0:0:0:1', 'com.javaweb.MichaelKai.controller.login.LoginController', 'login', null, null, '', '1', '2019-06-03 14:38:24', '1', '2019-06-03 14:38:24');
INSERT INTO `tb_action_log` VALUES ('1135436036646768640', '', '00', '0:0:0:0:0:0:0:1', 'com.javaweb.MichaelKai.controller.login.LoginController', 'login', null, null, '', '1', '2019-06-03 14:40:21', '1', '2019-06-03 14:40:21');
INSERT INTO `tb_action_log` VALUES ('1135436216750182400', '', '00', '0:0:0:0:0:0:0:1', 'com.javaweb.MichaelKai.controller.login.LoginController', 'login', null, null, '', '1', '2019-06-03 14:41:04', '1', '2019-06-03 14:41:04');
INSERT INTO `tb_action_log` VALUES ('1135436864178753536', '', '00', '0:0:0:0:0:0:0:1', 'com.javaweb.MichaelKai.controller.login.LoginController', 'login', null, null, '', '1', '2019-06-03 14:43:38', '1', '2019-06-03 14:43:38');
INSERT INTO `tb_action_log` VALUES ('1135437010132144128', '', '00', '0:0:0:0:0:0:0:1', 'com.javaweb.MichaelKai.controller.login.LoginController', 'login', null, null, '', '1', '2019-06-03 14:44:13', '1', '2019-06-03 14:44:13');
INSERT INTO `tb_action_log` VALUES ('1135437181188444160', '', '00', '0:0:0:0:0:0:0:1', 'com.javaweb.MichaelKai.controller.login.LoginController', 'login', null, null, '', '1', '2019-06-03 14:44:54', '1', '2019-06-03 14:44:54');
INSERT INTO `tb_action_log` VALUES ('1135437425661841408', '', '00', '0:0:0:0:0:0:0:1', 'com.javaweb.MichaelKai.controller.login.LoginController', 'login', null, null, '', '1', '2019-06-03 14:45:52', '1', '2019-06-03 14:45:52');
INSERT INTO `tb_action_log` VALUES ('1135438231853207552', '', '00', '0:0:0:0:0:0:0:1', 'com.javaweb.MichaelKai.controller.login.LoginController', 'login', null, null, '', '1', '2019-06-03 14:49:04', '1', '2019-06-03 14:49:04');
INSERT INTO `tb_action_log` VALUES ('1135438674746544128', '', '00', '0:0:0:0:0:0:0:1', 'com.javaweb.MichaelKai.controller.login.LoginController', 'login', null, null, '', '1', '2019-06-03 14:50:50', '1', '2019-06-03 14:50:50');
INSERT INTO `tb_action_log` VALUES ('1135438878199648256', '', '00', '0:0:0:0:0:0:0:1', 'com.javaweb.MichaelKai.controller.login.LoginController', 'login', null, null, '', '1', '2019-06-03 14:51:38', '1', '2019-06-03 14:51:38');
INSERT INTO `tb_action_log` VALUES ('1135439038275260416', '', '00', '0:0:0:0:0:0:0:1', 'com.javaweb.MichaelKai.controller.login.LoginController', 'login', null, null, '', '1', '2019-06-03 14:52:16', '1', '2019-06-03 14:52:16');
INSERT INTO `tb_action_log` VALUES ('1135440491505127424', '', '00', '0:0:0:0:0:0:0:1', 'com.javaweb.MichaelKai.controller.login.LoginController', 'login', null, null, '', '1', '2019-06-03 14:58:03', '1', '2019-06-03 14:58:03');
INSERT INTO `tb_action_log` VALUES ('1135441044079513600', '', '00', '0:0:0:0:0:0:0:1', 'com.javaweb.MichaelKai.controller.login.LoginController', 'login', null, null, '', '1', '2019-06-03 15:00:15', '1', '2019-06-03 15:00:15');
INSERT INTO `tb_action_log` VALUES ('1135441315685863424', '', '00', '0:0:0:0:0:0:0:1', 'com.javaweb.MichaelKai.controller.login.LoginController', 'login', null, null, '', '1', '2019-06-03 15:01:19', '1', '2019-06-03 15:01:19');
INSERT INTO `tb_action_log` VALUES ('1135442079116300288', '', '00', '0:0:0:0:0:0:0:1', 'com.javaweb.MichaelKai.controller.login.LoginController', 'login', null, null, '', '1', '2019-06-03 15:04:21', '1', '2019-06-03 15:04:21');
INSERT INTO `tb_action_log` VALUES ('1135442239712006144', '', '00', '0:0:0:0:0:0:0:1', 'com.javaweb.MichaelKai.controller.login.LoginController', 'login', null, null, '', '1', '2019-06-03 15:05:00', '1', '2019-06-03 15:05:00');
INSERT INTO `tb_action_log` VALUES ('1135442351343407104', '', '00', '0:0:0:0:0:0:0:1', 'com.javaweb.MichaelKai.controller.login.LoginController', 'login', null, null, '', '1', '2019-06-03 15:05:26', '1', '2019-06-03 15:05:26');
INSERT INTO `tb_action_log` VALUES ('1135443486926049280', '', '00', '0:0:0:0:0:0:0:1', 'com.javaweb.MichaelKai.controller.login.LoginController', 'login', null, null, '', '1', '2019-06-03 15:09:57', '1', '2019-06-03 15:09:57');
INSERT INTO `tb_action_log` VALUES ('1135443713833701376', '', '00', '0:0:0:0:0:0:0:1', 'com.javaweb.MichaelKai.controller.login.LoginController', 'login', null, null, '', '1', '2019-06-03 15:10:51', '1', '2019-06-03 15:10:51');
INSERT INTO `tb_action_log` VALUES ('1135445326832996352', '', '00', '0:0:0:0:0:0:0:1', 'com.javaweb.MichaelKai.controller.login.LoginController', 'login', null, null, '', '1', '2019-06-03 15:17:16', '1', '2019-06-03 15:17:16');
INSERT INTO `tb_action_log` VALUES ('1135445854660988928', '', '00', '0:0:0:0:0:0:0:1', 'com.javaweb.MichaelKai.controller.login.LoginController', 'login', null, null, '', '1', '2019-06-03 15:19:21', '1', '2019-06-03 15:19:21');
INSERT INTO `tb_action_log` VALUES ('1135446885721575424', '', '00', '0:0:0:0:0:0:0:1', 'com.javaweb.MichaelKai.controller.login.LoginController', 'login', null, null, '', '1', '2019-06-03 15:23:27', '1', '2019-06-03 15:23:27');
INSERT INTO `tb_action_log` VALUES ('1135450163352047616', '', '00', '0:0:0:0:0:0:0:1', 'com.javaweb.MichaelKai.controller.login.LoginController', 'login', null, null, '', '1', '2019-06-03 15:36:29', '1', '2019-06-03 15:36:29');
INSERT INTO `tb_action_log` VALUES ('1135458099562418176', '', '00', '0:0:0:0:0:0:0:1', 'com.javaweb.MichaelKai.controller.login.LoginController', 'login', null, null, '', '1', '2019-06-03 16:08:01', '1', '2019-06-03 16:08:01');
INSERT INTO `tb_action_log` VALUES ('1135465188049424384', '', '00', '0:0:0:0:0:0:0:1', 'com.javaweb.MichaelKai.controller.login.LoginController', 'login', null, null, '', '1', '2019-06-03 16:36:11', '1', '2019-06-03 16:36:11');
INSERT INTO `tb_action_log` VALUES ('1135465706519924736', '', '00', '0:0:0:0:0:0:0:1', 'com.javaweb.MichaelKai.controller.login.LoginController', 'login', null, null, '', '1', '2019-06-03 16:38:15', '1', '2019-06-03 16:38:15');
INSERT INTO `tb_action_log` VALUES ('1135466807537307648', '', '00', '0:0:0:0:0:0:0:1', 'com.javaweb.MichaelKai.controller.login.LoginController', 'login', null, null, '', '1', '2019-06-03 16:42:37', '1', '2019-06-03 16:42:37');
INSERT INTO `tb_action_log` VALUES ('1135467363039318016', '', '00', '0:0:0:0:0:0:0:1', 'com.javaweb.MichaelKai.controller.login.LoginController', 'login', null, null, '', '1', '2019-06-03 16:44:49', '1', '2019-06-03 16:44:49');
INSERT INTO `tb_action_log` VALUES ('1135467745723420672', '', '00', '0:0:0:0:0:0:0:1', 'com.javaweb.MichaelKai.controller.login.LoginController', 'login', null, null, '', '1', '2019-06-03 16:46:21', '1', '2019-06-03 16:46:21');
INSERT INTO `tb_action_log` VALUES ('1135468405214810112', '', '00', '0:0:0:0:0:0:0:1', 'com.javaweb.MichaelKai.controller.login.LoginController', 'login', null, null, '', '1', '2019-06-03 16:48:58', '1', '2019-06-03 16:48:58');
INSERT INTO `tb_action_log` VALUES ('1135468630323105792', '', '00', '0:0:0:0:0:0:0:1', 'com.javaweb.MichaelKai.controller.login.LoginController', 'login', null, null, '', '1', '2019-06-03 16:49:52', '1', '2019-06-03 16:49:52');
INSERT INTO `tb_action_log` VALUES ('1135469177470062592', '', '00', '0:0:0:0:0:0:0:1', 'com.javaweb.MichaelKai.controller.login.LoginController', 'login', null, null, '', '1', '2019-06-03 16:52:02', '1', '2019-06-03 16:52:02');
INSERT INTO `tb_action_log` VALUES ('1135469906435903488', '', '00', '0:0:0:0:0:0:0:1', 'com.javaweb.MichaelKai.controller.login.LoginController', 'login', null, null, '', '1', '2019-06-03 16:54:56', '1', '2019-06-03 16:54:56');
INSERT INTO `tb_action_log` VALUES ('1135470268093960192', '', '00', '0:0:0:0:0:0:0:1', 'com.javaweb.MichaelKai.controller.login.LoginController', 'login', null, null, '', '1', '2019-06-03 16:56:22', '1', '2019-06-03 16:56:22');
INSERT INTO `tb_action_log` VALUES ('1135470516082184192', '', '00', '0:0:0:0:0:0:0:1', 'com.javaweb.MichaelKai.controller.login.LoginController', 'login', null, null, '', '1', '2019-06-03 16:57:21', '1', '2019-06-03 16:57:21');
INSERT INTO `tb_action_log` VALUES ('1135471032866574336', '', '00', '0:0:0:0:0:0:0:1', 'com.javaweb.MichaelKai.controller.login.LoginController', 'login', null, null, '', '1', '2019-06-03 16:59:24', '1', '2019-06-03 16:59:24');
INSERT INTO `tb_action_log` VALUES ('1135472232219414528', '', '00', '0:0:0:0:0:0:0:1', 'com.javaweb.MichaelKai.controller.login.LoginController', 'login', null, null, '', '1', '2019-06-03 17:04:10', '1', '2019-06-03 17:04:10');
INSERT INTO `tb_action_log` VALUES ('1135474110588129280', '', '00', '0:0:0:0:0:0:0:1', 'com.javaweb.MichaelKai.controller.login.LoginController', 'login', null, null, '', '1', '2019-06-03 17:11:38', '1', '2019-06-03 17:11:38');
INSERT INTO `tb_action_log` VALUES ('1135474384492957696', '', '00', '0:0:0:0:0:0:0:1', 'com.javaweb.MichaelKai.controller.login.LoginController', 'login', null, null, '', '1', '2019-06-03 17:12:44', '1', '2019-06-03 17:12:44');
INSERT INTO `tb_action_log` VALUES ('1135474732150427648', '', '00', '0:0:0:0:0:0:0:1', 'com.javaweb.MichaelKai.controller.login.LoginController', 'login', null, null, '', '1', '2019-06-03 17:14:06', '1', '2019-06-03 17:14:06');
INSERT INTO `tb_action_log` VALUES ('1135475228454031360', '', '00', '0:0:0:0:0:0:0:1', 'com.javaweb.MichaelKai.controller.login.LoginController', 'login', null, null, '', '1', '2019-06-03 17:16:05', '1', '2019-06-03 17:16:05');
INSERT INTO `tb_action_log` VALUES ('1135475340232232960', '', '00', '0:0:0:0:0:0:0:1', 'com.javaweb.MichaelKai.controller.login.LoginController', 'login', null, null, '', '1', '2019-06-03 17:16:31', '1', '2019-06-03 17:16:31');
INSERT INTO `tb_action_log` VALUES ('1135475472432500736', '', '00', '0:0:0:0:0:0:0:1', 'com.javaweb.MichaelKai.controller.login.LoginController', 'login', null, null, '', '1', '2019-06-03 17:17:03', '1', '2019-06-03 17:17:03');
INSERT INTO `tb_action_log` VALUES ('1135477601314410496', '', '00', '0:0:0:0:0:0:0:1', 'com.javaweb.MichaelKai.controller.login.LoginController', 'login', null, null, '', '1', '2019-06-03 17:25:30', '1', '2019-06-03 17:25:30');
INSERT INTO `tb_action_log` VALUES ('1135478470185455616', '', '00', '0:0:0:0:0:0:0:1', 'com.javaweb.MichaelKai.controller.login.LoginController', 'login', null, null, '', '1', '2019-06-03 17:28:58', '1', '2019-06-03 17:28:58');
INSERT INTO `tb_action_log` VALUES ('1135479719689588736', '', '00', '0:0:0:0:0:0:0:1', 'com.javaweb.MichaelKai.controller.login.LoginController', 'login', null, null, '', '1', '2019-06-03 17:33:56', '1', '2019-06-03 17:33:56');
INSERT INTO `tb_action_log` VALUES ('1135479861641613312', '', '00', '0:0:0:0:0:0:0:1', 'com.javaweb.MichaelKai.controller.login.LoginController', 'login', null, null, '', '1', '2019-06-03 17:34:29', '1', '2019-06-03 17:34:29');
INSERT INTO `tb_action_log` VALUES ('1135480004927426560', '', '00', '0:0:0:0:0:0:0:1', 'com.javaweb.MichaelKai.controller.login.LoginController', 'login', null, null, '', '1', '2019-06-03 17:35:04', '1', '2019-06-03 17:35:04');
INSERT INTO `tb_action_log` VALUES ('1135480215296937984', '', '00', '0:0:0:0:0:0:0:1', 'com.javaweb.MichaelKai.controller.login.LoginController', 'login', null, null, '', '1', '2019-06-03 17:35:54', '1', '2019-06-03 17:35:54');
INSERT INTO `tb_action_log` VALUES ('1135480639143940096', '', '00', '0:0:0:0:0:0:0:1', 'com.javaweb.MichaelKai.controller.login.LoginController', 'login', null, null, '', '1', '2019-06-03 17:37:35', '1', '2019-06-03 17:37:35');
INSERT INTO `tb_action_log` VALUES ('1135480682487877632', '', '00', '0:0:0:0:0:0:0:1', 'com.javaweb.MichaelKai.controller.login.LoginController', 'login', null, null, '', '1', '2019-06-03 17:37:45', '1', '2019-06-03 17:37:45');
INSERT INTO `tb_action_log` VALUES ('1135708636803371008', '', '00', '0:0:0:0:0:0:0:1', 'com.javaweb.MichaelKai.controller.login.LoginController', 'login', null, null, '', '1', '2019-06-04 08:43:34', '1', '2019-06-04 08:43:34');
INSERT INTO `tb_action_log` VALUES ('1135708964500148224', '', '00', '0:0:0:0:0:0:0:1', 'com.javaweb.MichaelKai.controller.login.LoginController', 'login', null, null, '', '1', '2019-06-04 08:44:52', '1', '2019-06-04 08:44:52');
INSERT INTO `tb_action_log` VALUES ('1135710609464233984', '', '00', '0:0:0:0:0:0:0:1', 'com.javaweb.MichaelKai.controller.login.LoginController', 'login', null, null, '', '1', '2019-06-04 08:51:24', '1', '2019-06-04 08:51:24');
INSERT INTO `tb_action_log` VALUES ('1135710768738734080', '', '00', '0:0:0:0:0:0:0:1', 'com.javaweb.MichaelKai.controller.login.LoginController', 'login', null, null, '', '1', '2019-06-04 08:52:02', '1', '2019-06-04 08:52:02');
INSERT INTO `tb_action_log` VALUES ('1135710891904471040', '', '00', '0:0:0:0:0:0:0:1', 'com.javaweb.MichaelKai.controller.login.LoginController', 'login', null, null, '', '1', '2019-06-04 08:52:31', '1', '2019-06-04 08:52:31');
INSERT INTO `tb_action_log` VALUES ('1135711016710180864', '', '00', '0:0:0:0:0:0:0:1', 'com.javaweb.MichaelKai.controller.login.LoginController', 'login', null, null, '', '1', '2019-06-04 08:53:01', '1', '2019-06-04 08:53:01');
INSERT INTO `tb_action_log` VALUES ('1135711115687366656', '', '00', '0:0:0:0:0:0:0:1', 'com.javaweb.MichaelKai.controller.login.LoginController', 'login', null, null, '', '1', '2019-06-04 08:53:25', '1', '2019-06-04 08:53:25');
INSERT INTO `tb_action_log` VALUES ('1135711398207295488', '', '00', '0:0:0:0:0:0:0:1', 'com.javaweb.MichaelKai.controller.login.LoginController', 'login', null, null, '', '1', '2019-06-04 08:54:32', '1', '2019-06-04 08:54:32');
INSERT INTO `tb_action_log` VALUES ('1135711482009489408', '', '00', '0:0:0:0:0:0:0:1', 'com.javaweb.MichaelKai.controller.login.LoginController', 'login', null, null, '', '1', '2019-06-04 08:54:52', '1', '2019-06-04 08:54:52');
INSERT INTO `tb_action_log` VALUES ('1135711876081127424', '', '00', '0:0:0:0:0:0:0:1', 'com.javaweb.MichaelKai.controller.login.LoginController', 'login', null, null, '', '1', '2019-06-04 08:56:26', '1', '2019-06-04 08:56:26');
INSERT INTO `tb_action_log` VALUES ('1135712034017644544', '', '00', '0:0:0:0:0:0:0:1', 'com.javaweb.MichaelKai.controller.login.LoginController', 'login', null, null, '', '1', '2019-06-04 08:57:04', '1', '2019-06-04 08:57:04');
INSERT INTO `tb_action_log` VALUES ('1135712194038730752', '', '00', '0:0:0:0:0:0:0:1', 'com.javaweb.MichaelKai.controller.login.LoginController', 'login', null, null, '', '1', '2019-06-04 08:57:42', '1', '2019-06-04 08:57:42');
INSERT INTO `tb_action_log` VALUES ('1135712283473874944', '', '00', '0:0:0:0:0:0:0:1', 'com.javaweb.MichaelKai.controller.login.LoginController', 'login', null, null, '', '1', '2019-06-04 08:58:03', '1', '2019-06-04 08:58:03');
INSERT INTO `tb_action_log` VALUES ('1135712669647638528', '', '00', '0:0:0:0:0:0:0:1', 'com.javaweb.MichaelKai.controller.login.LoginController', 'login', null, null, '', '1', '2019-06-04 08:59:35', '1', '2019-06-04 08:59:35');
INSERT INTO `tb_action_log` VALUES ('1135712789663453184', '', '00', '0:0:0:0:0:0:0:1', 'com.javaweb.MichaelKai.controller.login.LoginController', 'login', null, null, '', '1', '2019-06-04 09:00:04', '1', '2019-06-04 09:00:04');
INSERT INTO `tb_action_log` VALUES ('1135712935138693120', '', '00', '0:0:0:0:0:0:0:1', 'com.javaweb.MichaelKai.controller.login.LoginController', 'login', null, null, '', '1', '2019-06-04 09:00:38', '1', '2019-06-04 09:00:38');
INSERT INTO `tb_action_log` VALUES ('1135713061135585280', '', '00', '0:0:0:0:0:0:0:1', 'com.javaweb.MichaelKai.controller.login.LoginController', 'login', null, null, '', '1', '2019-06-04 09:01:08', '1', '2019-06-04 09:01:08');
INSERT INTO `tb_action_log` VALUES ('1135713159387156480', '', '00', '0:0:0:0:0:0:0:1', 'com.javaweb.MichaelKai.controller.login.LoginController', 'login', null, null, '', '1', '2019-06-04 09:01:32', '1', '2019-06-04 09:01:32');
INSERT INTO `tb_action_log` VALUES ('1135713253712859136', '', '00', '0:0:0:0:0:0:0:1', 'com.javaweb.MichaelKai.controller.login.LoginController', 'login', null, null, '', '1', '2019-06-04 09:01:54', '1', '2019-06-04 09:01:54');
INSERT INTO `tb_action_log` VALUES ('1135713491521507328', '', '00', '0:0:0:0:0:0:0:1', 'com.javaweb.MichaelKai.controller.login.LoginController', 'login', null, null, '', '1', '2019-06-04 09:02:51', '1', '2019-06-04 09:02:51');
INSERT INTO `tb_action_log` VALUES ('1135713815804121088', '', '00', '0:0:0:0:0:0:0:1', 'com.javaweb.MichaelKai.controller.login.LoginController', 'login', null, null, '', '1', '2019-06-04 09:04:08', '1', '2019-06-04 09:04:08');
INSERT INTO `tb_action_log` VALUES ('1135713907923619840', '', '00', '0:0:0:0:0:0:0:1', 'com.javaweb.MichaelKai.controller.login.LoginController', 'login', null, null, '', '1', '2019-06-04 09:04:30', '1', '2019-06-04 09:04:30');
INSERT INTO `tb_action_log` VALUES ('1135714062156566528', '', '00', '0:0:0:0:0:0:0:1', 'com.javaweb.MichaelKai.controller.login.LoginController', 'login', null, null, '', '1', '2019-06-04 09:05:07', '1', '2019-06-04 09:05:07');
INSERT INTO `tb_action_log` VALUES ('1135715130097668096', '', '00', '0:0:0:0:0:0:0:1', 'com.javaweb.MichaelKai.controller.login.LoginController', 'login', null, null, '', '1', '2019-06-04 09:09:22', '1', '2019-06-04 09:09:22');
INSERT INTO `tb_action_log` VALUES ('1135715186469113856', '', '00', '0:0:0:0:0:0:0:1', 'com.javaweb.MichaelKai.controller.login.LoginController', 'login', null, null, '', '1', '2019-06-04 09:09:35', '1', '2019-06-04 09:09:35');
INSERT INTO `tb_action_log` VALUES ('1135715353419190272', '', '00', '0:0:0:0:0:0:0:1', 'com.javaweb.MichaelKai.controller.login.LoginController', 'login', null, null, '', '1', '2019-06-04 09:10:15', '1', '2019-06-04 09:10:15');
INSERT INTO `tb_action_log` VALUES ('1135715719439323136', '', '00', '0:0:0:0:0:0:0:1', 'com.javaweb.MichaelKai.controller.login.LoginController', 'login', null, null, '', '1', '2019-06-04 09:11:42', '1', '2019-06-04 09:11:42');
INSERT INTO `tb_action_log` VALUES ('1135715854730792960', '', '00', '0:0:0:0:0:0:0:1', 'com.javaweb.MichaelKai.controller.login.LoginController', 'login', null, null, '', '1', '2019-06-04 09:12:14', '1', '2019-06-04 09:12:14');
INSERT INTO `tb_action_log` VALUES ('1135740810827010048', '', '00', '0:0:0:0:0:0:0:1', 'com.javaweb.MichaelKai.controller.login.LoginController', 'login', null, null, '', '1', '2019-06-04 10:51:24', '1', '2019-06-04 10:51:24');
INSERT INTO `tb_action_log` VALUES ('1135741341066727424', '', '00', '0:0:0:0:0:0:0:1', 'com.javaweb.MichaelKai.controller.login.LoginController', 'login', null, null, '', '1', '2019-06-04 10:53:31', '1', '2019-06-04 10:53:31');
INSERT INTO `tb_action_log` VALUES ('1135743383457894400', '', '00', '0:0:0:0:0:0:0:1', 'com.javaweb.MichaelKai.controller.login.LoginController', 'login', null, null, '', '1', '2019-06-04 11:01:38', '1', '2019-06-04 11:01:38');
INSERT INTO `tb_action_log` VALUES ('1135744308859768832', '', '00', '0:0:0:0:0:0:0:1', 'com.javaweb.MichaelKai.controller.login.LoginController', 'login', null, null, '', '1', '2019-06-04 11:05:18', '1', '2019-06-04 11:05:18');
INSERT INTO `tb_action_log` VALUES ('1135746703874461696', '', '00', '0:0:0:0:0:0:0:1', 'com.javaweb.MichaelKai.controller.login.LoginController', 'login', null, null, '', '1', '2019-06-04 11:14:50', '1', '2019-06-04 11:14:50');
INSERT INTO `tb_action_log` VALUES ('1135746917242900480', '', '00', '0:0:0:0:0:0:0:1', 'com.javaweb.MichaelKai.controller.login.LoginController', 'login', null, null, '', '1', '2019-06-04 11:15:40', '1', '2019-06-04 11:15:40');
INSERT INTO `tb_action_log` VALUES ('1135748587746103296', '', '00', '0:0:0:0:0:0:0:1', 'com.javaweb.MichaelKai.controller.login.LoginController', 'login', null, null, '', '1', '2019-06-04 11:22:19', '1', '2019-06-04 11:22:19');
INSERT INTO `tb_action_log` VALUES ('1135749018111053824', '', '00', '0:0:0:0:0:0:0:1', 'com.javaweb.MichaelKai.controller.login.LoginController', 'login', null, null, '', '1', '2019-06-04 11:24:01', '1', '2019-06-04 11:24:01');
INSERT INTO `tb_action_log` VALUES ('1135749331442339840', '', '00', '0:0:0:0:0:0:0:1', 'com.javaweb.MichaelKai.controller.login.LoginController', 'login', null, null, '', '1', '2019-06-04 11:25:16', '1', '2019-06-04 11:25:16');
INSERT INTO `tb_action_log` VALUES ('1135788977127821312', '', '00', '0:0:0:0:0:0:0:1', 'com.javaweb.MichaelKai.controller.login.LoginController', 'login', null, null, '', '1', '2019-06-04 14:02:48', '1', '2019-06-04 14:02:48');
INSERT INTO `tb_action_log` VALUES ('1135789054625976320', '', '00', '0:0:0:0:0:0:0:1', 'com.javaweb.MichaelKai.controller.login.LoginController', 'login', null, null, '', '1', '2019-06-04 14:03:07', '1', '2019-06-04 14:03:07');
INSERT INTO `tb_action_log` VALUES ('1135789135362134016', '', '00', '0:0:0:0:0:0:0:1', 'com.javaweb.MichaelKai.controller.login.LoginController', 'login', null, null, '', '1', '2019-06-04 14:03:26', '1', '2019-06-04 14:03:26');
INSERT INTO `tb_action_log` VALUES ('1135791092747341824', '', '00', '0:0:0:0:0:0:0:1', 'com.javaweb.MichaelKai.controller.login.LoginController', 'login', null, null, '', '1', '2019-06-04 14:11:13', '1', '2019-06-04 14:11:13');
INSERT INTO `tb_action_log` VALUES ('1135794954233319424', '', '00', '0:0:0:0:0:0:0:1', 'com.javaweb.MichaelKai.controller.login.LoginController', 'login', null, null, '', '1', '2019-06-04 14:26:33', '1', '2019-06-04 14:26:33');
INSERT INTO `tb_action_log` VALUES ('1135795678069526528', '', '00', '0:0:0:0:0:0:0:1', 'com.javaweb.MichaelKai.controller.login.LoginController', 'login', null, null, '', '1', '2019-06-04 14:29:26', '1', '2019-06-04 14:29:26');
INSERT INTO `tb_action_log` VALUES ('1135796181121765376', '', '00', '0:0:0:0:0:0:0:1', 'com.javaweb.MichaelKai.controller.login.LoginController', 'login', null, null, '', '1', '2019-06-04 14:31:26', '1', '2019-06-04 14:31:26');
INSERT INTO `tb_action_log` VALUES ('1135798249597308928', '', '00', '0:0:0:0:0:0:0:1', 'com.javaweb.MichaelKai.controller.login.LoginController', 'login', null, null, '', '1133293016937795584', '2019-06-04 14:39:39', '1133293016937795584', '2019-06-04 14:39:39');
INSERT INTO `tb_action_log` VALUES ('1135800390231658496', '', '00', '0:0:0:0:0:0:0:1', 'com.javaweb.MichaelKai.controller.login.LoginController', 'login', null, null, '', '1133293016937795584', '2019-06-04 14:48:09', '1133293016937795584', '2019-06-04 14:48:09');
INSERT INTO `tb_action_log` VALUES ('1135800774836752384', '', '00', '0:0:0:0:0:0:0:1', 'com.javaweb.MichaelKai.controller.login.LoginController', 'login', null, null, '', '1', '2019-06-04 14:49:41', '1', '2019-06-04 14:49:41');
INSERT INTO `tb_action_log` VALUES ('1135802023841763328', '', '00', '0:0:0:0:0:0:0:1', 'com.javaweb.MichaelKai.controller.login.LoginController', 'login', null, null, '', '1', '2019-06-04 14:54:39', '1', '2019-06-04 14:54:39');
INSERT INTO `tb_action_log` VALUES ('1135802334799073280', '', '00', '0:0:0:0:0:0:0:1', 'com.javaweb.MichaelKai.controller.login.LoginController', 'login', null, null, '', '1', '2019-06-04 14:55:53', '1', '2019-06-04 14:55:53');
INSERT INTO `tb_action_log` VALUES ('1135803113576468480', '', '00', '0:0:0:0:0:0:0:1', 'com.javaweb.MichaelKai.controller.login.LoginController', 'login', null, null, '', '1', '2019-06-04 14:58:59', '1', '2019-06-04 14:58:59');
INSERT INTO `tb_action_log` VALUES ('1135831942130962432', '', '00', '0:0:0:0:0:0:0:1', 'com.javaweb.MichaelKai.controller.login.LoginController', 'login', null, null, '', '1', '2019-06-04 16:53:32', '1', '2019-06-04 16:53:32');
INSERT INTO `tb_action_log` VALUES ('1135832290384023552', '', '00', '0:0:0:0:0:0:0:1', 'com.javaweb.MichaelKai.controller.login.LoginController', 'login', null, null, '', '1', '2019-06-04 16:54:55', '1', '2019-06-04 16:54:55');
INSERT INTO `tb_action_log` VALUES ('1135832377411637248', '', '00', '0:0:0:0:0:0:0:1', 'com.javaweb.MichaelKai.controller.login.LoginController', 'login', null, null, '', '1', '2019-06-04 16:55:16', '1', '2019-06-04 16:55:16');
INSERT INTO `tb_action_log` VALUES ('1135833594963562496', '', '00', '0:0:0:0:0:0:0:1', 'com.javaweb.MichaelKai.controller.login.LoginController', 'login', null, null, '', '1', '2019-06-04 17:00:06', '1', '2019-06-04 17:00:06');
INSERT INTO `tb_action_log` VALUES ('1135834229389791232', '', '00', '0:0:0:0:0:0:0:1', 'com.javaweb.MichaelKai.controller.login.LoginController', 'login', null, null, '', '1', '2019-06-04 17:02:37', '1', '2019-06-04 17:02:37');
INSERT INTO `tb_action_log` VALUES ('1135834593438601216', '', '00', '0:0:0:0:0:0:0:1', 'com.javaweb.MichaelKai.controller.login.LoginController', 'login', null, null, '', '1', '2019-06-04 17:04:04', '1', '2019-06-04 17:04:04');
INSERT INTO `tb_action_log` VALUES ('1135836397924651008', '', '00', '0:0:0:0:0:0:0:1', 'com.javaweb.MichaelKai.controller.login.LoginController', 'login', null, null, '', '1', '2019-06-04 17:11:14', '1', '2019-06-04 17:11:14');
INSERT INTO `tb_action_log` VALUES ('1135836624157020160', '', '00', '0:0:0:0:0:0:0:1', 'com.javaweb.MichaelKai.controller.login.LoginController', 'login', null, null, '', '1', '2019-06-04 17:12:08', '1', '2019-06-04 17:12:08');
INSERT INTO `tb_action_log` VALUES ('1135837137120399360', '', '00', '0:0:0:0:0:0:0:1', 'com.javaweb.MichaelKai.controller.login.LoginController', 'login', null, null, '', '1', '2019-06-04 17:14:10', '1', '2019-06-04 17:14:10');
INSERT INTO `tb_action_log` VALUES ('1135838473983496192', '', '00', '0:0:0:0:0:0:0:1', 'com.javaweb.MichaelKai.controller.login.LoginController', 'login', null, null, '', '1', '2019-06-04 17:19:29', '1', '2019-06-04 17:19:29');
INSERT INTO `tb_action_log` VALUES ('1135839183814922240', '', '00', '0:0:0:0:0:0:0:1', 'com.javaweb.MichaelKai.controller.login.LoginController', 'login', null, null, '', '1', '2019-06-04 17:22:18', '1', '2019-06-04 17:22:18');
INSERT INTO `tb_action_log` VALUES ('1136071402978414592', '', '00', '0:0:0:0:0:0:0:1', 'com.javaweb.MichaelKai.controller.login.LoginController', 'login', null, null, '', '1', '2019-06-05 08:45:04', '1', '2019-06-05 08:45:04');
INSERT INTO `tb_action_log` VALUES ('1136073184542593024', '', '00', '0:0:0:0:0:0:0:1', 'com.javaweb.MichaelKai.controller.login.LoginController', 'login', null, null, '', '1', '2019-06-05 08:52:09', '1', '2019-06-05 08:52:09');
INSERT INTO `tb_action_log` VALUES ('1136073345037635584', '', '00', '0:0:0:0:0:0:0:1', 'com.javaweb.MichaelKai.controller.login.LoginController', 'login', null, null, '', '1', '2019-06-05 08:52:47', '1', '2019-06-05 08:52:47');
INSERT INTO `tb_action_log` VALUES ('1136073679134920704', '', '00', '0:0:0:0:0:0:0:1', 'com.javaweb.MichaelKai.controller.login.LoginController', 'login', null, null, '', '1', '2019-06-05 08:54:06', '1', '2019-06-05 08:54:06');
INSERT INTO `tb_action_log` VALUES ('1136086790898323456', '', '00', '0:0:0:0:0:0:0:1', 'com.javaweb.MichaelKai.controller.login.LoginController', 'login', null, null, '', '1', '2019-06-05 09:46:13', '1', '2019-06-05 09:46:13');
INSERT INTO `tb_action_log` VALUES ('1136087085627871232', '', '00', '0:0:0:0:0:0:0:1', 'com.javaweb.MichaelKai.controller.login.LoginController', 'login', null, null, '', '1', '2019-06-05 09:47:23', '1', '2019-06-05 09:47:23');
INSERT INTO `tb_action_log` VALUES ('1136087468932730880', '', '00', '0:0:0:0:0:0:0:1', 'com.javaweb.MichaelKai.controller.login.LoginController', 'login', null, null, '', '1', '2019-06-05 09:48:54', '1', '2019-06-05 09:48:54');
INSERT INTO `tb_action_log` VALUES ('1136088088515317760', '', '00', '0:0:0:0:0:0:0:1', 'com.javaweb.MichaelKai.controller.login.LoginController', 'login', null, null, '', '1', '2019-06-05 09:51:22', '1', '2019-06-05 09:51:22');
INSERT INTO `tb_action_log` VALUES ('1136099365509795840', '', '00', '0:0:0:0:0:0:0:1', 'com.javaweb.MichaelKai.controller.login.LoginController', 'login', null, null, '', '1133293016937795584', '2019-06-05 10:36:11', '1133293016937795584', '2019-06-05 10:36:11');
INSERT INTO `tb_action_log` VALUES ('1136099396870606848', '', '00', '0:0:0:0:0:0:0:1', 'com.javaweb.MichaelKai.controller.login.LoginController', 'login', null, null, '', '1133293016937795584', '2019-06-05 10:36:18', '1133293016937795584', '2019-06-05 10:36:18');
INSERT INTO `tb_action_log` VALUES ('1136107983223263232', '', '00', '0:0:0:0:0:0:0:1', 'com.javaweb.MichaelKai.controller.login.LoginController', 'login', null, null, '', '1133293016937795584', '2019-06-05 11:10:25', '1133293016937795584', '2019-06-05 11:10:25');
INSERT INTO `tb_action_log` VALUES ('1136108016270184448', '', '00', '0:0:0:0:0:0:0:1', 'com.javaweb.MichaelKai.controller.login.LoginController', 'login', null, null, '', '1', '2019-06-05 11:10:33', '1', '2019-06-05 11:10:33');
INSERT INTO `tb_action_log` VALUES ('1136110172838694912', '', '00', '0:0:0:0:0:0:0:1', 'com.javaweb.MichaelKai.controller.login.LoginController', 'login', null, null, '', '1', '2019-06-05 11:19:07', '1', '2019-06-05 11:19:07');
INSERT INTO `tb_action_log` VALUES ('1136110260105383936', '', '00', '0:0:0:0:0:0:0:1', 'com.javaweb.MichaelKai.controller.login.LoginController', 'login', null, null, '', '1', '2019-06-05 11:19:28', '1', '2019-06-05 11:19:28');
INSERT INTO `tb_action_log` VALUES ('1136110333908357120', '', '00', '0:0:0:0:0:0:0:1', 'com.javaweb.MichaelKai.controller.login.LoginController', 'login', null, null, '', '1133293016937795584', '2019-06-05 11:19:46', '1133293016937795584', '2019-06-05 11:19:46');
INSERT INTO `tb_action_log` VALUES ('1136112563797495808', '', '00', '0:0:0:0:0:0:0:1', 'com.javaweb.MichaelKai.controller.login.LoginController', 'login', null, null, '', '1133293016937795584', '2019-06-05 11:28:37', '1133293016937795584', '2019-06-05 11:28:37');
INSERT INTO `tb_action_log` VALUES ('1136113689716461568', '', '00', '0:0:0:0:0:0:0:1', 'com.javaweb.MichaelKai.controller.login.LoginController', 'login', null, null, '', '1', '2019-06-05 11:33:06', '1', '2019-06-05 11:33:06');
INSERT INTO `tb_action_log` VALUES ('1136114049713573888', '', '00', '0:0:0:0:0:0:0:1', 'com.javaweb.MichaelKai.controller.login.LoginController', 'login', null, null, '', '1', '2019-06-05 11:34:32', '1', '2019-06-05 11:34:32');
INSERT INTO `tb_action_log` VALUES ('1136114612979240960', '', '00', '0:0:0:0:0:0:0:1', 'com.javaweb.MichaelKai.controller.login.LoginController', 'login', null, null, '', '1', '2019-06-05 11:36:46', '1', '2019-06-05 11:36:46');
INSERT INTO `tb_action_log` VALUES ('1136114758546755584', '', '00', '0:0:0:0:0:0:0:1', 'com.javaweb.MichaelKai.controller.login.LoginController', 'login', null, null, '', '1', '2019-06-05 11:37:21', '1', '2019-06-05 11:37:21');
INSERT INTO `tb_action_log` VALUES ('1136115119214956544', '', '00', '0:0:0:0:0:0:0:1', 'com.javaweb.MichaelKai.controller.login.LoginController', 'login', null, null, '', '1', '2019-06-05 11:38:47', '1', '2019-06-05 11:38:47');
INSERT INTO `tb_action_log` VALUES ('1136115982159450112', '', '00', '0:0:0:0:0:0:0:1', 'com.javaweb.MichaelKai.controller.login.LoginController', 'login', null, null, '', '1', '2019-06-05 11:42:12', '1', '2019-06-05 11:42:12');
INSERT INTO `tb_action_log` VALUES ('1136116156093042688', '', '00', '0:0:0:0:0:0:0:1', 'com.javaweb.MichaelKai.controller.login.LoginController', 'login', null, null, '', '1', '2019-06-05 11:42:54', '1', '2019-06-05 11:42:54');
INSERT INTO `tb_action_log` VALUES ('1136146469745725440', '', '00', '0:0:0:0:0:0:0:1', 'com.javaweb.MichaelKai.controller.login.LoginController', 'login', null, null, '', '1', '2019-06-05 13:43:21', '1', '2019-06-05 13:43:21');
INSERT INTO `tb_action_log` VALUES ('1136153958256087040', '', '00', '0:0:0:0:0:0:0:1', 'com.javaweb.MichaelKai.controller.login.LoginController', 'login', null, null, '', '1', '2019-06-05 14:13:07', '1', '2019-06-05 14:13:07');
INSERT INTO `tb_action_log` VALUES ('1136154106843500544', '', '00', '0:0:0:0:0:0:0:1', 'com.javaweb.MichaelKai.controller.login.LoginController', 'login', null, null, '', '1', '2019-06-05 14:13:42', '1', '2019-06-05 14:13:42');
INSERT INTO `tb_action_log` VALUES ('1136154143019372544', '', '00', '0:0:0:0:0:0:0:1', 'com.javaweb.MichaelKai.controller.login.LoginController', 'login', null, null, '', '1133293016937795584', '2019-06-05 14:13:51', '1133293016937795584', '2019-06-05 14:13:51');
INSERT INTO `tb_action_log` VALUES ('1136154183423102976', '', '00', '0:0:0:0:0:0:0:1', 'com.javaweb.MichaelKai.controller.login.LoginController', 'login', null, null, '', '1', '2019-06-05 14:14:00', '1', '2019-06-05 14:14:00');
INSERT INTO `tb_action_log` VALUES ('1136156154016174080', '', '00', '0:0:0:0:0:0:0:1', 'com.javaweb.MichaelKai.controller.login.LoginController', 'login', null, null, '', '1', '2019-06-05 14:21:50', '1', '2019-06-05 14:21:50');
INSERT INTO `tb_action_log` VALUES ('1136156298602221568', '', '00', '0:0:0:0:0:0:0:1', 'com.javaweb.MichaelKai.controller.login.LoginController', 'login', null, null, '', '1', '2019-06-05 14:22:25', '1', '2019-06-05 14:22:25');
INSERT INTO `tb_action_log` VALUES ('1136156495793229824', '', '00', '0:0:0:0:0:0:0:1', 'com.javaweb.MichaelKai.controller.login.LoginController', 'login', null, null, '', '1', '2019-06-05 14:23:12', '1', '2019-06-05 14:23:12');
INSERT INTO `tb_action_log` VALUES ('1136157006005145600', '', '00', '0:0:0:0:0:0:0:1', 'com.javaweb.MichaelKai.controller.login.LoginController', 'login', null, null, '', '1', '2019-06-05 14:25:13', '1', '2019-06-05 14:25:13');
INSERT INTO `tb_action_log` VALUES ('1136157260838473728', '', '00', '0:0:0:0:0:0:0:1', 'com.javaweb.MichaelKai.controller.login.LoginController', 'login', null, null, '', '1', '2019-06-05 14:26:14', '1', '2019-06-05 14:26:14');
INSERT INTO `tb_action_log` VALUES ('1136157430397407232', '', '00', '0:0:0:0:0:0:0:1', 'com.javaweb.MichaelKai.controller.login.LoginController', 'login', null, null, '', '1', '2019-06-05 14:26:54', '1', '2019-06-05 14:26:54');
INSERT INTO `tb_action_log` VALUES ('1136192896299569152', '', '00', '0:0:0:0:0:0:0:1', 'com.javaweb.MichaelKai.controller.login.LoginController', 'login', null, null, '', '1', '2019-06-05 16:47:50', '1', '2019-06-05 16:47:50');
INSERT INTO `tb_action_log` VALUES ('1136199970479804416', '', '00', '0:0:0:0:0:0:0:1', 'com.javaweb.MichaelKai.controller.login.LoginController', 'login', null, null, '', '1', '2019-06-05 17:15:57', '1', '2019-06-05 17:15:57');
INSERT INTO `tb_action_log` VALUES ('1136200158292348928', '', '00', '0:0:0:0:0:0:0:1', 'com.javaweb.MichaelKai.controller.login.LoginController', 'login', null, null, '', '1', '2019-06-05 17:16:41', '1', '2019-06-05 17:16:41');
INSERT INTO `tb_action_log` VALUES ('1136200307961892864', '', '00', '0:0:0:0:0:0:0:1', 'com.javaweb.MichaelKai.controller.login.LoginController', 'login', null, null, '', '1', '2019-06-05 17:17:17', '1', '2019-06-05 17:17:17');
INSERT INTO `tb_action_log` VALUES ('1136200639865556992', '', '00', '0:0:0:0:0:0:0:1', 'com.javaweb.MichaelKai.controller.login.LoginController', 'login', null, null, '', '1133293016937795584', '2019-06-05 17:18:36', '1133293016937795584', '2019-06-05 17:18:36');
INSERT INTO `tb_action_log` VALUES ('1136200666293866496', '', '00', '0:0:0:0:0:0:0:1', 'com.javaweb.MichaelKai.controller.login.LoginController', 'login', null, null, '', '1', '2019-06-05 17:18:43', '1', '2019-06-05 17:18:43');
INSERT INTO `tb_action_log` VALUES ('1136203474099376128', '', '00', '0:0:0:0:0:0:0:1', 'com.javaweb.MichaelKai.controller.login.LoginController', 'login', null, null, '', '1', '2019-06-05 17:29:52', '1', '2019-06-05 17:29:52');
INSERT INTO `tb_action_log` VALUES ('1136203651686207488', '', '00', '0:0:0:0:0:0:0:1', 'com.javaweb.MichaelKai.controller.login.LoginController', 'login', null, null, '', '1', '2019-06-05 17:30:34', '1', '2019-06-05 17:30:34');
INSERT INTO `tb_action_log` VALUES ('1136203749535125504', '', '00', '0:0:0:0:0:0:0:1', 'com.javaweb.MichaelKai.controller.login.LoginController', 'login', null, null, '', '1133293016937795584', '2019-06-05 17:30:58', '1133293016937795584', '2019-06-05 17:30:58');
INSERT INTO `tb_action_log` VALUES ('1136203972990865408', '', '00', '0:0:0:0:0:0:0:1', 'com.javaweb.MichaelKai.controller.login.LoginController', 'login', null, null, '', '1', '2019-06-05 17:31:51', '1', '2019-06-05 17:31:51');
INSERT INTO `tb_action_log` VALUES ('1136204031539154944', '', '00', '0:0:0:0:0:0:0:1', 'com.javaweb.MichaelKai.controller.login.LoginController', 'login', null, null, '', '1133293016937795584', '2019-06-05 17:32:05', '1133293016937795584', '2019-06-05 17:32:05');
INSERT INTO `tb_action_log` VALUES ('1136434684708917248', '', '00', '0:0:0:0:0:0:0:1', 'com.javaweb.MichaelKai.controller.login.LoginController', 'login', null, null, '', '1', '2019-06-06 08:48:37', '1', '2019-06-06 08:48:37');
INSERT INTO `tb_action_log` VALUES ('1136436747928997888', '', '00', '0:0:0:0:0:0:0:1', 'com.javaweb.MichaelKai.controller.login.LoginController', 'login', null, null, '', '1', '2019-06-06 08:56:49', '1', '2019-06-06 08:56:49');
INSERT INTO `tb_action_log` VALUES ('1136437180827308032', '', '00', '0:0:0:0:0:0:0:1', 'com.javaweb.MichaelKai.controller.login.LoginController', 'login', null, null, '', '1', '2019-06-06 08:58:32', '1', '2019-06-06 08:58:32');
INSERT INTO `tb_action_log` VALUES ('1136510223863910400', '', '00', '0:0:0:0:0:0:0:1', 'com.javaweb.MichaelKai.controller.login.LoginController', 'login', null, null, '', '1', '2019-06-06 13:48:47', '1', '2019-06-06 13:48:47');
INSERT INTO `tb_action_log` VALUES ('1136511070026993664', '', '00', '0:0:0:0:0:0:0:1', 'com.javaweb.MichaelKai.controller.login.LoginController', 'login', null, null, '', '1', '2019-06-06 13:52:09', '1', '2019-06-06 13:52:09');
INSERT INTO `tb_action_log` VALUES ('1136511485980315648', '', '00', '0:0:0:0:0:0:0:1', 'com.javaweb.MichaelKai.controller.login.LoginController', 'login', null, null, '', '1', '2019-06-06 13:53:48', '1', '2019-06-06 13:53:48');
INSERT INTO `tb_action_log` VALUES ('1136520834454786048', '', '00', '0:0:0:0:0:0:0:1', 'com.javaweb.MichaelKai.controller.login.LoginController', 'login', null, null, '', '1', '2019-06-06 14:30:57', '1', '2019-06-06 14:30:57');
INSERT INTO `tb_action_log` VALUES ('1137883278691405824', '', '00', '0:0:0:0:0:0:0:1', 'com.javaweb.MichaelKai.controller.login.LoginController', 'login', null, null, '', '1', '2019-06-10 08:44:49', '1', '2019-06-10 08:44:49');
INSERT INTO `tb_action_log` VALUES ('1137898612433489920', '', '00', '0:0:0:0:0:0:0:1', 'com.javaweb.MichaelKai.controller.login.LoginController', 'login', null, null, '', '1', '2019-06-10 09:45:44', '1', '2019-06-10 09:45:44');
INSERT INTO `tb_action_log` VALUES ('1137899263855038464', '', '00', '0:0:0:0:0:0:0:1', 'com.javaweb.MichaelKai.controller.login.LoginController', 'login', null, null, '', '1', '2019-06-10 09:48:20', '1', '2019-06-10 09:48:20');
INSERT INTO `tb_action_log` VALUES ('1137901244250198016', '', '00', '0:0:0:0:0:0:0:1', 'com.javaweb.MichaelKai.controller.login.LoginController', 'login', null, null, '', '1', '2019-06-10 09:56:12', '1', '2019-06-10 09:56:12');
INSERT INTO `tb_action_log` VALUES ('1137903214138626048', '', '00', '0:0:0:0:0:0:0:1', 'com.javaweb.MichaelKai.controller.login.LoginController', 'login', null, null, '', '1', '2019-06-10 10:04:02', '1', '2019-06-10 10:04:02');
INSERT INTO `tb_action_log` VALUES ('1137910886485331968', '', '00', '0:0:0:0:0:0:0:1', 'com.javaweb.MichaelKai.controller.login.LoginController', 'login', null, null, '', '1', '2019-06-10 10:34:31', '1', '2019-06-10 10:34:31');
INSERT INTO `tb_action_log` VALUES ('1137911328053268480', '', '00', '0:0:0:0:0:0:0:1', 'com.javaweb.MichaelKai.controller.login.LoginController', 'login', null, null, '', '1', '2019-06-10 10:36:16', '1', '2019-06-10 10:36:16');
INSERT INTO `tb_action_log` VALUES ('1137911837770256384', '', '00', '0:0:0:0:0:0:0:1', 'com.javaweb.MichaelKai.controller.login.LoginController', 'login', null, null, '', '1', '2019-06-10 10:38:18', '1', '2019-06-10 10:38:18');
INSERT INTO `tb_action_log` VALUES ('1137913472953225216', '', '00', '0:0:0:0:0:0:0:1', 'com.javaweb.MichaelKai.controller.login.LoginController', 'login', null, null, '', '1', '2019-06-10 10:44:48', '1', '2019-06-10 10:44:48');
INSERT INTO `tb_action_log` VALUES ('1137913646454804480', '', '00', '0:0:0:0:0:0:0:1', 'com.javaweb.MichaelKai.controller.login.LoginController', 'login', null, null, '', '1', '2019-06-10 10:45:29', '1', '2019-06-10 10:45:29');
INSERT INTO `tb_action_log` VALUES ('1137913925074030592', '', '00', '0:0:0:0:0:0:0:1', 'com.javaweb.MichaelKai.controller.login.LoginController', 'login', null, null, '', '1', '2019-06-10 10:46:35', '1', '2019-06-10 10:46:35');
INSERT INTO `tb_action_log` VALUES ('1137914231040118784', '', '00', '0:0:0:0:0:0:0:1', 'com.javaweb.MichaelKai.controller.login.LoginController', 'login', null, null, '', '1', '2019-06-10 10:47:48', '1', '2019-06-10 10:47:48');
INSERT INTO `tb_action_log` VALUES ('1137914479162560512', '', '00', '0:0:0:0:0:0:0:1', 'com.javaweb.MichaelKai.controller.login.LoginController', 'login', null, null, '', '1', '2019-06-10 10:48:47', '1', '2019-06-10 10:48:47');
INSERT INTO `tb_action_log` VALUES ('1137916992448237568', '', '00', '0:0:0:0:0:0:0:1', 'com.javaweb.MichaelKai.controller.login.LoginController', 'login', null, null, '', '1', '2019-06-10 10:58:47', '1', '2019-06-10 10:58:47');
INSERT INTO `tb_action_log` VALUES ('1137917545475608576', '', '00', '0:0:0:0:0:0:0:1', 'com.javaweb.MichaelKai.controller.login.LoginController', 'login', null, null, '', '1', '2019-06-10 11:00:58', '1', '2019-06-10 11:00:58');
INSERT INTO `tb_action_log` VALUES ('1137917832961593344', '', '00', '0:0:0:0:0:0:0:1', 'com.javaweb.MichaelKai.controller.login.LoginController', 'login', null, null, '', '1', '2019-06-10 11:02:07', '1', '2019-06-10 11:02:07');
INSERT INTO `tb_action_log` VALUES ('1137918523646021632', '', '00', '0:0:0:0:0:0:0:1', 'com.javaweb.MichaelKai.controller.login.LoginController', 'login', null, null, '', '1', '2019-06-10 11:04:52', '1', '2019-06-10 11:04:52');
INSERT INTO `tb_action_log` VALUES ('1137919085443682304', '', '00', '0:0:0:0:0:0:0:1', 'com.javaweb.MichaelKai.controller.login.LoginController', 'login', null, null, '', '1', '2019-06-10 11:07:06', '1', '2019-06-10 11:07:06');
INSERT INTO `tb_action_log` VALUES ('1137919376595488768', '', '00', '0:0:0:0:0:0:0:1', 'com.javaweb.MichaelKai.controller.login.LoginController', 'login', null, null, '', '1', '2019-06-10 11:08:15', '1', '2019-06-10 11:08:15');
INSERT INTO `tb_action_log` VALUES ('1137920877111939072', '', '00', '0:0:0:0:0:0:0:1', 'com.javaweb.MichaelKai.controller.login.LoginController', 'login', null, null, '', '1', '2019-06-10 11:14:13', '1', '2019-06-10 11:14:13');
INSERT INTO `tb_action_log` VALUES ('1137921142317780992', '', '00', '0:0:0:0:0:0:0:1', 'com.javaweb.MichaelKai.controller.login.LoginController', 'login', null, null, '', '1', '2019-06-10 11:15:16', '1', '2019-06-10 11:15:16');
INSERT INTO `tb_action_log` VALUES ('1137922353863462912', '', '00', '0:0:0:0:0:0:0:1', 'com.javaweb.MichaelKai.controller.login.LoginController', 'login', null, null, '', '1', '2019-06-10 11:20:05', '1', '2019-06-10 11:20:05');
INSERT INTO `tb_action_log` VALUES ('1137922754784399360', '', '00', '0:0:0:0:0:0:0:1', 'com.javaweb.MichaelKai.controller.login.LoginController', 'login', null, null, '', '1', '2019-06-10 11:21:40', '1', '2019-06-10 11:21:40');
INSERT INTO `tb_action_log` VALUES ('1137922981645914112', '', '00', '0:0:0:0:0:0:0:1', 'com.javaweb.MichaelKai.controller.login.LoginController', 'login', null, null, '', '1', '2019-06-10 11:22:35', '1', '2019-06-10 11:22:35');
INSERT INTO `tb_action_log` VALUES ('1137923190304149504', '', '00', '0:0:0:0:0:0:0:1', 'com.javaweb.MichaelKai.controller.login.LoginController', 'login', null, null, '', '1', '2019-06-10 11:23:24', '1', '2019-06-10 11:23:24');
INSERT INTO `tb_action_log` VALUES ('1137926064211890176', '', '00', '0:0:0:0:0:0:0:1', 'com.javaweb.MichaelKai.controller.login.LoginController', 'login', null, null, '', '1', '2019-06-10 11:34:49', '1', '2019-06-10 11:34:49');
INSERT INTO `tb_action_log` VALUES ('1137926323566678016', '', '00', '0:0:0:0:0:0:0:1', 'com.javaweb.MichaelKai.controller.login.LoginController', 'login', null, null, '', '1', '2019-06-10 11:35:51', '1', '2019-06-10 11:35:51');
INSERT INTO `tb_action_log` VALUES ('1137926870445199360', '', '00', '0:0:0:0:0:0:0:1', 'com.javaweb.MichaelKai.controller.login.LoginController', 'login', null, null, '', '1', '2019-06-10 11:38:02', '1', '2019-06-10 11:38:02');
INSERT INTO `tb_action_log` VALUES ('1137927228890419200', '', '00', '0:0:0:0:0:0:0:1', 'com.javaweb.MichaelKai.controller.login.LoginController', 'login', null, null, '', '1', '2019-06-10 11:39:27', '1', '2019-06-10 11:39:27');
INSERT INTO `tb_action_log` VALUES ('1137928800148000768', '', '00', '0:0:0:0:0:0:0:1', 'com.javaweb.MichaelKai.controller.login.LoginController', 'login', null, null, '', '1', '2019-06-10 11:45:42', '1', '2019-06-10 11:45:42');
INSERT INTO `tb_action_log` VALUES ('1137929625779965952', '', '00', '0:0:0:0:0:0:0:1', 'com.javaweb.MichaelKai.controller.login.LoginController', 'login', null, null, '', '1', '2019-06-10 11:48:59', '1', '2019-06-10 11:48:59');
INSERT INTO `tb_action_log` VALUES ('1137929672567427072', '', '00', '0:0:0:0:0:0:0:1', 'com.javaweb.MichaelKai.controller.login.LoginController', 'login', null, null, '', '1', '2019-06-10 11:49:10', '1', '2019-06-10 11:49:10');
INSERT INTO `tb_action_log` VALUES ('1137931369209532416', '', '00', '0:0:0:0:0:0:0:1', 'com.javaweb.MichaelKai.controller.login.LoginController', 'login', null, null, '', '1', '2019-06-10 11:55:54', '1', '2019-06-10 11:55:54');
INSERT INTO `tb_action_log` VALUES ('1137931770633785344', '', '00', '0:0:0:0:0:0:0:1', 'com.javaweb.MichaelKai.controller.login.LoginController', 'login', null, null, '', '1', '2019-06-10 11:57:30', '1', '2019-06-10 11:57:30');
INSERT INTO `tb_action_log` VALUES ('1137932002171949056', '', '00', '0:0:0:0:0:0:0:1', 'com.javaweb.MichaelKai.controller.login.LoginController', 'login', null, null, '', '1', '2019-06-10 11:58:25', '1', '2019-06-10 11:58:25');
INSERT INTO `tb_action_log` VALUES ('1137961458051715072', '', '00', '0:0:0:0:0:0:0:1', 'com.javaweb.MichaelKai.controller.login.LoginController', 'login', null, null, '', '1', '2019-06-10 13:55:28', '1', '2019-06-10 13:55:28');
INSERT INTO `tb_action_log` VALUES ('1137964106289123328', '', '00', '0:0:0:0:0:0:0:1', 'com.javaweb.MichaelKai.controller.login.LoginController', 'login', null, null, '', '1', '2019-06-10 14:05:59', '1', '2019-06-10 14:05:59');
INSERT INTO `tb_action_log` VALUES ('1137965225455259648', '', '00', '0:0:0:0:0:0:0:1', 'com.javaweb.MichaelKai.controller.login.LoginController', 'login', null, null, '', '1', '2019-06-10 14:10:26', '1', '2019-06-10 14:10:26');
INSERT INTO `tb_action_log` VALUES ('1138248475671138304', '', '00', '0:0:0:0:0:0:0:1', 'com.javaweb.MichaelKai.controller.login.LoginController', 'login', null, null, '', '1', '2019-06-11 08:55:58', '1', '2019-06-11 08:55:58');
INSERT INTO `tb_action_log` VALUES ('1138252604036485120', '', '00', '0:0:0:0:0:0:0:1', 'com.javaweb.MichaelKai.controller.login.LoginController', 'login', null, null, '', '1', '2019-06-11 09:12:23', '1', '2019-06-11 09:12:23');
INSERT INTO `tb_action_log` VALUES ('1138256504596598784', '', '00', '0:0:0:0:0:0:0:1', 'com.javaweb.MichaelKai.controller.login.LoginController', 'login', null, null, '', '1', '2019-06-11 09:27:53', '1', '2019-06-11 09:27:53');
INSERT INTO `tb_action_log` VALUES ('1138256932432384000', '', '00', '0:0:0:0:0:0:0:1', 'com.javaweb.MichaelKai.controller.login.LoginController', 'login', null, null, '', '1', '2019-06-11 09:29:35', '1', '2019-06-11 09:29:35');
INSERT INTO `tb_action_log` VALUES ('1138258173040398336', '', '00', '0:0:0:0:0:0:0:1', 'com.javaweb.MichaelKai.controller.login.LoginController', 'login', null, null, '', '1', '2019-06-11 09:34:30', '1', '2019-06-11 09:34:30');
INSERT INTO `tb_action_log` VALUES ('1138258323288756224', '', '00', '0:0:0:0:0:0:0:1', 'com.javaweb.MichaelKai.controller.login.LoginController', 'login', null, null, '', '1', '2019-06-11 09:35:06', '1', '2019-06-11 09:35:06');
INSERT INTO `tb_action_log` VALUES ('1138263583830970368', '', '00', '0:0:0:0:0:0:0:1', 'com.javaweb.MichaelKai.controller.login.LoginController', 'login', null, null, '', '1', '2019-06-11 09:56:00', '1', '2019-06-11 09:56:00');
INSERT INTO `tb_action_log` VALUES ('1138263824407859200', '', '00', '0:0:0:0:0:0:0:1', 'com.javaweb.MichaelKai.controller.login.LoginController', 'login', null, null, '', '1', '2019-06-11 09:56:58', '1', '2019-06-11 09:56:58');
INSERT INTO `tb_action_log` VALUES ('1138264729236672512', '', '00', '0:0:0:0:0:0:0:1', 'com.javaweb.MichaelKai.controller.login.LoginController', 'login', null, null, '', '1', '2019-06-11 10:00:34', '1', '2019-06-11 10:00:34');
INSERT INTO `tb_action_log` VALUES ('1138287917496668160', '', '00', '0:0:0:0:0:0:0:1', 'com.javaweb.MichaelKai.controller.login.LoginController', 'login', null, null, '', '1', '2019-06-11 11:32:42', '1', '2019-06-11 11:32:42');
INSERT INTO `tb_action_log` VALUES ('1138288104478740480', '', '00', '0:0:0:0:0:0:0:1', 'com.javaweb.MichaelKai.controller.login.LoginController', 'login', null, null, '', '1', '2019-06-11 11:33:27', '1', '2019-06-11 11:33:27');
INSERT INTO `tb_action_log` VALUES ('1138288932748922880', '', '00', '0:0:0:0:0:0:0:1', 'com.javaweb.MichaelKai.controller.login.LoginController', 'login', null, null, '', '1', '2019-06-11 11:36:44', '1', '2019-06-11 11:36:44');
INSERT INTO `tb_action_log` VALUES ('1138293133918998528', '', '00', '0:0:0:0:0:0:0:1', 'com.javaweb.MichaelKai.controller.login.LoginController', 'login', null, null, '', '1', '2019-06-11 11:53:26', '1', '2019-06-11 11:53:26');
INSERT INTO `tb_action_log` VALUES ('1138293593665048576', '', '00', '0:0:0:0:0:0:0:1', 'com.javaweb.MichaelKai.controller.login.LoginController', 'login', null, null, '', '1', '2019-06-11 11:55:15', '1', '2019-06-11 11:55:15');
INSERT INTO `tb_action_log` VALUES ('1138294750747693056', '', '00', '0:0:0:0:0:0:0:1', 'com.javaweb.MichaelKai.controller.login.LoginController', 'login', null, null, '', '1', '2019-06-11 11:59:51', '1', '2019-06-11 11:59:51');
INSERT INTO `tb_action_log` VALUES ('1138294867949129728', '', '00', '0:0:0:0:0:0:0:1', 'com.javaweb.MichaelKai.controller.login.LoginController', 'login', null, null, '', '1', '2019-06-11 12:00:19', '1', '2019-06-11 12:00:19');
INSERT INTO `tb_action_log` VALUES ('1138320340057985024', '', '00', '0:0:0:0:0:0:0:1', 'com.javaweb.MichaelKai.controller.login.LoginController', 'login', null, null, '', '1', '2019-06-11 13:41:32', '1', '2019-06-11 13:41:32');
INSERT INTO `tb_action_log` VALUES ('1138320643075477504', '', '00', '0:0:0:0:0:0:0:1', 'com.javaweb.MichaelKai.controller.login.LoginController', 'login', null, null, '', '1', '2019-06-11 13:42:44', '1', '2019-06-11 13:42:44');
INSERT INTO `tb_action_log` VALUES ('1138321167095042048', '', '00', '0:0:0:0:0:0:0:1', 'com.javaweb.MichaelKai.controller.login.LoginController', 'login', null, null, '', '1', '2019-06-11 13:44:49', '1', '2019-06-11 13:44:49');
INSERT INTO `tb_action_log` VALUES ('1138321208346021888', '', '00', '0:0:0:0:0:0:0:1', 'com.javaweb.MichaelKai.controller.login.LoginController', 'login', null, null, '', '1', '2019-06-11 13:44:59', '1', '2019-06-11 13:44:59');
INSERT INTO `tb_action_log` VALUES ('1138321503042015232', '', '00', '0:0:0:0:0:0:0:1', 'com.javaweb.MichaelKai.controller.login.LoginController', 'login', null, null, '', '1', '2019-06-11 13:46:09', '1', '2019-06-11 13:46:09');
INSERT INTO `tb_action_log` VALUES ('1138321972497879040', '', '03', '0:0:0:0:0:0:0:1', 'com.javaweb.MichaelKai.controller.UserController', 'editUserInfo', null, null, '', '1', '2019-06-11 13:48:01', '1', '2019-06-11 13:48:01');
INSERT INTO `tb_action_log` VALUES ('1138322207001415680', '', '03', '0:0:0:0:0:0:0:1', 'com.javaweb.MichaelKai.controller.UserController', 'editUserInfo', null, null, '', '1', '2019-06-11 13:48:57', '1', '2019-06-11 13:48:57');
INSERT INTO `tb_action_log` VALUES ('1138323231955095552', '', '00', '0:0:0:0:0:0:0:1', 'com.javaweb.MichaelKai.controller.login.LoginController', 'login', null, null, '', '1', '2019-06-11 13:53:02', '1', '2019-06-11 13:53:02');
INSERT INTO `tb_action_log` VALUES ('1138323393540657152', '', '00', '0:0:0:0:0:0:0:1', 'com.javaweb.MichaelKai.controller.login.LoginController', 'login', null, null, '', '1', '2019-06-11 13:53:40', '1', '2019-06-11 13:53:40');
INSERT INTO `tb_action_log` VALUES ('1138336473075027968', '', '00', '0:0:0:0:0:0:0:1', 'com.javaweb.MichaelKai.controller.login.LoginController', 'login', null, null, '', '1', '2019-06-11 14:45:39', '1', '2019-06-11 14:45:39');
INSERT INTO `tb_action_log` VALUES ('1138337912082010112', '', '00', '0:0:0:0:0:0:0:1', 'com.javaweb.MichaelKai.controller.login.LoginController', 'login', null, null, '', '1', '2019-06-11 14:51:22', '1', '2019-06-11 14:51:22');
INSERT INTO `tb_action_log` VALUES ('1138338252151984128', '', '00', '0:0:0:0:0:0:0:1', 'com.javaweb.MichaelKai.controller.login.LoginController', 'login', null, null, '', '1', '2019-06-11 14:52:43', '1', '2019-06-11 14:52:43');
INSERT INTO `tb_action_log` VALUES ('1138338420544901120', '', '00', '0:0:0:0:0:0:0:1', 'com.javaweb.MichaelKai.controller.login.LoginController', 'login', null, null, '', '1', '2019-06-11 14:53:23', '1', '2019-06-11 14:53:23');
INSERT INTO `tb_action_log` VALUES ('1138338670659637248', '', '00', '0:0:0:0:0:0:0:1', 'com.javaweb.MichaelKai.controller.login.LoginController', 'login', null, null, '', '1', '2019-06-11 14:54:23', '1', '2019-06-11 14:54:23');
INSERT INTO `tb_action_log` VALUES ('1138340362138554368', '', '00', '0:0:0:0:0:0:0:1', 'com.javaweb.MichaelKai.controller.login.LoginController', 'login', null, null, '', '1', '2019-06-11 15:01:06', '1', '2019-06-11 15:01:06');
INSERT INTO `tb_action_log` VALUES ('1138341663291346944', '', '00', '0:0:0:0:0:0:0:1', 'com.javaweb.MichaelKai.controller.login.LoginController', 'login', null, null, '', '1', '2019-06-11 15:06:16', '1', '2019-06-11 15:06:16');
INSERT INTO `tb_action_log` VALUES ('1138341821064286208', '', '00', '0:0:0:0:0:0:0:1', 'com.javaweb.MichaelKai.controller.login.LoginController', 'login', null, null, '', '1', '2019-06-11 15:06:54', '1', '2019-06-11 15:06:54');
INSERT INTO `tb_action_log` VALUES ('1138344272723054592', '', '00', '0:0:0:0:0:0:0:1', 'com.javaweb.MichaelKai.controller.login.LoginController', 'login', null, null, '', '1', '2019-06-11 15:16:38', '1', '2019-06-11 15:16:38');
INSERT INTO `tb_action_log` VALUES ('1138344470664843264', '', '00', '0:0:0:0:0:0:0:1', 'com.javaweb.MichaelKai.controller.login.LoginController', 'login', null, null, '', '1', '2019-06-11 15:17:25', '1', '2019-06-11 15:17:25');
INSERT INTO `tb_action_log` VALUES ('1138344685635506176', '', '00', '0:0:0:0:0:0:0:1', 'com.javaweb.MichaelKai.controller.login.LoginController', 'login', null, null, '', '1', '2019-06-11 15:18:17', '1', '2019-06-11 15:18:17');
INSERT INTO `tb_action_log` VALUES ('1138348496861138944', '', '00', '0:0:0:0:0:0:0:1', 'com.javaweb.MichaelKai.controller.login.LoginController', 'login', null, null, '', '1', '2019-06-11 15:33:25', '1', '2019-06-11 15:33:25');
INSERT INTO `tb_action_log` VALUES ('1138348892958625792', '', '00', '0:0:0:0:0:0:0:1', 'com.javaweb.MichaelKai.controller.login.LoginController', 'login', null, null, '', '1', '2019-06-11 15:35:00', '1', '2019-06-11 15:35:00');
INSERT INTO `tb_action_log` VALUES ('1138349471642554368', '', '00', '0:0:0:0:0:0:0:1', 'com.javaweb.MichaelKai.controller.login.LoginController', 'login', null, null, '', '1', '2019-06-11 15:37:18', '1', '2019-06-11 15:37:18');
INSERT INTO `tb_action_log` VALUES ('1138353823115513856', '', '00', '0:0:0:0:0:0:0:1', 'com.javaweb.MichaelKai.controller.login.LoginController', 'login', null, null, '', '1', '2019-06-11 15:54:35', '1', '2019-06-11 15:54:35');
INSERT INTO `tb_action_log` VALUES ('1138356203362062336', '', '00', '0:0:0:0:0:0:0:1', 'com.javaweb.MichaelKai.controller.login.LoginController', 'login', null, null, '', '1', '2019-06-11 16:04:03', '1', '2019-06-11 16:04:03');
INSERT INTO `tb_action_log` VALUES ('1138356679147130880', '', '00', '0:0:0:0:0:0:0:1', 'com.javaweb.MichaelKai.controller.login.LoginController', 'login', null, null, '', '1', '2019-06-11 16:05:56', '1', '2019-06-11 16:05:56');
INSERT INTO `tb_action_log` VALUES ('1138356828598571008', '', '00', '0:0:0:0:0:0:0:1', 'com.javaweb.MichaelKai.controller.login.LoginController', 'login', null, null, '', '1', '2019-06-11 16:06:32', '1', '2019-06-11 16:06:32');
INSERT INTO `tb_action_log` VALUES ('1138357679551549440', '', '00', '0:0:0:0:0:0:0:1', 'com.javaweb.MichaelKai.controller.login.LoginController', 'login', null, null, '', '1', '2019-06-11 16:09:55', '1', '2019-06-11 16:09:55');
INSERT INTO `tb_action_log` VALUES ('1138361290239119360', '', '00', '0:0:0:0:0:0:0:1', 'com.javaweb.MichaelKai.controller.login.LoginController', 'login', null, null, '', '1', '2019-06-11 16:24:15', '1', '2019-06-11 16:24:15');
INSERT INTO `tb_action_log` VALUES ('1138361961315176448', '', '00', '0:0:0:0:0:0:0:1', 'com.javaweb.MichaelKai.controller.login.LoginController', 'login', null, null, '', '1', '2019-06-11 16:26:55', '1', '2019-06-11 16:26:55');
INSERT INTO `tb_action_log` VALUES ('1138362451927109632', '', '00', '0:0:0:0:0:0:0:1', 'com.javaweb.MichaelKai.controller.login.LoginController', 'login', null, null, '', '1133293016937795584', '2019-06-11 16:28:52', '1133293016937795584', '2019-06-11 16:28:52');
INSERT INTO `tb_action_log` VALUES ('1138362511872102400', '', '00', '0:0:0:0:0:0:0:1', 'com.javaweb.MichaelKai.controller.login.LoginController', 'login', null, null, '', '1', '2019-06-11 16:29:07', '1', '2019-06-11 16:29:07');
INSERT INTO `tb_action_log` VALUES ('1138362589638692864', '', '00', '0:0:0:0:0:0:0:1', 'com.javaweb.MichaelKai.controller.login.LoginController', 'login', null, null, '', '1133293016937795584', '2019-06-11 16:29:25', '1133293016937795584', '2019-06-11 16:29:25');
INSERT INTO `tb_action_log` VALUES ('1138362836129550336', '', '03', '0:0:0:0:0:0:0:1', 'com.javaweb.MichaelKai.controller.UserController', 'editUserInfo', null, null, '', '1133293016937795584', '2019-06-11 16:30:24', '1133293016937795584', '2019-06-11 16:30:24');
INSERT INTO `tb_action_log` VALUES ('1138363731059806208', '', '00', '0:0:0:0:0:0:0:1', 'com.javaweb.MichaelKai.controller.login.LoginController', 'login', null, null, '', '1133293016937795584', '2019-06-11 16:33:57', '1133293016937795584', '2019-06-11 16:33:57');
INSERT INTO `tb_action_log` VALUES ('1138623974582915072', '', '00', '0:0:0:0:0:0:0:1', 'com.javaweb.MichaelKai.controller.login.LoginController', 'login', null, null, '', '1133293016937795584', '2019-06-12 09:48:04', '1133293016937795584', '2019-06-12 09:48:04');
INSERT INTO `tb_action_log` VALUES ('1138624002370179072', '', '00', '0:0:0:0:0:0:0:1', 'com.javaweb.MichaelKai.controller.login.LoginController', 'login', null, null, '', '1', '2019-06-12 09:48:11', '1', '2019-06-12 09:48:11');
INSERT INTO `tb_action_log` VALUES ('1138624256171708416', '', '00', '0:0:0:0:0:0:0:1', 'com.javaweb.MichaelKai.controller.login.LoginController', 'login', null, null, '', '1', '2019-06-12 09:49:11', '1', '2019-06-12 09:49:11');
INSERT INTO `tb_action_log` VALUES ('1138625465196613632', '', '00', '0:0:0:0:0:0:0:1', 'com.javaweb.MichaelKai.controller.login.LoginController', 'login', null, null, '', '1', '2019-06-12 09:54:00', '1', '2019-06-12 09:54:00');
INSERT INTO `tb_action_log` VALUES ('1138625748689620992', '', '00', '0:0:0:0:0:0:0:1', 'com.javaweb.MichaelKai.controller.login.LoginController', 'login', null, null, '', '1', '2019-06-12 09:55:07', '1', '2019-06-12 09:55:07');
INSERT INTO `tb_action_log` VALUES ('1138626516310167552', '', '00', '0:0:0:0:0:0:0:1', 'com.javaweb.MichaelKai.controller.login.LoginController', 'login', null, null, '', '1', '2019-06-12 09:58:10', '1', '2019-06-12 09:58:10');
INSERT INTO `tb_action_log` VALUES ('1138632974221316096', '', '00', '0:0:0:0:0:0:0:1', 'com.javaweb.MichaelKai.controller.login.LoginController', 'login', null, null, '', '1', '2019-06-12 10:23:50', '1', '2019-06-12 10:23:50');
INSERT INTO `tb_action_log` VALUES ('1138633181029863424', '', '00', '0:0:0:0:0:0:0:1', 'com.javaweb.MichaelKai.controller.login.LoginController', 'login', null, null, '', '1133293016937795584', '2019-06-12 10:24:39', '1133293016937795584', '2019-06-12 10:24:39');
INSERT INTO `tb_action_log` VALUES ('1138639223788802048', '', '00', '0:0:0:0:0:0:0:1', 'com.javaweb.MichaelKai.controller.login.LoginController', 'login', null, null, '', '1', '2019-06-12 10:48:40', '1', '2019-06-12 10:48:40');
INSERT INTO `tb_action_log` VALUES ('1138639273591967744', '', '00', '0:0:0:0:0:0:0:1', 'com.javaweb.MichaelKai.controller.login.LoginController', 'login', null, null, '', '1133293016937795584', '2019-06-12 10:48:52', '1133293016937795584', '2019-06-12 10:48:52');
INSERT INTO `tb_action_log` VALUES ('1138639678816260096', '', '00', '0:0:0:0:0:0:0:1', 'com.javaweb.MichaelKai.controller.login.LoginController', 'login', null, null, '', '1', '2019-06-12 10:50:28', '1', '2019-06-12 10:50:28');
INSERT INTO `tb_action_log` VALUES ('1138639815693176832', '', '00', '0:0:0:0:0:0:0:1', 'com.javaweb.MichaelKai.controller.login.LoginController', 'login', null, null, '', '1133293016937795584', '2019-06-12 10:51:01', '1133293016937795584', '2019-06-12 10:51:01');
INSERT INTO `tb_action_log` VALUES ('1138640293374070784', '', '00', '0:0:0:0:0:0:0:1', 'com.javaweb.MichaelKai.controller.login.LoginController', 'login', null, null, '', '1', '2019-06-12 10:52:55', '1', '2019-06-12 10:52:55');
INSERT INTO `tb_action_log` VALUES ('1138651241182793728', '', '00', '0:0:0:0:0:0:0:1', 'com.javaweb.MichaelKai.controller.login.LoginController', 'login', null, null, '', '1', '2019-06-12 11:36:25', '1', '2019-06-12 11:36:25');
INSERT INTO `tb_action_log` VALUES ('1138683187069849600', '', '00', '0:0:0:0:0:0:0:1', 'com.javaweb.MichaelKai.controller.login.LoginController', 'login', null, null, '', '1', '2019-06-12 13:43:22', '1', '2019-06-12 13:43:22');
INSERT INTO `tb_action_log` VALUES ('1138683559834423296', '', '00', '0:0:0:0:0:0:0:1', 'com.javaweb.MichaelKai.controller.login.LoginController', 'login', null, null, '', '1', '2019-06-12 13:44:51', '1', '2019-06-12 13:44:51');
INSERT INTO `tb_action_log` VALUES ('1138684426700591104', '', '00', '0:0:0:0:0:0:0:1', 'com.javaweb.MichaelKai.controller.login.LoginController', 'login', null, null, '', '1', '2019-06-12 13:48:17', '1', '2019-06-12 13:48:17');
INSERT INTO `tb_action_log` VALUES ('1138684540559167488', '', '00', '127.0.0.1', 'com.javaweb.MichaelKai.controller.login.LoginController', 'login', null, null, '', '1133293016937795584', '2019-06-12 13:48:44', '1133293016937795584', '2019-06-12 13:48:44');
INSERT INTO `tb_action_log` VALUES ('1138684868104949760', '', '00', '0:0:0:0:0:0:0:1', 'com.javaweb.MichaelKai.controller.login.LoginController', 'login', null, null, '', '1', '2019-06-12 13:50:02', '1', '2019-06-12 13:50:02');
INSERT INTO `tb_action_log` VALUES ('1138684919501950976', '', '00', '127.0.0.1', 'com.javaweb.MichaelKai.controller.login.LoginController', 'login', null, null, '', '1133293016937795584', '2019-06-12 13:50:15', '1133293016937795584', '2019-06-12 13:50:15');
INSERT INTO `tb_action_log` VALUES ('1138685196657364992', '', '00', '0:0:0:0:0:0:0:1', 'com.javaweb.MichaelKai.controller.login.LoginController', 'login', null, null, '', '1', '2019-06-12 13:51:21', '1', '2019-06-12 13:51:21');
INSERT INTO `tb_action_log` VALUES ('1138685788754677760', '', '00', '0:0:0:0:0:0:0:1', 'com.javaweb.MichaelKai.controller.login.LoginController', 'login', null, null, '', '1', '2019-06-12 13:53:42', '1', '2019-06-12 13:53:42');
INSERT INTO `tb_action_log` VALUES ('1138686283061792768', '', '00', '0:0:0:0:0:0:0:1', 'com.javaweb.MichaelKai.controller.login.LoginController', 'login', null, null, '', '1', '2019-06-12 13:55:40', '1', '2019-06-12 13:55:40');
INSERT INTO `tb_action_log` VALUES ('1138688323569717248', '', '00', '0:0:0:0:0:0:0:1', 'com.javaweb.MichaelKai.controller.login.LoginController', 'login', null, null, '', '1', '2019-06-12 14:03:46', '1', '2019-06-12 14:03:46');
INSERT INTO `tb_action_log` VALUES ('1138689635141160960', '', '00', '0:0:0:0:0:0:0:1', 'com.javaweb.MichaelKai.controller.login.LoginController', 'login', null, null, '', '1', '2019-06-12 14:08:59', '1', '2019-06-12 14:08:59');
INSERT INTO `tb_action_log` VALUES ('1138689956617785344', '', '00', '0:0:0:0:0:0:0:1', 'com.javaweb.MichaelKai.controller.login.LoginController', 'login', null, null, '', '1', '2019-06-12 14:10:16', '1', '2019-06-12 14:10:16');
INSERT INTO `tb_action_log` VALUES ('1138702124985749504', '', '00', '0:0:0:0:0:0:0:1', 'com.javaweb.MichaelKai.controller.login.LoginController', 'login', null, null, '', '1', '2019-06-12 14:58:37', '1', '2019-06-12 14:58:37');
INSERT INTO `tb_action_log` VALUES ('1138702154106802176', '', '00', '127.0.0.1', 'com.javaweb.MichaelKai.controller.login.LoginController', 'login', null, null, '', '1133293016937795584', '2019-06-12 14:58:44', '1133293016937795584', '2019-06-12 14:58:44');
INSERT INTO `tb_action_log` VALUES ('1138705582367313920', '', '00', '0:0:0:0:0:0:0:1', 'com.javaweb.MichaelKai.controller.login.LoginController', 'login', null, null, '', '1', '2019-06-12 15:12:21', '1', '2019-06-12 15:12:21');
INSERT INTO `tb_action_log` VALUES ('1138705690999787520', '', '00', '127.0.0.1', 'com.javaweb.MichaelKai.controller.login.LoginController', 'login', null, null, '', '1133293016937795584', '2019-06-12 15:12:47', '1133293016937795584', '2019-06-12 15:12:47');
INSERT INTO `tb_action_log` VALUES ('1138706835356913664', '', '00', '0:0:0:0:0:0:0:1', 'com.javaweb.MichaelKai.controller.login.LoginController', 'login', null, null, '', '1', '2019-06-12 15:17:20', '1', '2019-06-12 15:17:20');
INSERT INTO `tb_action_log` VALUES ('1138709460659867648', '', '00', '0:0:0:0:0:0:0:1', 'com.javaweb.MichaelKai.controller.login.LoginController', 'login', null, null, '', '1', '2019-06-12 15:27:46', '1', '2019-06-12 15:27:46');
INSERT INTO `tb_action_log` VALUES ('1138709656215097344', '', '00', '0:0:0:0:0:0:0:1', 'com.javaweb.MichaelKai.controller.login.LoginController', 'login', null, null, '', '1', '2019-06-12 15:28:32', '1', '2019-06-12 15:28:32');
INSERT INTO `tb_action_log` VALUES ('1138709830937219072', '', '00', '127.0.0.1', 'com.javaweb.MichaelKai.controller.login.LoginController', 'login', null, null, '', '1133293016937795584', '2019-06-12 15:29:14', '1133293016937795584', '2019-06-12 15:29:14');
INSERT INTO `tb_action_log` VALUES ('1138710988296687616', '', '00', '0:0:0:0:0:0:0:1', 'com.javaweb.MichaelKai.controller.login.LoginController', 'login', null, null, '', '1', '2019-06-12 15:33:50', '1', '2019-06-12 15:33:50');
INSERT INTO `tb_action_log` VALUES ('1138711171659075584', '', '00', '127.0.0.1', 'com.javaweb.MichaelKai.controller.login.LoginController', 'login', null, null, '', '1133293016937795584', '2019-06-12 15:34:34', '1133293016937795584', '2019-06-12 15:34:34');
INSERT INTO `tb_action_log` VALUES ('1138711384536780800', '', '00', '0:0:0:0:0:0:0:1', 'com.javaweb.MichaelKai.controller.login.LoginController', 'login', null, null, '', '1', '2019-06-12 15:35:24', '1', '2019-06-12 15:35:24');
INSERT INTO `tb_action_log` VALUES ('1138711432737722368', '', '00', '127.0.0.1', 'com.javaweb.MichaelKai.controller.login.LoginController', 'login', null, null, '', '1133293016937795584', '2019-06-12 15:35:36', '1133293016937795584', '2019-06-12 15:35:36');
INSERT INTO `tb_action_log` VALUES ('1138714912688836608', '', '00', '0:0:0:0:0:0:0:1', 'com.javaweb.MichaelKai.controller.login.LoginController', 'login', null, null, '', '1', '2019-06-12 15:49:26', '1', '2019-06-12 15:49:26');
INSERT INTO `tb_action_log` VALUES ('1138715327115431936', '', '00', '127.0.0.1', 'com.javaweb.MichaelKai.controller.login.LoginController', 'login', null, null, '', '1', '2019-06-12 15:51:04', '1', '2019-06-12 15:51:04');
INSERT INTO `tb_action_log` VALUES ('1138716695712632832', '', '00', '0:0:0:0:0:0:0:1', 'com.javaweb.MichaelKai.controller.login.LoginController', 'login', null, null, '', '1', '2019-06-12 15:56:31', '1', '2019-06-12 15:56:31');
INSERT INTO `tb_action_log` VALUES ('1138717277475180544', '', '00', '0:0:0:0:0:0:0:1', 'com.javaweb.MichaelKai.controller.login.LoginController', 'login', null, null, '', '1', '2019-06-12 15:58:49', '1', '2019-06-12 15:58:49');
INSERT INTO `tb_action_log` VALUES ('1138717984102158336', '', '00', '0:0:0:0:0:0:0:1', 'com.javaweb.MichaelKai.controller.login.LoginController', 'login', null, null, '', '1', '2019-06-12 16:01:38', '1', '2019-06-12 16:01:38');
INSERT INTO `tb_action_log` VALUES ('1138718452387811328', '', '00', '127.0.0.1', 'com.javaweb.MichaelKai.controller.login.LoginController', 'login', null, null, '', '1133293016937795584', '2019-06-12 16:03:30', '1133293016937795584', '2019-06-12 16:03:30');
INSERT INTO `tb_action_log` VALUES ('1138719926777942016', '', '00', '0:0:0:0:0:0:0:1', 'com.javaweb.MichaelKai.controller.login.LoginController', 'login', null, null, '', '1', '2019-06-12 16:09:21', '1', '2019-06-12 16:09:21');
INSERT INTO `tb_action_log` VALUES ('1138721173098598400', '', '00', '0:0:0:0:0:0:0:1', 'com.javaweb.MichaelKai.controller.login.LoginController', 'login', null, null, '', '1', '2019-06-12 16:14:18', '1', '2019-06-12 16:14:18');
INSERT INTO `tb_action_log` VALUES ('1138721782539358208', '', '00', '0:0:0:0:0:0:0:1', 'com.javaweb.MichaelKai.controller.login.LoginController', 'login', null, null, '', '1', '2019-06-12 16:16:44', '1', '2019-06-12 16:16:44');
INSERT INTO `tb_action_log` VALUES ('1138722168394354688', '', '00', '0:0:0:0:0:0:0:1', 'com.javaweb.MichaelKai.controller.login.LoginController', 'login', null, null, '', '1', '2019-06-12 16:18:16', '1', '2019-06-12 16:18:16');
INSERT INTO `tb_action_log` VALUES ('1138722661904551936', '', '00', '0:0:0:0:0:0:0:1', 'com.javaweb.MichaelKai.controller.login.LoginController', 'login', null, null, '', '1', '2019-06-12 16:20:13', '1', '2019-06-12 16:20:13');
INSERT INTO `tb_action_log` VALUES ('1138732524080599040', '', '00', '0:0:0:0:0:0:0:1', 'com.javaweb.MichaelKai.controller.login.LoginController', 'login', null, null, '', '1', '2019-06-12 16:59:25', '1', '2019-06-12 16:59:25');
INSERT INTO `tb_action_log` VALUES ('1138971063624011776', '', '00', '0:0:0:0:0:0:0:1', 'com.javaweb.MichaelKai.controller.login.LoginController', 'login', null, null, '', '1', '2019-06-13 08:47:17', '1', '2019-06-13 08:47:17');
INSERT INTO `tb_action_log` VALUES ('1139013777405120512', '', '00', '0:0:0:0:0:0:0:1', 'com.javaweb.MichaelKai.controller.login.LoginController', 'login', null, null, '', '1', '2019-06-13 11:37:01', '1', '2019-06-13 11:37:01');
INSERT INTO `tb_action_log` VALUES ('1139044466636754944', '', '00', '0:0:0:0:0:0:0:1', 'com.javaweb.MichaelKai.controller.login.LoginController', 'login', null, null, '', '1', '2019-06-13 13:38:57', '1', '2019-06-13 13:38:57');
INSERT INTO `tb_action_log` VALUES ('1139046283005267968', '', '00', '0:0:0:0:0:0:0:1', 'com.javaweb.MichaelKai.controller.login.LoginController', 'login', null, null, '', '1', '2019-06-13 13:46:10', '1', '2019-06-13 13:46:10');
INSERT INTO `tb_action_log` VALUES ('1139046660089974784', '', '00', '0:0:0:0:0:0:0:1', 'com.javaweb.MichaelKai.controller.login.LoginController', 'login', null, null, '', '1', '2019-06-13 13:47:40', '1', '2019-06-13 13:47:40');
INSERT INTO `tb_action_log` VALUES ('1139047044963504128', '', '00', '0:0:0:0:0:0:0:1', 'com.javaweb.MichaelKai.controller.login.LoginController', 'login', null, null, '', '1', '2019-06-13 13:49:12', '1', '2019-06-13 13:49:12');
INSERT INTO `tb_action_log` VALUES ('1139047214581157888', '', '00', '0:0:0:0:0:0:0:1', 'com.javaweb.MichaelKai.controller.login.LoginController', 'login', null, null, '', '1', '2019-06-13 13:49:53', '1', '2019-06-13 13:49:53');
INSERT INTO `tb_action_log` VALUES ('1139047348442370048', '', '00', '0:0:0:0:0:0:0:1', 'com.javaweb.MichaelKai.controller.login.LoginController', 'login', null, null, '', '1', '2019-06-13 13:50:24', '1', '2019-06-13 13:50:24');
INSERT INTO `tb_action_log` VALUES ('1139048208203386880', '', '00', '0:0:0:0:0:0:0:1', 'com.javaweb.MichaelKai.controller.login.LoginController', 'login', null, null, '', '1', '2019-06-13 13:53:49', '1', '2019-06-13 13:53:49');
INSERT INTO `tb_action_log` VALUES ('1139049390636404736', '', '00', '0:0:0:0:0:0:0:1', 'com.javaweb.MichaelKai.controller.login.LoginController', 'login', null, null, '', '1', '2019-06-13 13:58:31', '1', '2019-06-13 13:58:31');
INSERT INTO `tb_action_log` VALUES ('1139050227316166656', '', '00', '0:0:0:0:0:0:0:1', 'com.javaweb.MichaelKai.controller.login.LoginController', 'login', null, null, '', '1', '2019-06-13 14:01:51', '1', '2019-06-13 14:01:51');
INSERT INTO `tb_action_log` VALUES ('1139050585635557376', '', '00', '0:0:0:0:0:0:0:1', 'com.javaweb.MichaelKai.controller.login.LoginController', 'login', null, null, '', '1', '2019-06-13 14:03:16', '1', '2019-06-13 14:03:16');
INSERT INTO `tb_action_log` VALUES ('1139051218073686016', '', '00', '0:0:0:0:0:0:0:1', 'com.javaweb.MichaelKai.controller.login.LoginController', 'login', null, null, '', '1', '2019-06-13 14:05:47', '1', '2019-06-13 14:05:47');
INSERT INTO `tb_action_log` VALUES ('1139051653102702592', '', '00', '0:0:0:0:0:0:0:1', 'com.javaweb.MichaelKai.controller.login.LoginController', 'login', null, null, '', '1', '2019-06-13 14:07:31', '1', '2019-06-13 14:07:31');
INSERT INTO `tb_action_log` VALUES ('1139053326520946688', '', '00', '0:0:0:0:0:0:0:1', 'com.javaweb.MichaelKai.controller.login.LoginController', 'login', null, null, '', '1', '2019-06-13 14:14:10', '1', '2019-06-13 14:14:10');
INSERT INTO `tb_action_log` VALUES ('1139053395865374720', '', '00', '0:0:0:0:0:0:0:1', 'com.javaweb.MichaelKai.controller.login.LoginController', 'login', null, null, '', '1', '2019-06-13 14:14:26', '1', '2019-06-13 14:14:26');
INSERT INTO `tb_action_log` VALUES ('1139057293753716736', '', '00', '0:0:0:0:0:0:0:1', 'com.javaweb.MichaelKai.controller.login.LoginController', 'login', null, null, '', '1', '2019-06-13 14:29:56', '1', '2019-06-13 14:29:56');
INSERT INTO `tb_action_log` VALUES ('1139058018328121344', '', '00', '0:0:0:0:0:0:0:1', 'com.javaweb.MichaelKai.controller.login.LoginController', 'login', null, null, '', '1', '2019-06-13 14:32:48', '1', '2019-06-13 14:32:48');
INSERT INTO `tb_action_log` VALUES ('1139058252957487104', '', '00', '0:0:0:0:0:0:0:1', 'com.javaweb.MichaelKai.controller.login.LoginController', 'login', null, null, '', '1', '2019-06-13 14:33:44', '1', '2019-06-13 14:33:44');
INSERT INTO `tb_action_log` VALUES ('1139058417189654528', '', '00', '0:0:0:0:0:0:0:1', 'com.javaweb.MichaelKai.controller.login.LoginController', 'login', null, null, '', '1', '2019-06-13 14:34:23', '1', '2019-06-13 14:34:23');
INSERT INTO `tb_action_log` VALUES ('1139058860225597440', '', '00', '0:0:0:0:0:0:0:1', 'com.javaweb.MichaelKai.controller.login.LoginController', 'login', null, null, '', '1', '2019-06-13 14:36:09', '1', '2019-06-13 14:36:09');
INSERT INTO `tb_action_log` VALUES ('1139059574515568640', '', '00', '0:0:0:0:0:0:0:1', 'com.javaweb.MichaelKai.controller.login.LoginController', 'login', null, null, '', '1', '2019-06-13 14:38:59', '1', '2019-06-13 14:38:59');
INSERT INTO `tb_action_log` VALUES ('1139059575417344000', '', '00', '0:0:0:0:0:0:0:1', 'com.javaweb.MichaelKai.controller.login.LoginController', 'login', null, null, '', '1', '2019-06-13 14:39:00', '1', '2019-06-13 14:39:00');
INSERT INTO `tb_action_log` VALUES ('1139059821341970432', '', '00', '0:0:0:0:0:0:0:1', 'com.javaweb.MichaelKai.controller.login.LoginController', 'login', null, null, '', '1', '2019-06-13 14:39:58', '1', '2019-06-13 14:39:58');
INSERT INTO `tb_action_log` VALUES ('1139060626853859328', '', '00', '0:0:0:0:0:0:0:1', 'com.javaweb.MichaelKai.controller.login.LoginController', 'login', null, null, '', '1', '2019-06-13 14:43:10', '1', '2019-06-13 14:43:10');
INSERT INTO `tb_action_log` VALUES ('1139061828144467968', '', '00', '0:0:0:0:0:0:0:1', 'com.javaweb.MichaelKai.controller.login.LoginController', 'login', null, null, '', '1', '2019-06-13 14:47:57', '1', '2019-06-13 14:47:57');
INSERT INTO `tb_action_log` VALUES ('1139065315825684480', '', '00', '0:0:0:0:0:0:0:1', 'com.javaweb.MichaelKai.controller.login.LoginController', 'login', null, null, '', '1', '2019-06-13 15:01:48', '1', '2019-06-13 15:01:48');
INSERT INTO `tb_action_log` VALUES ('1139065687642345472', '', '00', '0:0:0:0:0:0:0:1', 'com.javaweb.MichaelKai.controller.login.LoginController', 'login', null, null, '', '1', '2019-06-13 15:03:17', '1', '2019-06-13 15:03:17');
INSERT INTO `tb_action_log` VALUES ('1139070861068865536', '', '00', '0:0:0:0:0:0:0:1', 'com.javaweb.MichaelKai.controller.login.LoginController', 'login', null, null, '', '1', '2019-06-13 15:23:50', '1', '2019-06-13 15:23:50');
INSERT INTO `tb_action_log` VALUES ('1139083349193789440', '', '00', '0:0:0:0:0:0:0:1', 'com.javaweb.MichaelKai.controller.login.LoginController', 'login', null, null, '', '1', '2019-06-13 16:13:28', '1', '2019-06-13 16:13:28');
INSERT INTO `tb_action_log` VALUES ('1139099136658903040', '', '00', '0:0:0:0:0:0:0:1', 'com.javaweb.MichaelKai.controller.login.LoginController', 'login', null, null, '', '1', '2019-06-13 17:16:12', '1', '2019-06-13 17:16:12');
INSERT INTO `tb_action_log` VALUES ('1140421380504948736', '', '00', '0:0:0:0:0:0:0:1', 'com.javaweb.MichaelKai.controller.login.LoginController', 'login', null, null, '', '1', '2019-06-17 08:50:19', '1', '2019-06-17 08:50:19');
INSERT INTO `tb_action_log` VALUES ('1140422618462162944', '', '03', '0:0:0:0:0:0:0:1', 'com.javaweb.MichaelKai.controller.UserController', 'editUserInfo', null, null, '', '1', '2019-06-17 08:55:14', '1', '2019-06-17 08:55:14');
INSERT INTO `tb_action_log` VALUES ('1141178434765066240', '', '00', '0:0:0:0:0:0:0:1', 'com.javaweb.MichaelKai.controller.login.LoginController', 'login', null, null, '', '1', '2019-06-19 10:58:35', '1', '2019-06-19 10:58:35');
INSERT INTO `tb_action_log` VALUES ('1141222890881028096', '', '00', '0:0:0:0:0:0:0:1', 'com.javaweb.MichaelKai.controller.login.LoginController', 'login', null, null, '', '1', '2019-06-19 13:55:14', '1', '2019-06-19 13:55:14');
INSERT INTO `tb_action_log` VALUES ('1141225595108200448', '', '00', '0:0:0:0:0:0:0:1', 'com.javaweb.MichaelKai.controller.login.LoginController', 'login', null, null, '', '1', '2019-06-19 14:05:59', '1', '2019-06-19 14:05:59');
INSERT INTO `tb_action_log` VALUES ('1141225847479472128', '', '00', '0:0:0:0:0:0:0:1', 'com.javaweb.MichaelKai.controller.login.LoginController', 'login', null, null, '', '1', '2019-06-19 14:06:59', '1', '2019-06-19 14:06:59');
INSERT INTO `tb_action_log` VALUES ('1141251358075260928', '', '00', '0:0:0:0:0:0:0:1', 'com.javaweb.MichaelKai.controller.login.LoginController', 'login', null, null, '', '1', '2019-06-19 15:48:21', '1', '2019-06-19 15:48:21');
INSERT INTO `tb_action_log` VALUES ('1141252032175411200', '', '00', '0:0:0:0:0:0:0:1', 'com.javaweb.MichaelKai.controller.login.LoginController', 'login', null, null, '', '1', '2019-06-19 15:51:02', '1', '2019-06-19 15:51:02');
INSERT INTO `tb_action_log` VALUES ('1141256542629269504', '', '00', '0:0:0:0:0:0:0:1', 'com.javaweb.MichaelKai.controller.login.LoginController', 'login', null, null, '', '1', '2019-06-19 16:08:57', '1', '2019-06-19 16:08:57');
INSERT INTO `tb_action_log` VALUES ('1141260563221975040', '', '00', '0:0:0:0:0:0:0:1', 'com.javaweb.MichaelKai.controller.login.LoginController', 'login', null, null, '', '1', '2019-06-19 16:24:56', '1', '2019-06-19 16:24:56');
INSERT INTO `tb_action_log` VALUES ('1141261091461009408', '', '00', '0:0:0:0:0:0:0:1', 'com.javaweb.MichaelKai.controller.login.LoginController', 'login', null, null, '', '1', '2019-06-19 16:27:02', '1', '2019-06-19 16:27:02');
INSERT INTO `tb_action_log` VALUES ('1141263144337936384', '', '00', '0:0:0:0:0:0:0:1', 'com.javaweb.MichaelKai.controller.login.LoginController', 'login', null, null, '', '1', '2019-06-19 16:35:11', '1', '2019-06-19 16:35:11');
INSERT INTO `tb_action_log` VALUES ('1141263967046471680', '', '00', '0:0:0:0:0:0:0:1', 'com.javaweb.MichaelKai.controller.login.LoginController', 'login', null, null, '', '1', '2019-06-19 16:38:28', '1', '2019-06-19 16:38:28');
INSERT INTO `tb_action_log` VALUES ('1141264087460745216', '', '00', '0:0:0:0:0:0:0:1', 'com.javaweb.MichaelKai.controller.login.LoginController', 'login', null, null, '', '1', '2019-06-19 16:38:56', '1', '2019-06-19 16:38:56');
INSERT INTO `tb_action_log` VALUES ('1141264336728231936', '', '00', '0:0:0:0:0:0:0:1', 'com.javaweb.MichaelKai.controller.login.LoginController', 'login', null, null, '', '1', '2019-06-19 16:39:56', '1', '2019-06-19 16:39:56');
INSERT INTO `tb_action_log` VALUES ('1141271768942645248', '', '00', '0:0:0:0:0:0:0:1', 'com.javaweb.MichaelKai.controller.login.LoginController', 'login', null, null, '', '1', '2019-06-19 17:09:28', '1', '2019-06-19 17:09:28');
INSERT INTO `tb_action_log` VALUES ('1141273739384721408', '', '00', '0:0:0:0:0:0:0:1', 'com.javaweb.MichaelKai.controller.login.LoginController', 'login', null, null, '', '1', '2019-06-19 17:17:17', '1', '2019-06-19 17:17:17');
INSERT INTO `tb_action_log` VALUES ('1141277577244184576', '', '00', '0:0:0:0:0:0:0:1', 'com.javaweb.MichaelKai.controller.login.LoginController', 'login', null, null, '', '1', '2019-06-19 17:32:32', '1', '2019-06-19 17:32:32');
INSERT INTO `tb_action_log` VALUES ('1141507511917088768', '', '00', '0:0:0:0:0:0:0:1', 'com.javaweb.MichaelKai.controller.login.LoginController', 'login', null, null, '', '1', '2019-06-20 08:46:13', '1', '2019-06-20 08:46:13');
INSERT INTO `tb_action_log` VALUES ('1141507833238523904', '', '00', '0:0:0:0:0:0:0:1', 'com.javaweb.MichaelKai.controller.login.LoginController', 'login', null, null, '', '1', '2019-06-20 08:47:30', '1', '2019-06-20 08:47:30');
INSERT INTO `tb_action_log` VALUES ('1141512244220268544', '', '00', '0:0:0:0:0:0:0:1', 'com.javaweb.MichaelKai.controller.login.LoginController', 'login', null, null, '', '1', '2019-06-20 09:05:01', '1', '2019-06-20 09:05:01');
INSERT INTO `tb_action_log` VALUES ('1141514014648569856', '', '00', '0:0:0:0:0:0:0:1', 'com.javaweb.MichaelKai.controller.login.LoginController', 'login', null, null, '', '1', '2019-06-20 09:12:04', '1', '2019-06-20 09:12:04');
INSERT INTO `tb_action_log` VALUES ('1141514851370274816', '', '00', '0:0:0:0:0:0:0:1', 'com.javaweb.MichaelKai.controller.login.LoginController', 'login', null, null, '', '1', '2019-06-20 09:15:23', '1', '2019-06-20 09:15:23');
INSERT INTO `tb_action_log` VALUES ('1141527666218897408', '', '00', '0:0:0:0:0:0:0:1', 'com.javaweb.MichaelKai.controller.login.LoginController', 'login', null, null, '', '1', '2019-06-20 10:06:18', '1', '2019-06-20 10:06:18');
INSERT INTO `tb_action_log` VALUES ('1141528718964035584', '', '00', '0:0:0:0:0:0:0:1', 'com.javaweb.MichaelKai.controller.login.LoginController', 'login', null, null, '', '1', '2019-06-20 10:10:29', '1', '2019-06-20 10:10:29');
INSERT INTO `tb_action_log` VALUES ('1141528888799793152', '', '00', '0:0:0:0:0:0:0:1', 'com.javaweb.MichaelKai.controller.login.LoginController', 'login', null, null, '', '1', '2019-06-20 10:11:10', '1', '2019-06-20 10:11:10');
INSERT INTO `tb_action_log` VALUES ('1141529603756658688', '', '00', '0:0:0:0:0:0:0:1', 'com.javaweb.MichaelKai.controller.login.LoginController', 'login', null, null, '', '1', '2019-06-20 10:14:00', '1', '2019-06-20 10:14:00');
INSERT INTO `tb_action_log` VALUES ('1141530536234323968', '', '00', '0:0:0:0:0:0:0:1', 'com.javaweb.MichaelKai.controller.login.LoginController', 'login', null, null, '', '1', '2019-06-20 10:17:43', '1', '2019-06-20 10:17:43');
INSERT INTO `tb_action_log` VALUES ('1141531527637766144', '', '00', '0:0:0:0:0:0:0:1', 'com.javaweb.MichaelKai.controller.login.LoginController', 'login', null, null, '', '1', '2019-06-20 10:21:39', '1', '2019-06-20 10:21:39');
INSERT INTO `tb_action_log` VALUES ('1141531731845844992', '', '00', '0:0:0:0:0:0:0:1', 'com.javaweb.MichaelKai.controller.login.LoginController', 'login', null, null, '', '1', '2019-06-20 10:22:28', '1', '2019-06-20 10:22:28');
INSERT INTO `tb_action_log` VALUES ('1141535373453824000', '', '00', '0:0:0:0:0:0:0:1', 'com.javaweb.MichaelKai.controller.login.LoginController', 'login', null, null, '', '1', '2019-06-20 10:36:56', '1', '2019-06-20 10:36:56');
INSERT INTO `tb_action_log` VALUES ('1141537934890110976', '', '00', '0:0:0:0:0:0:0:1', 'com.javaweb.MichaelKai.controller.login.LoginController', 'login', null, null, '', '1', '2019-06-20 10:47:07', '1', '2019-06-20 10:47:07');
INSERT INTO `tb_action_log` VALUES ('1141544276438683648', '', '00', '0:0:0:0:0:0:0:1', 'com.javaweb.MichaelKai.controller.login.LoginController', 'login', null, null, '', '1', '2019-06-20 11:12:19', '1', '2019-06-20 11:12:19');
INSERT INTO `tb_action_log` VALUES ('1141548380074414080', '', '00', '127.0.0.1', 'com.javaweb.MichaelKai.controller.login.LoginController', 'login', null, null, '', '1133293016937795584', '2019-06-20 11:28:37', '1133293016937795584', '2019-06-20 11:28:37');
INSERT INTO `tb_action_log` VALUES ('1141551941038510080', '', '00', '0:0:0:0:0:0:0:1', 'com.javaweb.MichaelKai.controller.login.LoginController', 'login', null, null, '', '1', '2019-06-20 11:42:46', '1', '2019-06-20 11:42:46');
INSERT INTO `tb_action_log` VALUES ('1141555283932352512', '', '00', '0:0:0:0:0:0:0:1', 'com.javaweb.MichaelKai.controller.login.LoginController', 'login', null, null, '', '1', '2019-06-20 11:56:03', '1', '2019-06-20 11:56:03');
INSERT INTO `tb_action_log` VALUES ('1141581922292600832', '', '00', '0:0:0:0:0:0:0:1', 'com.javaweb.MichaelKai.controller.login.LoginController', 'login', null, null, '', '1', '2019-06-20 13:41:54', '1', '2019-06-20 13:41:54');
INSERT INTO `tb_action_log` VALUES ('1141582399008804864', '', '00', '0:0:0:0:0:0:0:1', 'com.javaweb.MichaelKai.controller.login.LoginController', 'login', null, null, '', '1', '2019-06-20 13:43:48', '1', '2019-06-20 13:43:48');
INSERT INTO `tb_action_log` VALUES ('1141585797636558848', '', '00', '0:0:0:0:0:0:0:1', 'com.javaweb.MichaelKai.controller.login.LoginController', 'login', null, null, '', '1', '2019-06-20 13:57:18', '1', '2019-06-20 13:57:18');
INSERT INTO `tb_action_log` VALUES ('1141587169601785856', '', '00', '0:0:0:0:0:0:0:1', 'com.javaweb.MichaelKai.controller.login.LoginController', 'login', null, null, '', '1', '2019-06-20 14:02:45', '1', '2019-06-20 14:02:45');
INSERT INTO `tb_action_log` VALUES ('1141588466526720000', '', '00', '0:0:0:0:0:0:0:1', 'com.javaweb.MichaelKai.controller.login.LoginController', 'login', null, null, '', '1', '2019-06-20 14:07:54', '1', '2019-06-20 14:07:54');
INSERT INTO `tb_action_log` VALUES ('1141591585478283264', '', '00', '0:0:0:0:0:0:0:1', 'com.javaweb.MichaelKai.controller.login.LoginController', 'login', null, null, '', '1', '2019-06-20 14:20:18', '1', '2019-06-20 14:20:18');
INSERT INTO `tb_action_log` VALUES ('1141601197480873984', '', '00', '0:0:0:0:0:0:0:1', 'com.javaweb.MichaelKai.controller.login.LoginController', 'login', null, null, '', '1', '2019-06-20 14:58:30', '1', '2019-06-20 14:58:30');
INSERT INTO `tb_action_log` VALUES ('1141613067017261056', '', '00', '0:0:0:0:0:0:0:1', 'com.javaweb.MichaelKai.controller.login.LoginController', 'login', null, null, '', '1', '2019-06-20 15:45:39', '1', '2019-06-20 15:45:39');
INSERT INTO `tb_action_log` VALUES ('1141613261381308416', '', '00', '0:0:0:0:0:0:0:1', 'com.javaweb.MichaelKai.controller.login.LoginController', 'login', null, null, '', '1', '2019-06-20 15:46:26', '1', '2019-06-20 15:46:26');
INSERT INTO `tb_action_log` VALUES ('1141613391371177984', '', '00', '127.0.0.1', 'com.javaweb.MichaelKai.controller.login.LoginController', 'login', null, null, '', '1133293016937795584', '2019-06-20 15:46:57', '1133293016937795584', '2019-06-20 15:46:57');
INSERT INTO `tb_action_log` VALUES ('1141617058161758208', '', '00', '0:0:0:0:0:0:0:1', 'com.javaweb.MichaelKai.controller.login.LoginController', 'login', null, null, '', '1', '2019-06-20 16:01:31', '1', '2019-06-20 16:01:31');
INSERT INTO `tb_action_log` VALUES ('1141870074353815552', '', '00', '0:0:0:0:0:0:0:1', 'com.javaweb.MichaelKai.controller.login.LoginController', 'login', null, null, '', '1', '2019-06-21 08:46:55', '1', '2019-06-21 08:46:55');
INSERT INTO `tb_action_log` VALUES ('1141873664472518656', '', '00', '0:0:0:0:0:0:0:1', 'com.javaweb.MichaelKai.controller.login.LoginController', 'login', null, null, '', '1', '2019-06-21 09:01:11', '1', '2019-06-21 09:01:11');
INSERT INTO `tb_action_log` VALUES ('1141873867447472128', '', '00', '0:0:0:0:0:0:0:1', 'com.javaweb.MichaelKai.controller.login.LoginController', 'login', null, null, '', '1', '2019-06-21 09:01:59', '1', '2019-06-21 09:01:59');
INSERT INTO `tb_action_log` VALUES ('1141874057424277504', '', '00', '0:0:0:0:0:0:0:1', 'com.javaweb.MichaelKai.controller.login.LoginController', 'login', null, null, '', '1', '2019-06-21 09:02:44', '1', '2019-06-21 09:02:44');
INSERT INTO `tb_action_log` VALUES ('1141963561195671552', '', '00', '0:0:0:0:0:0:0:1', 'com.javaweb.MichaelKai.controller.login.LoginController', 'login', null, null, '', '1', '2019-06-21 14:58:24', '1', '2019-06-21 14:58:24');
INSERT INTO `tb_action_log` VALUES ('1144073559547711488', '', '00', '0:0:0:0:0:0:0:1', 'com.javaweb.MichaelKai.controller.login.LoginController', 'login', null, null, '', '1', '2019-06-27 10:42:47', '1', '2019-06-27 10:42:47');
INSERT INTO `tb_action_log` VALUES ('1144076016952676352', '', '00', '0:0:0:0:0:0:0:1', 'com.javaweb.MichaelKai.controller.login.LoginController', 'login', null, null, '', '1', '2019-06-27 10:52:32', '1', '2019-06-27 10:52:32');
INSERT INTO `tb_action_log` VALUES ('1144078006361395200', '', '00', '0:0:0:0:0:0:0:1', 'com.javaweb.MichaelKai.controller.login.LoginController', 'login', null, null, '', '1', '2019-06-27 11:00:27', '1', '2019-06-27 11:00:27');
INSERT INTO `tb_action_log` VALUES ('1144417829299294208', '', '00', '0:0:0:0:0:0:0:1', 'com.javaweb.MichaelKai.controller.login.LoginController', 'login', null, null, '', '1', '2019-06-28 09:30:47', '1', '2019-06-28 09:30:47');
INSERT INTO `tb_action_log` VALUES ('1144448573769912320', '', '00', '0:0:0:0:0:0:0:1', 'com.javaweb.MichaelKai.controller.login.LoginController', 'login', null, null, '', '1', '2019-06-28 11:32:57', '1', '2019-06-28 11:32:57');
INSERT INTO `tb_action_log` VALUES ('1144484796571979776', '', '00', '0:0:0:0:0:0:0:1', 'com.javaweb.MichaelKai.controller.login.LoginController', 'login', null, null, '', '1', '2019-06-28 13:56:53', '1', '2019-06-28 13:56:53');
INSERT INTO `tb_action_log` VALUES ('1144485064260849664', '', '00', '0:0:0:0:0:0:0:1', 'com.javaweb.MichaelKai.controller.login.LoginController', 'login', null, null, '', '1', '2019-06-28 13:57:57', '1', '2019-06-28 13:57:57');
INSERT INTO `tb_action_log` VALUES ('1144485285220978688', '', '00', '0:0:0:0:0:0:0:1', 'com.javaweb.MichaelKai.controller.login.LoginController', 'login', null, null, '', '1', '2019-06-28 13:58:50', '1', '2019-06-28 13:58:50');
INSERT INTO `tb_action_log` VALUES ('1144485588779536384', '', '00', '0:0:0:0:0:0:0:1', 'com.javaweb.MichaelKai.controller.login.LoginController', 'login', null, null, '', '1', '2019-06-28 14:00:02', '1', '2019-06-28 14:00:02');
INSERT INTO `tb_action_log` VALUES ('1144486285382127616', '', '00', '0:0:0:0:0:0:0:1', 'com.javaweb.MichaelKai.controller.login.LoginController', 'login', null, null, '', '1', '2019-06-28 14:02:48', '1', '2019-06-28 14:02:48');
INSERT INTO `tb_action_log` VALUES ('1144486810387353600', '', '00', '0:0:0:0:0:0:0:1', 'com.javaweb.MichaelKai.controller.login.LoginController', 'login', null, null, '', '1', '2019-06-28 14:04:53', '1', '2019-06-28 14:04:53');
INSERT INTO `tb_action_log` VALUES ('1144487052319002624', '', '00', '0:0:0:0:0:0:0:1', 'com.javaweb.MichaelKai.controller.login.LoginController', 'login', null, null, '', '1', '2019-06-28 14:05:51', '1', '2019-06-28 14:05:51');
INSERT INTO `tb_action_log` VALUES ('1144501375544201216', '', '00', '0:0:0:0:0:0:0:1', 'com.javaweb.MichaelKai.controller.login.LoginController', 'login', null, null, '', '1', '2019-06-28 15:02:46', '1', '2019-06-28 15:02:46');
INSERT INTO `tb_action_log` VALUES ('1144501890281771008', '', '00', '0:0:0:0:0:0:0:1', 'com.javaweb.MichaelKai.controller.login.LoginController', 'login', null, null, '', '1', '2019-06-28 15:04:49', '1', '2019-06-28 15:04:49');
INSERT INTO `tb_action_log` VALUES ('1144504377206247424', '', '00', '0:0:0:0:0:0:0:1', 'com.javaweb.MichaelKai.controller.login.LoginController', 'login', null, null, '', '1', '2019-06-28 15:14:42', '1', '2019-06-28 15:14:42');
INSERT INTO `tb_action_log` VALUES ('1144506106064801792', '', '00', '0:0:0:0:0:0:0:1', 'com.javaweb.MichaelKai.controller.login.LoginController', 'login', null, null, '', '1', '2019-06-28 15:21:34', '1', '2019-06-28 15:21:34');
INSERT INTO `tb_action_log` VALUES ('1144506358402519040', '', '00', '0:0:0:0:0:0:0:1', 'com.javaweb.MichaelKai.controller.login.LoginController', 'login', null, null, '', '1', '2019-06-28 15:22:34', '1', '2019-06-28 15:22:34');
INSERT INTO `tb_action_log` VALUES ('1144515059217731584', '', '00', '0:0:0:0:0:0:0:1', 'com.javaweb.MichaelKai.controller.login.LoginController', 'login', null, null, '', '1', '2019-06-28 15:57:08', '1', '2019-06-28 15:57:08');
INSERT INTO `tb_action_log` VALUES ('1144515313338028032', '', '00', '0:0:0:0:0:0:0:1', 'com.javaweb.MichaelKai.controller.login.LoginController', 'login', null, null, '', '1', '2019-06-28 15:58:09', '1', '2019-06-28 15:58:09');
INSERT INTO `tb_action_log` VALUES ('1144515606054309888', '', '00', '0:0:0:0:0:0:0:1', 'com.javaweb.MichaelKai.controller.login.LoginController', 'login', null, null, '', '1', '2019-06-28 15:59:19', '1', '2019-06-28 15:59:19');
INSERT INTO `tb_action_log` VALUES ('1144515877463527424', '', '00', '0:0:0:0:0:0:0:1', 'com.javaweb.MichaelKai.controller.login.LoginController', 'login', null, null, '', '1', '2019-06-28 16:00:23', '1', '2019-06-28 16:00:23');
INSERT INTO `tb_action_log` VALUES ('1144516849967435776', '', '00', '0:0:0:0:0:0:0:1', 'com.javaweb.MichaelKai.controller.login.LoginController', 'login', null, null, '', '1', '2019-06-28 16:04:15', '1', '2019-06-28 16:04:15');
INSERT INTO `tb_action_log` VALUES ('1144521332927631360', '', '00', '0:0:0:0:0:0:0:1', 'com.javaweb.MichaelKai.controller.login.LoginController', 'login', null, null, '', '1', '2019-06-28 16:22:04', '1', '2019-06-28 16:22:04');
INSERT INTO `tb_action_log` VALUES ('1144521494798405632', '', '00', '0:0:0:0:0:0:0:1', 'com.javaweb.MichaelKai.controller.login.LoginController', 'login', null, null, '', '1', '2019-06-28 16:22:43', '1', '2019-06-28 16:22:43');
INSERT INTO `tb_action_log` VALUES ('1144522019614887936', '', '00', '0:0:0:0:0:0:0:1', 'com.javaweb.MichaelKai.controller.login.LoginController', 'login', null, null, '', '1', '2019-06-28 16:24:48', '1', '2019-06-28 16:24:48');
INSERT INTO `tb_action_log` VALUES ('1144522179237515264', '', '00', '0:0:0:0:0:0:0:1', 'com.javaweb.MichaelKai.controller.login.LoginController', 'login', null, null, '', '1', '2019-06-28 16:25:26', '1', '2019-06-28 16:25:26');
INSERT INTO `tb_action_log` VALUES ('1144532712556728320', '', '00', '0:0:0:0:0:0:0:1', 'com.javaweb.MichaelKai.controller.login.LoginController', 'login', null, null, '', '1', '2019-06-28 17:07:17', '1', '2019-06-28 17:07:17');
INSERT INTO `tb_action_log` VALUES ('1144534216982269952', '', '00', '0:0:0:0:0:0:0:1', 'com.javaweb.MichaelKai.controller.login.LoginController', 'login', null, null, '', '1', '2019-06-28 17:13:16', '1', '2019-06-28 17:13:16');
INSERT INTO `tb_action_log` VALUES ('1144534405340073984', '', '00', '0:0:0:0:0:0:0:1', 'com.javaweb.MichaelKai.controller.login.LoginController', 'login', null, null, '', '1', '2019-06-28 17:14:01', '1', '2019-06-28 17:14:01');
INSERT INTO `tb_action_log` VALUES ('1144535018194997248', '', '00', '0:0:0:0:0:0:0:1', 'com.javaweb.MichaelKai.controller.login.LoginController', 'login', null, null, '', '1', '2019-06-28 17:16:27', '1', '2019-06-28 17:16:27');
INSERT INTO `tb_action_log` VALUES ('1144537958586650624', '', '00', '0:0:0:0:0:0:0:1', 'com.javaweb.MichaelKai.controller.login.LoginController', 'login', null, null, '', '1', '2019-06-28 17:28:08', '1', '2019-06-28 17:28:08');
INSERT INTO `tb_action_log` VALUES ('1145531369540161536', '', '00', '0:0:0:0:0:0:0:1', 'com.javaweb.MichaelKai.controller.login.LoginController', 'login', null, null, '', '1', '2019-07-01 11:15:36', '1', '2019-07-01 11:15:36');
INSERT INTO `tb_action_log` VALUES ('1145533941797752832', '', '00', '0:0:0:0:0:0:0:1', 'com.javaweb.MichaelKai.controller.login.LoginController', 'login', null, null, '', '1', '2019-07-01 11:25:49', '1', '2019-07-01 11:25:49');
INSERT INTO `tb_action_log` VALUES ('1145535582198435840', '', '00', '0:0:0:0:0:0:0:1', 'com.javaweb.MichaelKai.controller.login.LoginController', 'login', null, null, '', '1', '2019-07-01 11:32:20', '1', '2019-07-01 11:32:20');
INSERT INTO `tb_action_log` VALUES ('1145541797179691008', '', '00', '0:0:0:0:0:0:0:1', 'com.javaweb.MichaelKai.controller.login.LoginController', 'login', null, null, '', '1', '2019-07-01 11:57:02', '1', '2019-07-01 11:57:02');
INSERT INTO `tb_action_log` VALUES ('1145541797418766336', '', '00', '0:0:0:0:0:0:0:1', 'com.javaweb.MichaelKai.controller.login.LoginController', 'login', null, null, '', '1', '2019-07-01 11:57:02', '1', '2019-07-01 11:57:02');
INSERT INTO `tb_action_log` VALUES ('1145542123903389696', '', '00', '0:0:0:0:0:0:0:1', 'com.javaweb.MichaelKai.controller.login.LoginController', 'login', null, null, '', '1', '2019-07-01 11:58:20', '1', '2019-07-01 11:58:20');
INSERT INTO `tb_action_log` VALUES ('1145569987386281984', '', '00', '0:0:0:0:0:0:0:1', 'com.javaweb.MichaelKai.controller.login.LoginController', 'login', null, null, '', '1', '2019-07-01 13:49:03', '1', '2019-07-01 13:49:03');
INSERT INTO `tb_action_log` VALUES ('1145571671042822144', '', '00', '0:0:0:0:0:0:0:1', 'com.javaweb.MichaelKai.controller.login.LoginController', 'login', null, null, '', '1', '2019-07-01 13:55:44', '1', '2019-07-01 13:55:44');
INSERT INTO `tb_action_log` VALUES ('1145571764538052608', '', '00', '0:0:0:0:0:0:0:1', 'com.javaweb.MichaelKai.controller.login.LoginController', 'login', null, null, '', '1', '2019-07-01 13:56:07', '1', '2019-07-01 13:56:07');
INSERT INTO `tb_action_log` VALUES ('1145573144828973056', '', '00', '0:0:0:0:0:0:0:1', 'com.javaweb.MichaelKai.controller.login.LoginController', 'login', null, null, '', '1', '2019-07-01 14:01:36', '1', '2019-07-01 14:01:36');
INSERT INTO `tb_action_log` VALUES ('1145582020034957312', '', '00', '0:0:0:0:0:0:0:1', 'com.javaweb.MichaelKai.controller.login.LoginController', 'login', null, null, '', '1', '2019-07-01 14:36:52', '1', '2019-07-01 14:36:52');
INSERT INTO `tb_action_log` VALUES ('1145582103891677184', '', '00', '0:0:0:0:0:0:0:1', 'com.javaweb.MichaelKai.controller.login.LoginController', 'login', null, null, '', '1', '2019-07-01 14:37:12', '1', '2019-07-01 14:37:12');
INSERT INTO `tb_action_log` VALUES ('1145582478900203520', '', '00', '0:0:0:0:0:0:0:1', 'com.javaweb.MichaelKai.controller.login.LoginController', 'login', null, null, '', '1', '2019-07-01 14:38:41', '1', '2019-07-01 14:38:41');
INSERT INTO `tb_action_log` VALUES ('1145586649028235264', '', '00', '0:0:0:0:0:0:0:1', 'com.javaweb.MichaelKai.controller.login.LoginController', 'login', null, null, '', '1', '2019-07-01 14:55:15', '1', '2019-07-01 14:55:15');
INSERT INTO `tb_action_log` VALUES ('1145587500585193472', '', '00', '0:0:0:0:0:0:0:1', 'com.javaweb.MichaelKai.controller.login.LoginController', 'login', null, null, '', '1', '2019-07-01 14:58:38', '1', '2019-07-01 14:58:38');
INSERT INTO `tb_action_log` VALUES ('1145591357629403136', '', '00', '0:0:0:0:0:0:0:1', 'com.javaweb.MichaelKai.controller.login.LoginController', 'login', null, null, '', '1', '2019-07-01 15:13:58', '1', '2019-07-01 15:13:58');
INSERT INTO `tb_action_log` VALUES ('1145591671493365760', '', '00', '0:0:0:0:0:0:0:1', 'com.javaweb.MichaelKai.controller.login.LoginController', 'login', null, null, '', '1', '2019-07-01 15:15:13', '1', '2019-07-01 15:15:13');
INSERT INTO `tb_action_log` VALUES ('1145592175728398336', '', '00', '0:0:0:0:0:0:0:1', 'com.javaweb.MichaelKai.controller.login.LoginController', 'login', null, null, '', '1', '2019-07-01 15:17:13', '1', '2019-07-01 15:17:13');
INSERT INTO `tb_action_log` VALUES ('1145592414237495296', '', '00', '0:0:0:0:0:0:0:1', 'com.javaweb.MichaelKai.controller.login.LoginController', 'login', null, null, '', '1', '2019-07-01 15:18:10', '1', '2019-07-01 15:18:10');
INSERT INTO `tb_action_log` VALUES ('1145592723722604544', '', '00', '0:0:0:0:0:0:0:1', 'com.javaweb.MichaelKai.controller.login.LoginController', 'login', null, null, '', '1', '2019-07-01 15:19:24', '1', '2019-07-01 15:19:24');
INSERT INTO `tb_action_log` VALUES ('1145593018032721920', '', '00', '0:0:0:0:0:0:0:1', 'com.javaweb.MichaelKai.controller.login.LoginController', 'login', null, null, '', '1', '2019-07-01 15:20:34', '1', '2019-07-01 15:20:34');
INSERT INTO `tb_action_log` VALUES ('1145595803574865920', '', '00', '0:0:0:0:0:0:0:1', 'com.javaweb.MichaelKai.controller.login.LoginController', 'login', null, null, '', '1', '2019-07-01 15:31:38', '1', '2019-07-01 15:31:38');
INSERT INTO `tb_action_log` VALUES ('1145596392853606400', '', '00', '0:0:0:0:0:0:0:1', 'com.javaweb.MichaelKai.controller.login.LoginController', 'login', null, null, '', '1', '2019-07-01 15:33:58', '1', '2019-07-01 15:33:58');
INSERT INTO `tb_action_log` VALUES ('1145596734978789376', '', '00', '0:0:0:0:0:0:0:1', 'com.javaweb.MichaelKai.controller.login.LoginController', 'login', null, null, '', '1', '2019-07-01 15:35:20', '1', '2019-07-01 15:35:20');
INSERT INTO `tb_action_log` VALUES ('1145596963522220032', '', '00', '0:0:0:0:0:0:0:1', 'com.javaweb.MichaelKai.controller.login.LoginController', 'login', null, null, '', '1', '2019-07-01 15:36:14', '1', '2019-07-01 15:36:14');
INSERT INTO `tb_action_log` VALUES ('1145597187875540992', '', '00', '0:0:0:0:0:0:0:1', 'com.javaweb.MichaelKai.controller.login.LoginController', 'login', null, null, '', '1', '2019-07-01 15:37:08', '1', '2019-07-01 15:37:08');
INSERT INTO `tb_action_log` VALUES ('1145600054543912960', '', '00', '0:0:0:0:0:0:0:1', 'com.javaweb.MichaelKai.controller.login.LoginController', 'login', null, null, '', '1', '2019-07-01 15:48:31', '1', '2019-07-01 15:48:31');
INSERT INTO `tb_action_log` VALUES ('1145600308001509376', '', '00', '0:0:0:0:0:0:0:1', 'com.javaweb.MichaelKai.controller.login.LoginController', 'login', null, null, '', '1', '2019-07-01 15:49:32', '1', '2019-07-01 15:49:32');
INSERT INTO `tb_action_log` VALUES ('1145600541506801664', '', '00', '0:0:0:0:0:0:0:1', 'com.javaweb.MichaelKai.controller.login.LoginController', 'login', null, null, '', '1', '2019-07-01 15:50:27', '1', '2019-07-01 15:50:27');
INSERT INTO `tb_action_log` VALUES ('1145600884676366336', '', '00', '0:0:0:0:0:0:0:1', 'com.javaweb.MichaelKai.controller.login.LoginController', 'login', null, null, '', '1', '2019-07-01 15:51:49', '1', '2019-07-01 15:51:49');
INSERT INTO `tb_action_log` VALUES ('1145619356772864000', '', '00', '0:0:0:0:0:0:0:1', 'com.javaweb.MichaelKai.controller.login.LoginController', 'login', null, null, '', '1', '2019-07-01 17:05:13', '1', '2019-07-01 17:05:13');

-- ----------------------------
-- Table structure for `tb_attachment`
-- ----------------------------
DROP TABLE IF EXISTS `tb_attachment`;
CREATE TABLE `tb_attachment` (
  `id` varchar(32) NOT NULL COMMENT '',
  `attach_md5` varchar(300) DEFAULT NULL COMMENT 'md5',
  `attach_sha1` varchar(300) DEFAULT NULL COMMENT 'SHA1',
  `attach_origin_title` varchar(255) DEFAULT NULL COMMENT '',
  `attach_utily` varchar(255) DEFAULT NULL COMMENT '',
  `attach_type` int(11) DEFAULT NULL COMMENT '01',
  `attach_name` varchar(300) DEFAULT NULL COMMENT '',
  `attach_size` bigint(20) DEFAULT NULL COMMENT '',
  `attach_postfix` varchar(32) DEFAULT NULL COMMENT '',
  `attachment` varchar(255) DEFAULT NULL COMMENT '',
  `remark` varchar(255) DEFAULT NULL COMMENT '',
  `status` int(4) DEFAULT '1' COMMENT ':0   1 ',
  `create_user_id` varchar(32) DEFAULT NULL COMMENT '',
  `create_time` datetime DEFAULT NULL COMMENT '',
  `update_user_id` varchar(32) DEFAULT NULL COMMENT '',
  `update_time` datetime DEFAULT NULL COMMENT '',
  `attach_path` varchar(300) DEFAULT NULL COMMENT '',
  PRIMARY KEY (`id`)
) ENGINE=InnoDB DEFAULT CHARSET=utf8mb4;

-- ----------------------------
-- Records of tb_attachment
-- ----------------------------
INSERT INTO `tb_attachment` VALUES ('1128210879683366912', '6ac7b4104812c347629e25f05a389fb9', 'f75871bccd947c749159bcae999a05432f78b51f', null, null, '0', '1128210787962314752.jpg', '13626', null, null, null, '1', null, null, null, null, '/upload/pictrue/20190514/1128210787962314752.jpg');
INSERT INTO `tb_attachment` VALUES ('1128491268444393472', '378d19cb47a5193ca009a1ba400bdc9', 'd699bffdcd418e728a42fbac2c387c05b6223fd9', null, null, '0', '1128491257161601024.png', '44843', null, null, null, '1', null, null, null, null, '/upload/pictrue/20190515/1128491257161601024.png');
INSERT INTO `tb_attachment` VALUES ('1128492759645294592', '4c256eb3e969a6cf5711b8c29b1c8d8a', '16dfe0ed27eac42e9279afac926847cf6819ce5d', null, null, '0', '1128492759603236864.jpg', '9403', null, null, null, '1', null, null, null, null, '/upload/pictrue/20190515/1128492759603236864.jpg');
INSERT INTO `tb_attachment` VALUES ('1128495779309293568', '55c7a56756104a08dd38d4f4215b7dad', 'af674d83608bc10ec3fef10772a69ade01fdbec8', null, null, '0', '1128495779254693888.jpg', '11449', null, null, null, '1', null, null, null, null, '/upload/pictrue/20190515/1128495779254693888.jpg');
INSERT INTO `tb_attachment` VALUES ('1128501069295521792', '89710429816002094d0405f316b2460f', 'e0b65b4e48e8a523b024e3be6a5722a756d55c79', null, null, '0', '1128501069257654272.jpg', '10594', null, null, null, '1', null, null, null, null, '/upload/pictrue/20190515/1128501069257654272.jpg');
INSERT INTO `tb_attachment` VALUES ('1128507361670074368', '361729fbaa4352f0ad5f9dfbb2a030c4', '533ca201124aef6a46514b977ac806ca75ed8e93', null, null, '0', '1128507361636401152.jpg', '23449', null, null, null, '1', null, null, null, null, '/upload/pictrue/20190515/1128507361636401152.jpg');
INSERT INTO `tb_attachment` VALUES ('1128545010325786624', '4a65b94e18002e27f9c503c90682140e', 'a6d9a95ed104092be6dbaf46acd9ca16e9c591c5', null, null, '0', '1128545010287910912.png', '10732', '.jpg', null, null, '1', null, null, null, null, '/upload/pictrue/20190515/1128545010287910912.png');
INSERT INTO `tb_attachment` VALUES ('1133986584283189248', '26f2ca11014dc27987c6914053bed1bd', '25f863a438d97c644ce4b68f70f0844eb7bc877', '.png', null, '0', 'c340601e992c41a4a7a17cf852f46224.png', '95957', '.png', null, null, '1', '1', '2019-05-30 14:40:44', '1', '2019-05-30 14:40:44', 'E:/upload/picture/20190530/c340601e992c41a4a7a17cf852f46224.png');
INSERT INTO `tb_attachment` VALUES ('1134015228053426176', 'ca766d074dce1e09e5da4da1f3ae16ff', '28514bfb91fd54aab0b35dd1cedf9765416027fd', 'u=4254164563,3923686114&fm=27&gp=0.jpg', null, '0', '2536c01f081e4a2aab43f733eea60d1e.jpg', '14025', '.jpg', null, null, '1', '1', '2019-05-30 16:34:34', '1', '2019-05-30 16:34:34', 'E:/upload/picture/20190530/2536c01f081e4a2aab43f733eea60d1e.jpg');
INSERT INTO `tb_attachment` VALUES ('1134018357012598784', 'cd8084762a71872a55fea2f0a523042b', '1720195243a61a1562e28d96a8f7b782416dceb9', '01f9ea56e282836ac72531cbe0233b.jpg@2o.jpg', null, '0', '157f5b9707024b43b3141c73c0f85775.jpg', '12480', '.jpg', null, null, '1', '1', '2019-05-30 16:47:00', '1', '2019-05-30 16:47:00', 'E:/upload/picture/20190530/157f5b9707024b43b3141c73c0f85775.jpg');
INSERT INTO `tb_attachment` VALUES ('1134018582863286272', 'b2ff6ee1fe2fe8c683e180e6c09310e9', '4979a710463dd40fc58370cfd6742566d295c179', '01f9ea56e282836ac72531cbe0233b.jpg@2o.jpg', null, '0', '6b21b39aa5dc461a8fcf414c0b989e8e.jpg', '12220', '.jpg', null, null, '1', '1', '2019-05-30 16:47:53', '1', '2019-05-30 16:47:53', 'E:/upload/picture/20190530/6b21b39aa5dc461a8fcf414c0b989e8e.jpg');
INSERT INTO `tb_attachment` VALUES ('1134018626098171904', '43acd536a98b5dac8b8e7aba9d3ac052', 'fc7256129819fd2d443abacb2206c53c86c252d3', '01f9ea56e282836ac72531cbe0233b.jpg@2o.jpg', null, '0', '30215952ab014b2aa37d87f9335112a8.jpg', '15668', '.jpg', null, null, '1', '1', '2019-05-30 16:48:04', '1', '2019-05-30 16:48:04', 'E:/upload/picture/20190530/30215952ab014b2aa37d87f9335112a8.jpg');
INSERT INTO `tb_attachment` VALUES ('1134019054709903360', 'a35d3986cd88993765e55a773d92b449', '8fec3ed9ab1e8ab9ec9a6227093ccf416f032ba', '1.jpg', null, '0', '1087fe017df94fcc8aa5ec2ca3172708.jpg', '33237', '.jpg', null, null, '1', '1', '2019-05-30 16:49:46', '1', '2019-05-30 16:49:46', 'E:/upload/picture/20190530/1087fe017df94fcc8aa5ec2ca3172708.jpg');
INSERT INTO `tb_attachment` VALUES ('1134019258079121408', 'a7b5d3cb7004a93679f975b25be8da86', '5656908a105dd14c2ffd344db248d0a4f4efbf84', '2.jpg', null, '0', '696743b29ffc4bf49941168e30cbeaf1.jpg', '19612', '.jpg', null, null, '1', '1', '2019-05-30 16:50:34', '1', '2019-05-30 16:50:34', 'E:/upload/picture/20190530/696743b29ffc4bf49941168e30cbeaf1.jpg');
INSERT INTO `tb_attachment` VALUES ('1134022253432934400', '5422c7413e4488e417d523ad9e211070', '591b307f07df42ade29ce82ffefa28fc4ef29c99', 'banner1.png', null, '0', '075e2727e62644db819c291f0226a65b.png', '122694', '.png', null, null, '1', '1', '2019-05-30 17:02:28', '1', '2019-05-30 17:02:28', 'E:/upload/picture/20190530/075e2727e62644db819c291f0226a65b.png');
INSERT INTO `tb_attachment` VALUES ('1134022378054094848', '9d14ecef1142810b6aeeca938a1c824f', '112d4223121cb28862dd41f404026e8b25d0fe24', 'banner2.jpg', null, '0', 'f70d31792dcd40f9b8897ec39eb9bbd5.jpg', '15565', '.jpg', null, null, '1', '1', '2019-05-30 17:02:58', '1', '2019-05-30 17:02:58', 'E:/upload/picture/20190530/f70d31792dcd40f9b8897ec39eb9bbd5.jpg');
INSERT INTO `tb_attachment` VALUES ('1134025354487402496', '557ec9efe77a43fa2d3103e4cfb376ed', 'c41a0518afab756ed74f5a8b5d8cd1d474d98ee2', 'banner3.jpg', null, '0', '04b140014df840a3b95d2522d488bb7c.jpg', '28128', '.jpg', null, null, '1', '1', '2019-05-30 17:14:48', '1', '2019-05-30 17:14:48', 'E:/upload/picture/20190530/04b140014df840a3b95d2522d488bb7c.jpg');
INSERT INTO `tb_attachment` VALUES ('1134027542974566401', '2e5b142962fb0c531775f93cb81a6a9d', '406bfcf53afbf9f863ac327c9b44f4861a0cbbdc', '.jpg', null, '0', '6b11b3fd451444aea1f8e8aeab4c0b45.jpg', '16991', '.jpg', null, null, '1', '1', '2019-05-30 17:23:30', '1', '2019-05-30 17:23:30', 'E:/upload/picture/20190530/6b11b3fd451444aea1f8e8aeab4c0b45.jpg');
INSERT INTO `tb_attachment` VALUES ('1134028949656047616', 'fbf7d714bd4182d6ecb32ae2aa19d340', '21e16c50d63586f60897a7aca1f40f968936429f', 'u=4254164563,3923686114&fm=27&gp=0.jpg', null, '0', 'cfde4ac4d8a3421f89e485b51c83fc30.jpg', '13613', '.jpg', null, null, '1', '1', '2019-05-30 17:29:05', '1', '2019-05-30 17:29:05', 'E:/upload/picture/20190530/cfde4ac4d8a3421f89e485b51c83fc30.jpg');
INSERT INTO `tb_attachment` VALUES ('1134258260426231808', 'abceb038216a3dddbf811a7a623dad10', '95ff783165d3ecc4d5fd2127ea0f1945ed8a9d5b', 'u=4254164563,3923686114&fm=27&gp=0.jpg', null, '0', '114fe4651c464c86adf6deb02f4dde81.jpg', '13785', '.jpg', null, null, '1', '1', '2019-05-31 08:40:17', '1', '2019-05-31 08:40:17', 'E:/upload/picture/20190531/114fe4651c464c86adf6deb02f4dde81.jpg');
INSERT INTO `tb_attachment` VALUES ('1137965258275688448', '351ca25375a36acbb73adaf943027fd2', 'ef1a0a76d88816ff09184e5b73b100dc4e400513', '008.jpg', null, '0', 'f47053b85d28418aaa030f2e5658bc67.jpg', '14906', '.jpg', null, null, '1', '1', '2019-06-10 14:10:34', '1', '2019-06-10 14:10:34', 'E:/upload/picture/20190610/f47053b85d28418aaa030f2e5658bc67.jpg');
INSERT INTO `tb_attachment` VALUES ('1138321962590932992', 'c29d19675851d25b8d8d1a618e60795c', 'b1bcc518da91546a1a06dd1565ca0ee3cde5341d', 'TIM20190606105512.jpg', null, '0', '1946a757bfd04210a76604672bd784ad.jpg', '27497', '.jpg', null, null, '1', '1', '2019-06-11 13:47:59', '1', '2019-06-11 13:47:59', 'E:/upload/picture/20190611/1946a757bfd04210a76604672bd784ad.jpg');
INSERT INTO `tb_attachment` VALUES ('1138362829003427840', '73be7ffd0a780e6871546515872ddd4f', 'fa830dfee3dab8d72ea6051f43a02321ebd0c30b', '01f9ea56e282836ac72531cbe0233b.jpg@2o.jpg', null, '0', '8c64389575634db6a181e6a324a9e8ef.jpg', '19080', '.jpg', null, null, '1', '1133293016937795584', '2019-06-11 16:30:22', '1133293016937795584', '2019-06-11 16:30:22', 'E:/upload/picture/20190611/8c64389575634db6a181e6a324a9e8ef.jpg');
INSERT INTO `tb_attachment` VALUES ('1138733066584461312', '3acfaea5a847c7216f02df314c967070', '36fa0e6e076c1ae7ad2ff96e57be6a0551e93e2e', '01f9ea56e282836ac72531cbe0233b.jpg@2o.jpg', null, '0', '1fe47db7cd4446f0aa2551b199749313.jpg', '388084', '.jpg', null, null, '1', '1', '2019-06-12 17:01:34', '1', '2019-06-12 17:01:34', 'E:/upload/picture/20190612/1fe47db7cd4446f0aa2551b199749313.jpg');
INSERT INTO `tb_attachment` VALUES ('1141537962945810432', '3436aa3715153c2589ae96dc35772183', '16bd3c299da2fad10fdba43e51febb398d354951', '2.jpg', null, '2', 'aa2c1b1342704fc8983dd6d2f105ac2a.jpg', '10596', '.jpg', null, null, '1', '1', '2019-06-20 10:47:13', '1', '2019-06-20 10:47:13', 'E:/upload/cloudDisk/cloudDisk/20190620/aa2c1b1342704fc8983dd6d2f105ac2a.jpg');

-- ----------------------------
-- Table structure for `tb_dict`
-- ----------------------------
DROP TABLE IF EXISTS `tb_dict`;
CREATE TABLE `tb_dict` (
  `id` varchar(36) NOT NULL COMMENT '',
  `dic_code` varchar(36) DEFAULT NULL COMMENT '',
  `dic_name` varchar(255) DEFAULT NULL COMMENT '',
  `remark` varchar(255) DEFAULT NULL,
  `status` int(4) DEFAULT '1' COMMENT ':0   1 ',
  `create_user_id` varchar(32) DEFAULT NULL COMMENT '',
  `create_time` datetime DEFAULT NULL COMMENT '',
  `update_user_id` varchar(32) DEFAULT NULL COMMENT '',
  `update_time` datetime DEFAULT NULL COMMENT '',
  PRIMARY KEY (`id`)
) ENGINE=InnoDB DEFAULT CHARSET=utf8mb4 COMMENT='';

-- ----------------------------
-- Records of tb_dict
-- ----------------------------
INSERT INTO `tb_dict` VALUES ('1131846342956683264', 'MENU_TYPE', '', '', '1', null, null, null, null);
INSERT INTO `tb_dict` VALUES ('1132815871576772608', 'STATUS_TYPE', '', '', '1', null, null, null, null);
INSERT INTO `tb_dict` VALUES ('1133272672818565120', 'EDUCATION_TYPE', '', '', '1', null, null, null, null);
INSERT INTO `tb_dict` VALUES ('1133662048857755648', 'SEX_TYPE', '', '', '1', null, null, null, null);
INSERT INTO `tb_dict` VALUES ('1134387003094339584', 'LOG_TYPE', '', '', '1', '1', '2019-05-31 17:11:52', '1', '2019-05-31 17:11:52');
INSERT INTO `tb_dict` VALUES ('1138289691280412672', 'JUDGE_TYPE', '0 1', '', '1', '1', '2019-06-11 11:39:45', '1', '2019-06-11 11:39:45');
INSERT INTO `tb_dict` VALUES ('1138290276561981440', 'NOTICE_PRIORITY', '', '', '1', '1', '2019-06-11 11:42:05', '1', '2019-06-11 11:42:05');

-- ----------------------------
-- Table structure for `tb_dict_item`
-- ----------------------------
DROP TABLE IF EXISTS `tb_dict_item`;
CREATE TABLE `tb_dict_item` (
  `id` varchar(32) NOT NULL COMMENT '',
  `dic_id` varchar(32) DEFAULT NULL COMMENT '',
  `item_code` varchar(2) DEFAULT NULL COMMENT '',
  `item_name` varchar(255) DEFAULT NULL COMMENT '',
  `item_sort` int(11) DEFAULT NULL COMMENT '',
  `remark` varchar(255) DEFAULT NULL,
  `status` int(4) DEFAULT '1' COMMENT ':0   1 ',
  `create_user_id` varchar(32) DEFAULT NULL COMMENT '',
  `create_time` datetime DEFAULT NULL COMMENT '',
  `update_user_id` varchar(32) DEFAULT NULL COMMENT '',
  `update_time` datetime DEFAULT NULL COMMENT '',
  PRIMARY KEY (`id`)
) ENGINE=InnoDB DEFAULT CHARSET=utf8mb4 COMMENT='';

-- ----------------------------
-- Records of tb_dict_item
-- ----------------------------
INSERT INTO `tb_dict_item` VALUES ('1132815766790475776', '1131846342956683264', '1', '', '1', '', '1', null, null, null, null);
INSERT INTO `tb_dict_item` VALUES ('1132816313589305344', '1131846342956683264', '2', '', '2', '', '1', null, null, null, null);
INSERT INTO `tb_dict_item` VALUES ('1132819129217191936', '1131846342956683264', '3', '', '3', '', '1', null, null, null, null);
INSERT INTO `tb_dict_item` VALUES ('1132835967078633472', '1132815871576772608', '0', '', '1', '', '1', null, null, null, null);
INSERT INTO `tb_dict_item` VALUES ('1132835999861313536', '1132815871576772608', '1', '', '2', '', '1', null, null, null, null);
INSERT INTO `tb_dict_item` VALUES ('1132836056564109312', '1132815871576772608', '2', '', '3', '', '1', null, null, null, null);
INSERT INTO `tb_dict_item` VALUES ('1133272731014533120', '1133272672818565120', '0', '', '1', '', '1', null, null, null, null);
INSERT INTO `tb_dict_item` VALUES ('1133272788665241600', '1133272672818565120', '1', '', '2', '', '1', null, null, null, null);
INSERT INTO `tb_dict_item` VALUES ('1133272844373987328', '1133272672818565120', '2', '', '3', '', '1', null, null, null, null);
INSERT INTO `tb_dict_item` VALUES ('1133272911784841216', '1133272672818565120', '3', '', '4', '', '1', null, null, null, null);
INSERT INTO `tb_dict_item` VALUES ('1133272973155897344', '1133272672818565120', '4', '', '5', '', '1', null, null, null, null);
INSERT INTO `tb_dict_item` VALUES ('1133273042785538048', '1133272672818565120', '5', '', '6', '', '1', null, null, null, null);
INSERT INTO `tb_dict_item` VALUES ('1133273095189172224', '1133272672818565120', '6', '', '7', '', '1', null, null, null, null);
INSERT INTO `tb_dict_item` VALUES ('1133662098631561216', '1133662048857755648', '0', '', '1', '', '1', null, null, null, null);
INSERT INTO `tb_dict_item` VALUES ('1133662141627371520', '1133662048857755648', '1', '', '2', '', '1', null, null, null, null);
INSERT INTO `tb_dict_item` VALUES ('1134388841571028992', '1134387003094339584', '00', '', '1', '', '1', '1', '2019-05-31 17:19:10', '1', '2019-05-31 17:19:10');
INSERT INTO `tb_dict_item` VALUES ('1134388922223300608', '1134387003094339584', '01', '', '2', '', '1', '1', '2019-05-31 17:19:29', '1', '2019-05-31 17:19:29');
INSERT INTO `tb_dict_item` VALUES ('1134388980910002176', '1134387003094339584', '02', '', '3', '', '1', '1', '2019-05-31 17:19:43', '1', '2019-05-31 17:19:43');
INSERT INTO `tb_dict_item` VALUES ('1134389044424347648', '1134387003094339584', '03', '', '4', '', '1', '1', '2019-05-31 17:19:58', '1', '2019-05-31 17:19:58');
INSERT INTO `tb_dict_item` VALUES ('1134389104386117632', '1134387003094339584', '04', '', '5', '', '1', '1', '2019-05-31 17:20:13', '1', '2019-05-31 17:20:13');
INSERT INTO `tb_dict_item` VALUES ('1138289759320412160', '1138289691280412672', '0', '', '1', '', '1', '1', '2019-06-11 11:40:01', '1', '2019-06-11 11:40:01');
INSERT INTO `tb_dict_item` VALUES ('1138289792396693504', '1138289691280412672', '1', '', '2', '', '1', '1', '2019-06-11 11:40:09', '1', '2019-06-11 11:40:09');
INSERT INTO `tb_dict_item` VALUES ('1138290579889852416', '1138290276561981440', '0', '', '1', '', '1', '1', '2019-06-11 11:43:17', '1', '2019-06-11 11:45:43');
INSERT INTO `tb_dict_item` VALUES ('1138290725583196160', '1138290276561981440', '1', '', '2', '', '1', '1', '2019-06-11 11:43:52', '1', '2019-06-11 11:45:59');
INSERT INTO `tb_dict_item` VALUES ('1138290794495610880', '1138290276561981440', '2', '', '3', '', '1', '1', '2019-06-11 11:44:08', '1', '2019-06-11 11:44:08');
INSERT INTO `tb_dict_item` VALUES ('1138290844122615808', '1138290276561981440', '3', '', '4', '', '1', '1', '2019-06-11 11:44:20', '1', '2019-06-11 11:44:20');

-- ----------------------------
-- Table structure for `tb_hot_post`
-- ----------------------------
DROP TABLE IF EXISTS `tb_hot_post`;
CREATE TABLE `tb_hot_post` (
  `id` varchar(32) NOT NULL COMMENT '',
  `title` varchar(200) DEFAULT NULL COMMENT '',
  `content` varchar(32) DEFAULT NULL COMMENT '',
  `type` int(4) DEFAULT NULL COMMENT '',
  `sort` int(4) DEFAULT NULL COMMENT '',
  `remark` varchar(200) DEFAULT NULL COMMENT '',
  `status` int(4) DEFAULT '1' COMMENT ':0   1 ',
  `create_user_id` varchar(32) DEFAULT NULL COMMENT '',
  `create_time` datetime DEFAULT NULL COMMENT '',
  `update_user_id` varchar(32) DEFAULT NULL COMMENT '',
  `update_time` datetime DEFAULT NULL COMMENT '',
  PRIMARY KEY (`id`)
) ENGINE=InnoDB DEFAULT CHARSET=utf8mb4 COMMENT='';

-- ----------------------------
-- Records of tb_hot_post
-- ----------------------------
INSERT INTO `tb_hot_post` VALUES ('1145986664083099648', '', '', '0', '1', null, '1', '-1', '2019-07-02 17:24:46', '-1', '2019-07-02 17:24:46');
INSERT INTO `tb_hot_post` VALUES ('1145986957822791680', '40', '', '0', '1', null, '1', '-1', '2019-07-02 17:25:56', '-1', '2019-07-02 17:25:56');
INSERT INTO `tb_hot_post` VALUES ('1145987120054276096', ' ', '713', '0', '1', null, '1', '-1', '2019-07-02 17:26:35', '-1', '2019-07-02 17:26:35');
INSERT INTO `tb_hot_post` VALUES ('1145987258059460608', ' 145', '', '0', '1', null, '1', '-1', '2019-07-02 17:27:08', '-1', '2019-07-02 17:27:08');
INSERT INTO `tb_hot_post` VALUES ('1145987370710077440', ' ', '2014', '0', '1', null, '1', '-1', '2019-07-02 17:27:35', '-1', '2019-07-02 17:27:35');
INSERT INTO `tb_hot_post` VALUES ('1145987490306461696', '', '2100', '0', '1', null, '1', '-1', '2019-07-02 17:28:03', '-1', '2019-07-02 17:28:03');
INSERT INTO `tb_hot_post` VALUES ('1145987577606705152', ' ', '', '0', '1', null, '1', '-1', '2019-07-02 17:28:24', '-1', '2019-07-02 17:28:24');
INSERT INTO `tb_hot_post` VALUES ('1145987685844914176', '85 ', '2', '0', '1', null, '1', '-1', '2019-07-02 17:28:50', '-1', '2019-07-02 17:28:50');
INSERT INTO `tb_hot_post` VALUES ('1145987838949593088', '', '3', '0', '1', null, '1', '-1', '2019-07-02 17:29:26', '-1', '2019-07-02 17:29:26');
INSERT INTO `tb_hot_post` VALUES ('1145987929533976576', '', 'G20', '0', '1', null, '1', '-1', '2019-07-02 17:29:48', '-1', '2019-07-02 17:29:48');
INSERT INTO `tb_hot_post` VALUES ('1145988059431571456', '', '', '0', '1', null, '1', '-1', '2019-07-02 17:30:19', '-1', '2019-07-02 17:30:19');
INSERT INTO `tb_hot_post` VALUES ('1145988304311816192', '300', '', '0', '1', null, '1', '-1', '2019-07-02 17:31:17', '-1', '2019-07-02 17:31:17');
INSERT INTO `tb_hot_post` VALUES ('1145988395340795904', '22', '', '0', '1', null, '1', '-1', '2019-07-02 17:31:39', '-1', '2019-07-02 17:31:39');

-- ----------------------------
-- Table structure for `tb_notice`
-- ----------------------------
DROP TABLE IF EXISTS `tb_notice`;
CREATE TABLE `tb_notice` (
  `id` varchar(32) NOT NULL COMMENT '',
  `title` varchar(200) DEFAULT NULL COMMENT '',
  `content` text COMMENT '',
  `publish_time` datetime DEFAULT NULL COMMENT '',
  `cancel` int(4) DEFAULT '1' COMMENT ':0   1 ',
  `cancel_time` datetime DEFAULT NULL COMMENT '',
  `priority` int(4) DEFAULT '1' COMMENT '',
  `remark` varchar(200) DEFAULT NULL COMMENT '',
  `status` int(4) DEFAULT '1' COMMENT ':0   1  2 ',
  `create_user_id` varchar(32) DEFAULT NULL COMMENT '',
  `create_time` datetime DEFAULT NULL COMMENT '',
  `update_user_id` varchar(32) DEFAULT NULL COMMENT '',
  `update_time` datetime DEFAULT NULL COMMENT '',
  PRIMARY KEY (`id`)
) ENGINE=InnoDB DEFAULT CHARSET=utf8mb4 COMMENT='';

-- ----------------------------
-- Records of tb_notice
-- ----------------------------
INSERT INTO `tb_notice` VALUES ('1137927497413955584', '1', '', null, null, null, '1', '1', '0', '1', '2019-06-10 15:01:22', '1', '2019-06-10 11:58:59');
INSERT INTO `tb_notice` VALUES ('1137928840799195136', '2', '22222', '2019-06-17 08:55:38', null, null, '2', '2', '1', '1', '2019-06-10 11:45:52', '1', '2019-06-17 08:55:38');
INSERT INTO `tb_notice` VALUES ('1137928936324468736', '333', '<b>33333333344444444444</b>', null, null, null, '1', '333', '0', '1', '2019-06-11 11:19:32', '1', '2019-06-10 11:58:54');
INSERT INTO `tb_notice` VALUES ('1137929108798443520', '444', '', null, null, null, '444', '444', '0', '1', '2019-06-11 11:19:32', '1', '2019-06-10 11:58:59');
INSERT INTO `tb_notice` VALUES ('1138288193825804288', '', '<b><i><u>11111</u></i></b>', '2019-06-12 16:09:35', '0', '2019-06-11 11:37:23', '1', '', '1', '1', '2019-06-11 11:33:48', '1', '2019-06-12 16:09:35');
INSERT INTO `tb_notice` VALUES ('1138339105265029120', ' 3', '<p><a target=\"_blank\" href=\"http://www.chinanews.com/\"></a><span><b>611 6113<img src=\"http://localhost:8092/lib/layui-v2.3.0/images/face/26.gif\" alt=\"[]\"><img src=\"http://localhost:8092/lib/layui-v2.3.0/images/face/26.gif\" alt=\"[]\"><img src=\"http://localhost:8092/lib/layui-v2.3.0/images/face/26.gif\" alt=\"[]\"></b></span></p>', '2019-06-12 16:59:39', null, null, '3', '', '1', '1', '2019-06-11 14:56:06', '1', '2019-06-12 16:59:39');
INSERT INTO `tb_notice` VALUES ('1138361402101207040', ' 6', '<p><a target=\"_blank\" href=\"http://www.chinanews.com/\"></a>611 116</p><p>10</p><p></p>', '2019-06-13 08:49:31', null, null, '2', '', '1', '1', '2019-06-11 16:24:42', '1', '2019-06-13 08:49:31');
INSERT INTO `tb_notice` VALUES ('1138711115509927936', '', '<p style=\"text-align: justify;\"><span class=\"bjh-p\"></span></p><p style=\"text-align: justify;\"><span class=\"bjh-p\"></span></p><p style=\"text-align: justify;\"><span class=\"bjh-p\"></span></p><p style=\"text-align: justify;\"><span class=\"bjh-p\"></span></p><p style=\"text-align: justify;\"><span class=\"bjh-p\">61124</span></p><p style=\"text-align: justify;\"><span class=\"bjh-p\">527610WTI61529.94%</span></p><p style=\"text-align: justify;\"><span class=\"bjh-p\"> 18.5</span></p><div><span class=\"bjh-p\"><br></span></div>', '2019-06-12 16:16:51', null, null, '3', '', '1', '1', '2019-06-12 15:34:20', '1', '2019-06-12 16:16:51');

-- ----------------------------
-- Table structure for `tb_notice_user`
-- ----------------------------
DROP TABLE IF EXISTS `tb_notice_user`;
CREATE TABLE `tb_notice_user` (
  `id` int(11) NOT NULL AUTO_INCREMENT,
  `notice_id` varchar(32) DEFAULT NULL COMMENT '',
  `user_id` varchar(32) DEFAULT NULL COMMENT '',
  `readed` int(4) DEFAULT NULL COMMENT ':0   1 ',
  `readed_time` datetime DEFAULT NULL COMMENT '',
  `remark` varchar(200) DEFAULT NULL COMMENT '',
  `create_user_id` varchar(32) DEFAULT NULL COMMENT '',
  `create_time` datetime DEFAULT NULL COMMENT '',
  `update_user_id` varchar(32) DEFAULT NULL COMMENT '',
  `update_time` datetime DEFAULT NULL COMMENT '',
  PRIMARY KEY (`id`)
) ENGINE=InnoDB AUTO_INCREMENT=81 DEFAULT CHARSET=utf8mb4 COMMENT='';

-- ----------------------------
-- Records of tb_notice_user
-- ----------------------------
INSERT INTO `tb_notice_user` VALUES ('14', '1138339105265029120', '1', '1', '2019-06-17 08:56:00', null, '1', '2019-06-11 14:56:24', '1', '2019-06-17 08:56:00');
INSERT INTO `tb_notice_user` VALUES ('15', '1138361402101207040', '1', '1', '2019-06-17 08:56:00', null, '1', '2019-06-11 16:24:51', '1', '2019-06-17 08:56:00');
INSERT INTO `tb_notice_user` VALUES ('16', '1138361402101207040', '1133293016937795584', '1', '2019-06-11 16:29:44', null, '1', '2019-06-11 16:28:44', '1133293016937795584', '2019-06-11 16:29:44');
INSERT INTO `tb_notice_user` VALUES ('17', '1138361402101207040', '1', '1', '2019-06-17 08:56:00', null, '1', '2019-06-12 10:24:58', '1', '2019-06-17 08:56:00');
INSERT INTO `tb_notice_user` VALUES ('18', '1138361402101207040', '1133293016937795584', '0', null, null, '1', '2019-06-12 10:51:26', '1', '2019-06-12 10:51:26');
INSERT INTO `tb_notice_user` VALUES ('19', '1138361402101207040', '1', '1', '2019-06-17 08:56:00', null, '1', '2019-06-12 13:45:05', '1', '2019-06-17 08:56:00');
INSERT INTO `tb_notice_user` VALUES ('20', '1138361402101207040', '1', '1', '2019-06-17 08:56:00', null, '1', '2019-06-12 13:48:26', '1', '2019-06-17 08:56:00');
INSERT INTO `tb_notice_user` VALUES ('21', '1138361402101207040', '1133293016937795584', '0', null, null, '1', '2019-06-12 13:48:56', '1', '2019-06-12 13:48:56');
INSERT INTO `tb_notice_user` VALUES ('22', '1138361402101207040', '1133293016937795584', '0', null, null, '1', '2019-06-12 13:50:26', '1', '2019-06-12 13:50:26');
INSERT INTO `tb_notice_user` VALUES ('23', '1138361402101207040', '1133293016937795584', '0', null, null, '1', '2019-06-12 13:50:44', '1', '2019-06-12 13:50:44');
INSERT INTO `tb_notice_user` VALUES ('24', '1138361402101207040', '1133293016937795584', '0', null, null, '1', '2019-06-12 13:51:29', '1', '2019-06-12 13:51:29');
INSERT INTO `tb_notice_user` VALUES ('25', '1138361402101207040', '1133293016937795584', '0', null, null, '1', '2019-06-12 13:51:42', '1', '2019-06-12 13:51:42');
INSERT INTO `tb_notice_user` VALUES ('26', '1138339105265029120', '1133293016937795584', '0', null, null, '1', '2019-06-12 13:53:51', '1', '2019-06-12 13:53:51');
INSERT INTO `tb_notice_user` VALUES ('27', '1138339105265029120', '1133293016937795584', '0', null, null, '1', '2019-06-12 13:54:02', '1', '2019-06-12 13:54:02');
INSERT INTO `tb_notice_user` VALUES ('28', '1138339105265029120', '1133293016937795584', '0', null, null, '1', '2019-06-12 13:55:49', '1', '2019-06-12 13:55:49');
INSERT INTO `tb_notice_user` VALUES ('29', '1138339105265029120', '1133293016937795584', '0', null, null, '1', '2019-06-12 14:03:55', '1', '2019-06-12 14:03:55');
INSERT INTO `tb_notice_user` VALUES ('30', '1138288193825804288', '1133293016937795584', '0', null, null, '1', '2019-06-12 14:59:04', '1', '2019-06-12 14:59:04');
INSERT INTO `tb_notice_user` VALUES ('31', '1137928840799195136', '1133293016937795584', '0', null, null, '1', '2019-06-12 15:12:55', '1', '2019-06-12 15:12:55');
INSERT INTO `tb_notice_user` VALUES ('32', '1138288193825804288', '1133293016937795584', '0', null, null, '1', '2019-06-12 15:29:48', '1', '2019-06-12 15:29:48');
INSERT INTO `tb_notice_user` VALUES ('33', '1138711115509927936', '1133293016937795584', '0', null, null, '1', '2019-06-12 15:34:28', '1', '2019-06-12 15:34:28');
INSERT INTO `tb_notice_user` VALUES ('34', '1138711115509927936', '1133293016937795584', '1', '2019-06-12 15:35:55', null, '1', '2019-06-12 15:35:32', '1133293016937795584', '2019-06-12 15:35:55');
INSERT INTO `tb_notice_user` VALUES ('35', '1138711115509927936', '1133293016937795584', '1', '2019-06-12 15:35:51', null, '1', '2019-06-12 15:35:42', '1133293016937795584', '2019-06-12 15:35:51');
INSERT INTO `tb_notice_user` VALUES ('36', '1138711115509927936', '1', '1', '2019-06-17 08:56:00', null, '1', '2019-06-12 15:36:17', '1', '2019-06-17 08:56:00');
INSERT INTO `tb_notice_user` VALUES ('37', '1138711115509927936', '1133293016937795584', '0', null, null, '1', '2019-06-12 15:36:17', '1', '2019-06-12 15:36:17');
INSERT INTO `tb_notice_user` VALUES ('38', '1138711115509927936', '1', '1', '2019-06-17 08:56:00', null, '1', '2019-06-12 15:49:47', '1', '2019-06-17 08:56:00');
INSERT INTO `tb_notice_user` VALUES ('39', '1138711115509927936', '1', '1', '2019-06-17 08:56:00', null, '1', '2019-06-12 15:51:12', '1', '2019-06-17 08:56:00');
INSERT INTO `tb_notice_user` VALUES ('40', '1138711115509927936', '1133293016937795584', '0', null, null, '1', '2019-06-12 15:51:12', '1', '2019-06-12 15:51:12');
INSERT INTO `tb_notice_user` VALUES ('41', '1138711115509927936', '1', '1', '2019-06-17 08:56:00', null, '1', '2019-06-12 15:51:27', '1', '2019-06-17 08:56:00');
INSERT INTO `tb_notice_user` VALUES ('42', '1138711115509927936', '1133293016937795584', '0', null, null, '1', '2019-06-12 15:51:27', '1', '2019-06-12 15:51:27');
INSERT INTO `tb_notice_user` VALUES ('43', '1138711115509927936', '1', '1', '2019-06-17 08:56:00', null, '1', '2019-06-12 15:56:39', '1', '2019-06-17 08:56:00');
INSERT INTO `tb_notice_user` VALUES ('44', '1138711115509927936', '1133293016937795584', '0', null, null, '1', '2019-06-12 15:56:39', '1', '2019-06-12 15:56:39');
INSERT INTO `tb_notice_user` VALUES ('45', '1138711115509927936', '1', '1', '2019-06-17 08:56:00', null, '1', '2019-06-12 15:56:57', '1', '2019-06-17 08:56:00');
INSERT INTO `tb_notice_user` VALUES ('46', '1138711115509927936', '1133293016937795584', '0', null, null, '1', '2019-06-12 15:56:57', '1', '2019-06-12 15:56:57');
INSERT INTO `tb_notice_user` VALUES ('47', '1138711115509927936', '1', '1', '2019-06-17 08:56:00', null, '1', '2019-06-12 15:58:56', '1', '2019-06-17 08:56:00');
INSERT INTO `tb_notice_user` VALUES ('48', '1138711115509927936', '1133293016937795584', '0', null, null, '1', '2019-06-12 15:58:56', '1', '2019-06-12 15:58:56');
INSERT INTO `tb_notice_user` VALUES ('49', '1138711115509927936', '1', '1', '2019-06-17 08:56:00', null, '1', '2019-06-12 16:01:45', '1', '2019-06-17 08:56:00');
INSERT INTO `tb_notice_user` VALUES ('50', '1138711115509927936', '1133293016937795584', '0', null, null, '1', '2019-06-12 16:01:45', '1', '2019-06-12 16:01:45');
INSERT INTO `tb_notice_user` VALUES ('51', '1138711115509927936', '1133293016937795584', '1', '2019-06-12 16:03:57', null, '1', '2019-06-12 16:03:41', '1133293016937795584', '2019-06-12 16:03:57');
INSERT INTO `tb_notice_user` VALUES ('52', '1137928840799195136', '1', '1', '2019-06-17 08:56:00', null, '1', '2019-06-12 16:05:04', '1', '2019-06-17 08:56:00');
INSERT INTO `tb_notice_user` VALUES ('53', '1137928840799195136', '1133293016937795584', '0', null, null, '1', '2019-06-12 16:05:04', '1', '2019-06-12 16:05:04');
INSERT INTO `tb_notice_user` VALUES ('54', '1138288193825804288', '1', '1', '2019-06-17 08:56:00', null, '1', '2019-06-12 16:09:35', '1', '2019-06-17 08:56:00');
INSERT INTO `tb_notice_user` VALUES ('55', '1138288193825804288', '1133293016937795584', '0', null, null, '1', '2019-06-12 16:09:35', '1', '2019-06-12 16:09:35');
INSERT INTO `tb_notice_user` VALUES ('56', '1138361402101207040', '1', '1', '2019-06-17 08:56:00', null, '1', '2019-06-12 16:10:08', '1', '2019-06-17 08:56:00');
INSERT INTO `tb_notice_user` VALUES ('57', '1138361402101207040', '1133293016937795584', '0', null, null, '1', '2019-06-12 16:10:08', '1', '2019-06-12 16:10:08');
INSERT INTO `tb_notice_user` VALUES ('58', '1138361402101207040', '1', '1', '2019-06-17 08:56:00', null, '1', '2019-06-12 16:10:23', '1', '2019-06-17 08:56:00');
INSERT INTO `tb_notice_user` VALUES ('59', '1138361402101207040', '1133293016937795584', '0', null, null, '1', '2019-06-12 16:10:23', '1', '2019-06-12 16:10:23');
INSERT INTO `tb_notice_user` VALUES ('60', '1138361402101207040', '1', '1', '2019-06-17 08:56:00', null, '1', '2019-06-12 16:10:30', '1', '2019-06-17 08:56:00');
INSERT INTO `tb_notice_user` VALUES ('61', '1138361402101207040', '1133293016937795584', '0', null, null, '1', '2019-06-12 16:10:30', '1', '2019-06-12 16:10:30');
INSERT INTO `tb_notice_user` VALUES ('62', '1138339105265029120', '1', '1', '2019-06-17 08:56:00', null, '1', '2019-06-12 16:14:26', '1', '2019-06-17 08:56:00');
INSERT INTO `tb_notice_user` VALUES ('63', '1138339105265029120', '1133293016937795584', '0', null, null, '1', '2019-06-12 16:14:26', '1', '2019-06-12 16:14:26');
INSERT INTO `tb_notice_user` VALUES ('64', '1138339105265029120', '1', '1', '2019-06-17 08:56:00', null, '1', '2019-06-12 16:14:31', '1', '2019-06-17 08:56:00');
INSERT INTO `tb_notice_user` VALUES ('65', '1138339105265029120', '1133293016937795584', '0', null, null, '1', '2019-06-12 16:14:31', '1', '2019-06-12 16:14:31');
INSERT INTO `tb_notice_user` VALUES ('66', '1138711115509927936', '1', '1', '2019-06-17 08:56:00', null, '1', '2019-06-12 16:16:51', '1', '2019-06-17 08:56:00');
INSERT INTO `tb_notice_user` VALUES ('67', '1138711115509927936', '1133293016937795584', '0', null, null, '1', '2019-06-12 16:16:51', '1', '2019-06-12 16:16:51');
INSERT INTO `tb_notice_user` VALUES ('68', '1138339105265029120', '1', '1', '2019-06-17 08:56:00', null, '1', '2019-06-12 16:18:23', '1', '2019-06-17 08:56:00');
INSERT INTO `tb_notice_user` VALUES ('69', '1138339105265029120', '1133293016937795584', '0', null, null, '1', '2019-06-12 16:18:23', '1', '2019-06-12 16:18:23');
INSERT INTO `tb_notice_user` VALUES ('70', '1138339105265029120', '1', '1', '2019-06-17 08:56:00', null, '1', '2019-06-12 16:19:18', '1', '2019-06-17 08:56:00');
INSERT INTO `tb_notice_user` VALUES ('71', '1138339105265029120', '1133293016937795584', '0', null, null, '1', '2019-06-12 16:19:18', '1', '2019-06-12 16:19:18');
INSERT INTO `tb_notice_user` VALUES ('72', '1138339105265029120', '1', '1', '2019-06-17 08:56:00', null, '1', '2019-06-12 16:20:21', '1', '2019-06-17 08:56:00');
INSERT INTO `tb_notice_user` VALUES ('73', '1138339105265029120', '1133293016937795584', '0', null, null, '1', '2019-06-12 16:20:21', '1', '2019-06-12 16:20:21');
INSERT INTO `tb_notice_user` VALUES ('74', '1138361402101207040', '1', '1', '2019-06-17 08:56:00', null, '1', '2019-06-12 16:20:32', '1', '2019-06-17 08:56:00');
INSERT INTO `tb_notice_user` VALUES ('75', '1138361402101207040', '1133293016937795584', '0', null, null, '1', '2019-06-12 16:20:32', '1', '2019-06-12 16:20:32');
INSERT INTO `tb_notice_user` VALUES ('76', '1138339105265029120', '1', '1', '2019-06-17 08:56:00', null, '1', '2019-06-12 16:59:39', '1', '2019-06-17 08:56:00');
INSERT INTO `tb_notice_user` VALUES ('77', '1138339105265029120', '1133293016937795584', '0', null, null, '1', '2019-06-12 16:59:39', '1', '2019-06-12 16:59:39');
INSERT INTO `tb_notice_user` VALUES ('78', '1138361402101207040', '1', '1', '2019-06-17 08:56:00', null, '1', '2019-06-13 08:49:31', '1', '2019-06-17 08:56:00');
INSERT INTO `tb_notice_user` VALUES ('79', '1138361402101207040', '1133293016937795584', '0', null, null, '1', '2019-06-13 08:49:31', '1', '2019-06-13 08:49:31');
INSERT INTO `tb_notice_user` VALUES ('80', '1137928840799195136', '1', '1', '2019-06-17 08:56:00', null, '1', '2019-06-17 08:55:38', '1', '2019-06-17 08:56:00');

-- ----------------------------
-- Table structure for `tb_permission`
-- ----------------------------
DROP TABLE IF EXISTS `tb_permission`;
CREATE TABLE `tb_permission` (
  `id` varchar(32) NOT NULL COMMENT '',
  `name` varchar(200) DEFAULT NULL COMMENT '',
  `pid` varchar(32) DEFAULT NULL COMMENT 'id',
  `sort` int(4) DEFAULT NULL COMMENT '',
  `level` int(4) DEFAULT NULL COMMENT '',
  `remark` varchar(200) DEFAULT NULL COMMENT '',
  `status` int(4) DEFAULT '1' COMMENT ':0   1 ',
  `create_user_id` varchar(32) DEFAULT NULL COMMENT '',
  `create_time` datetime DEFAULT NULL COMMENT '',
  `update_user_id` varchar(32) DEFAULT NULL COMMENT '',
  `update_time` datetime DEFAULT NULL COMMENT '',
  `url` varchar(200) DEFAULT NULL COMMENT '',
  `perm` varchar(32) DEFAULT NULL COMMENT '',
  `icon` varchar(200) DEFAULT NULL COMMENT 'class',
  PRIMARY KEY (`id`)
) ENGINE=InnoDB DEFAULT CHARSET=utf8mb4 COMMENT='';

-- ----------------------------
-- Records of tb_permission
-- ----------------------------
INSERT INTO `tb_permission` VALUES ('1', '', '3', '1', '2', '', '1', null, '2019-05-22 10:11:27', null, '2019-05-22 10:11:27', '#', '#', null);
INSERT INTO `tb_permission` VALUES ('1131464174405292032', null, '3', null, null, 'cs ', '0', null, null, null, null, '#', '#', null);
INSERT INTO `tb_permission` VALUES ('1131464444015153152', '', '3', null, null, 'cs 6666', '0', null, null, null, null, '#', '#', null);
INSERT INTO `tb_permission` VALUES ('1131745206354448384', '', '0', '5', '1', '', '1', null, null, null, null, '#', '#', 'layui-icon layui-icon-group');
INSERT INTO `tb_permission` VALUES ('1131745394703863808', '', '1131745206354448384', '1', '3', '', '1', null, null, null, null, '/system/generator/code', 'system:generator:code', '');
INSERT INTO `tb_permission` VALUES ('1131844623304626176', '', '1', '4', '3', '', '1', null, null, null, null, '/system/basicDict/dictList', 'system:basicDict:dict', null);
INSERT INTO `tb_permission` VALUES ('1133211301611442176', 'cs ', '', null, '1', '', '0', null, null, null, null, '', '', null);
INSERT INTO `tb_permission` VALUES ('1134365935621246976', '', '1', '5', '3', '', '1', '1', '2019-05-31 15:48:09', '1', '2019-05-31 15:50:02', '/system/actionLog/actionLogList', 'system:actionLog:actionLogList', null);
INSERT INTO `tb_permission` VALUES ('1135459297203982336', '', '0', '3', '1', '', '1', '1', '2019-06-03 16:12:46', '1', '2019-06-03 16:59:40', '#', '#', 'layui-icon layui-icon-group');
INSERT INTO `tb_permission` VALUES ('1135459509322518528', '', '1135459297203982336', '7', '3', '', '1', '1', '2019-06-03 16:13:37', '1', '2019-06-03 16:14:48', '#', '#', null);
INSERT INTO `tb_permission` VALUES ('1135459754504753152', '', '1135459297203982336', '1', '3', '', '1', '1', '2019-06-03 16:14:35', '1', '2019-06-03 16:14:35', '#', '#', null);
INSERT INTO `tb_permission` VALUES ('1135459874256326656', '', '1135459297203982336', '2', '3', '', '1', '1', '2019-06-03 16:15:04', '1', '2019-06-03 16:15:04', '#', '#', null);
INSERT INTO `tb_permission` VALUES ('1135459939356119040', '', '1135459297203982336', '3', '3', '', '1', '1', '2019-06-03 16:15:20', '1', '2019-06-03 16:15:20', '#', '#', null);
INSERT INTO `tb_permission` VALUES ('1135460039818088448', '', '1135459297203982336', '4', '3', '', '1', '1', '2019-06-03 16:15:43', '1', '2019-06-03 16:15:43', '#', '#', null);
INSERT INTO `tb_permission` VALUES ('1135460124345896960', '', '1135459297203982336', '5', '3', '', '1', '1', '2019-06-03 16:16:04', '1', '2019-06-03 16:16:04', '#', '#', null);
INSERT INTO `tb_permission` VALUES ('1135460197318397952', '', '1135459297203982336', '6', '3', '', '1', '1', '2019-06-03 16:16:21', '1', '2019-06-03 16:16:21', '#', '#', null);
INSERT INTO `tb_permission` VALUES ('1135460285805629440', '', '1135459297203982336', '8', '3', '', '1', '1', '2019-06-03 16:16:42', '1', '2019-06-03 16:16:42', '#', '#', null);
INSERT INTO `tb_permission` VALUES ('1137893909041647616', '', '0', '4', '1', '', '1', '1', '2019-06-10 09:27:03', '1', '2019-06-10 09:27:03', '#', '#', 'layui-icon layui-icon-dialogue');
INSERT INTO `tb_permission` VALUES ('1137894436731228160', '', '1137893909041647616', '1', '3', '', '1', '1', '2019-06-10 09:29:09', '1', '2019-06-10 09:29:09', '/system/notice/noticeList', 'system:notice:noticeList', '');
INSERT INTO `tb_permission` VALUES ('1137894695867912192', '', '1137893909041647616', '2', '3', '', '1', '1', '2019-06-10 09:30:11', '1', '2019-06-10 09:30:11', '/system/notice/myNotice', 'system:notice:myNotice', '');
INSERT INTO `tb_permission` VALUES ('1139044888717955072', '', '1137893909041647616', '3', '3', '', '1', '1', '2019-06-13 13:40:38', '1', '2019-06-13 13:40:38', '/system/layIm/index', 'system:layIm:index', '');
INSERT INTO `tb_permission` VALUES ('1141187527294717952', '', '1141870860664180736', '1', '3', '', '1', '1', '2019-06-19 11:34:43', '1', '2019-06-21 08:50:16', 'system/cloudDisk/disk', 'system:cloudDisk:disk', 'layui-icon layui-icon-upload');
INSERT INTO `tb_permission` VALUES ('1141870860664180736', '', '0', '7', '1', '', '1', '1', '2019-06-21 08:50:02', '1', '2019-06-21 08:50:02', '#', '#', 'layui-icon layui-icon-upload');
INSERT INTO `tb_permission` VALUES ('1141871107410890752', '', '1141870860664180736', '2', '3', '', '1', '1', '2019-06-21 08:51:01', '1', '2019-06-21 08:51:01', '/system/cloudDisk/commonDisk', 'system:cloudDisk:commonDisk', '');
INSERT INTO `tb_permission` VALUES ('1144448932416458752', 'Quartz', '1', '6', '3', '', '1', '1', '2019-06-28 11:34:22', '1', '2019-06-28 11:34:22', '/system/quartz/scheduleJob', 'system:quartz:scheduleJob', '');
INSERT INTO `tb_permission` VALUES ('2', '', '3', '2', '2', '', '0', null, '2019-05-22 10:11:27', null, '2019-05-22 10:11:27', '#', '#', null);
INSERT INTO `tb_permission` VALUES ('3', '', '0', '2', '1', null, '1', null, '2019-05-22 10:11:27', '1', '2019-06-03 17:01:07', '#', '#', 'layui-icon layui-icon-set-sm');
INSERT INTO `tb_permission` VALUES ('4', '', '0', '1', '1', '', '1', null, '2019-05-22 10:11:27', '1', '2019-06-03 17:00:47', '/system/main/console', 'system:main:console', 'layui-icon layui-icon-home');
INSERT INTO `tb_permission` VALUES ('5', '', '1', '1', '3', null, '1', null, '2019-05-22 10:11:27', null, '2019-05-22 10:11:27', '/system/user/userList', '#', null);
INSERT INTO `tb_permission` VALUES ('6', '', '1', '2', '3', null, '1', null, '2019-05-22 10:11:27', null, '2019-05-22 10:11:27', '/system/role/roleList', '#', null);
INSERT INTO `tb_permission` VALUES ('7', '', '1', '3', '3', null, '1', null, '2019-05-22 10:11:27', null, '2019-05-22 10:11:27', '/system/permission/permissionList', '#', null);

-- ----------------------------
-- Table structure for `tb_role`
-- ----------------------------
DROP TABLE IF EXISTS `tb_role`;
CREATE TABLE `tb_role` (
  `id` varchar(32) NOT NULL COMMENT '',
  `role_name` varchar(200) DEFAULT NULL COMMENT '',
  `remark` varchar(200) DEFAULT NULL COMMENT '',
  `status` int(4) DEFAULT '1' COMMENT ':0   1 ',
  `create_user_id` varchar(32) DEFAULT NULL COMMENT '',
  `create_time` datetime DEFAULT NULL COMMENT '',
  `update_user_id` varchar(32) DEFAULT NULL COMMENT '',
  `update_time` datetime DEFAULT NULL COMMENT '',
  PRIMARY KEY (`id`)
) ENGINE=InnoDB DEFAULT CHARSET=utf8mb4 COMMENT='';

-- ----------------------------
-- Records of tb_role
-- ----------------------------
INSERT INTO `tb_role` VALUES ('1133215383529066496', '', '', '1', null, null, null, null);
INSERT INTO `tb_role` VALUES ('1133293155316273152', '1', 'cs ', '1', null, null, null, null);
INSERT INTO `tb_role` VALUES ('1138264907154853888', '2', '', '1', '1', '2019-06-11 10:01:16', '1', '2019-06-11 10:01:16');

-- ----------------------------
-- Table structure for `tb_role_permission`
-- ----------------------------
DROP TABLE IF EXISTS `tb_role_permission`;
CREATE TABLE `tb_role_permission` (
  `role_id` varchar(200) DEFAULT NULL COMMENT '',
  `permission_id` varchar(32) DEFAULT NULL COMMENT '',
  `create_user_id` varchar(32) DEFAULT NULL COMMENT '',
  `create_time` datetime DEFAULT NULL COMMENT '',
  `update_user_id` varchar(32) DEFAULT NULL COMMENT '',
  `update_time` datetime DEFAULT NULL COMMENT '',
  `id` int(32) NOT NULL AUTO_INCREMENT,
  PRIMARY KEY (`id`)
) ENGINE=InnoDB AUTO_INCREMENT=210 DEFAULT CHARSET=utf8mb4 COMMENT='';

-- ----------------------------
-- Records of tb_role_permission
-- ----------------------------
INSERT INTO `tb_role_permission` VALUES ('1133215383529066496', '1131745394703863808', '1', '2019-06-10 09:44:30', '1', '2019-06-10 09:44:30', '187');
INSERT INTO `tb_role_permission` VALUES ('1133215383529066496', '1', '1', '2019-06-10 09:44:30', '1', '2019-06-10 09:44:30', '188');
INSERT INTO `tb_role_permission` VALUES ('1133215383529066496', '3', '1', '2019-06-10 09:44:30', '1', '2019-06-10 09:44:30', '189');
INSERT INTO `tb_role_permission` VALUES ('1133215383529066496', '4', '1', '2019-06-10 09:44:30', '1', '2019-06-10 09:44:30', '190');
INSERT INTO `tb_role_permission` VALUES ('1133215383529066496', '5', '1', '2019-06-10 09:44:30', '1', '2019-06-10 09:44:30', '191');
INSERT INTO `tb_role_permission` VALUES ('1133215383529066496', '6', '1', '2019-06-10 09:44:30', '1', '2019-06-10 09:44:30', '192');
INSERT INTO `tb_role_permission` VALUES ('1133215383529066496', '7', '1', '2019-06-10 09:44:30', '1', '2019-06-10 09:44:30', '193');
INSERT INTO `tb_role_permission` VALUES ('1133215383529066496', '1131844623304626176', '1', '2019-06-10 09:44:30', '1', '2019-06-10 09:44:30', '194');
INSERT INTO `tb_role_permission` VALUES ('1133215383529066496', '1134365935621246976', '1', '2019-06-10 09:44:30', '1', '2019-06-10 09:44:30', '195');
INSERT INTO `tb_role_permission` VALUES ('1133215383529066496', '1131745206354448384', '1', '2019-06-10 09:44:30', '1', '2019-06-10 09:44:30', '196');
INSERT INTO `tb_role_permission` VALUES ('1133293155316273152', '1137893909041647616', '1', '2019-06-20 11:28:14', '1', '2019-06-20 11:28:14', '203');
INSERT INTO `tb_role_permission` VALUES ('1133293155316273152', '1', '1', '2019-06-20 11:28:14', '1', '2019-06-20 11:28:14', '204');
INSERT INTO `tb_role_permission` VALUES ('1133293155316273152', '3', '1', '2019-06-20 11:28:14', '1', '2019-06-20 11:28:14', '205');
INSERT INTO `tb_role_permission` VALUES ('1133293155316273152', '4', '1', '2019-06-20 11:28:14', '1', '2019-06-20 11:28:14', '206');
INSERT INTO `tb_role_permission` VALUES ('1133293155316273152', '1131844623304626176', '1', '2019-06-20 11:28:14', '1', '2019-06-20 11:28:14', '207');
INSERT INTO `tb_role_permission` VALUES ('1133293155316273152', '1141187527294717952', '1', '2019-06-20 11:28:14', '1', '2019-06-20 11:28:14', '208');
INSERT INTO `tb_role_permission` VALUES ('1133293155316273152', '1137894695867912192', '1', '2019-06-20 11:28:14', '1', '2019-06-20 11:28:14', '209');

-- ----------------------------
-- Table structure for `tb_user`
-- ----------------------------
DROP TABLE IF EXISTS `tb_user`;
CREATE TABLE `tb_user` (
  `id` varchar(32) NOT NULL COMMENT '',
  `account` varchar(200) DEFAULT NULL COMMENT '',
  `user_name` varchar(200) DEFAULT NULL COMMENT '',
  `password` varchar(200) DEFAULT NULL COMMENT '',
  `nick_name` varchar(200) DEFAULT NULL COMMENT '',
  `user_icon` varchar(255) DEFAULT NULL COMMENT '',
  `last_login_time` datetime DEFAULT NULL COMMENT '',
  `age` int(11) DEFAULT NULL COMMENT '',
  `sex` int(2) DEFAULT NULL COMMENT ' 1  0',
  `marry_flag` int(2) DEFAULT NULL COMMENT '',
  `education` int(2) DEFAULT NULL COMMENT '',
  `phone` varchar(200) DEFAULT NULL COMMENT '',
  `email` varchar(200) DEFAULT NULL COMMENT '',
  `prov` varchar(32) DEFAULT NULL COMMENT '',
  `city` varchar(32) DEFAULT NULL COMMENT '',
  `dist` varchar(32) DEFAULT NULL COMMENT '',
  `address` varchar(200) DEFAULT NULL COMMENT '',
  `idcard` varchar(200) DEFAULT NULL COMMENT '',
  `remark` varchar(200) DEFAULT NULL COMMENT '',
  `status` int(4) DEFAULT '1' COMMENT ':0   1 ',
  `create_user_id` varchar(32) DEFAULT NULL COMMENT '',
  `create_time` datetime DEFAULT NULL COMMENT '',
  `update_user_id` varchar(32) DEFAULT NULL COMMENT '',
  `update_time` datetime DEFAULT NULL COMMENT '',
  `salt` varchar(32) DEFAULT NULL COMMENT '',
  PRIMARY KEY (`id`),
  KEY `idx_user_marry` (`marry_flag`)
) ENGINE=InnoDB DEFAULT CHARSET=utf8mb4 COMMENT='';

-- ----------------------------
-- Records of tb_user
-- ----------------------------
INSERT INTO `tb_user` VALUES ('1', 'admin66', '', '3fc998176534f989edd113a6ebc983c4', '', '1134028949656047616', '2019-07-01 17:05:13', '1', '1', '0', '0', '17856941753', '6666', null, null, null, '', '', '222', '1', null, '2019-05-22 10:09:12', '1', '2019-07-01 17:05:13', '8078562253287299');
INSERT INTO `tb_user` VALUES ('1131040231643025408', null, '1', null, 'user1', null, null, null, '0', '1', '1', '17856941754', null, null, null, null, null, null, '', '1', null, null, null, null, null);
INSERT INTO `tb_user` VALUES ('1131075786208579584', null, '1', null, 'user1', null, null, null, '1', '1', '1', '1', '1', null, null, null, null, null, '1', '1', null, null, null, null, null);
INSERT INTO `tb_user` VALUES ('1131075870979657728', null, '2', null, 'user2', null, null, null, '0', '0', '5', '2', '2', null, null, null, null, null, '2', '1', null, null, null, null, null);
INSERT INTO `tb_user` VALUES ('1131092905277132800', null, '3', null, 'user3', null, null, null, '0', '1', '3', '33333', '33333', null, null, null, null, null, '3333', '1', null, null, null, null, null);
INSERT INTO `tb_user` VALUES ('1133211256220684288', null, '4', null, 'user4', null, null, null, '1', '1', '2', '17856941756', '1111', null, null, null, null, null, '111', '1', null, null, null, null, null);
INSERT INTO `tb_user` VALUES ('1133293016937795584', 'yonghu1', '1', 'b658bd073405f3cdec29492834f20b33', 'user1', '1138362829003427840', '2019-06-20 15:46:57', '0', '1', '1', '6', '17856941757', 'yonghu1', null, null, null, null, null, 'cs ', '1', null, null, '1133293016937795584', '2019-06-20 15:46:57', '7499023618408530');
INSERT INTO `tb_user` VALUES ('1133580976413347840', 'fyk', null, '9957d003ea2b3d4a0f2a02db1dc5c2b7', '', null, '2019-05-29 16:15:02', '0', '0', '0', '0', '17856941755', null, null, null, null, null, null, null, '1', null, null, '1', '2019-05-31 11:48:17', '7212652797294128');
INSERT INTO `tb_user` VALUES ('1134294084744253440', 'yonghu2', '2', 'b727585eda2d4d4390174ede03c8cb1e', 'fyk002', null, null, null, '1', '1', '2', '17856941755', '1111', null, null, null, null, null, '1', '1', null, null, '1', '2019-05-31 11:48:17', '2829457445343951');
INSERT INTO `tb_user` VALUES ('1134294281180286976', 'ceshi', '', '2bd21c29b1e869f405a93642eac0ce31', 'fyk003', null, null, null, '1', '1', '6', '17856941755', '1111', null, null, null, null, null, '', '1', null, null, '1', '2019-05-31 11:48:17', '3408253574310677');
INSERT INTO `tb_user` VALUES ('1134295479455191040', 'yonghu4', '4', '2b27399a5904da81f0b20043e6e185ae', 'fyk004', null, null, null, '1', '1', '5', '17856941755', '1111', null, null, null, null, null, '1', '1', '1', '2019-05-31 11:08:11', '1', '2019-05-31 11:08:11', '4815464075634887');
INSERT INTO `tb_user` VALUES ('1134393203030626304', 'yonghuceshi1', '1', 'a8445ed9c0463301b95d9d6c2acf85d7', 'test1', null, null, null, '1', '1', '0', '1', '1', null, null, null, null, null, '', '1', '1', '2019-05-31 17:36:30', '1', '2019-05-31 17:36:56', '1362466788565495');

-- ----------------------------
-- Table structure for `tb_user_role`
-- ----------------------------
DROP TABLE IF EXISTS `tb_user_role`;
CREATE TABLE `tb_user_role` (
  `id` int(32) NOT NULL AUTO_INCREMENT,
  `user_id` varchar(200) DEFAULT NULL COMMENT '',
  `role_id` varchar(32) DEFAULT NULL COMMENT '',
  `create_user_id` varchar(32) DEFAULT NULL COMMENT '',
  `create_time` datetime DEFAULT NULL COMMENT '',
  `update_user_id` varchar(32) DEFAULT NULL COMMENT '',
  `update_time` datetime DEFAULT NULL COMMENT '',
  PRIMARY KEY (`id`)
) ENGINE=InnoDB AUTO_INCREMENT=24 DEFAULT CHARSET=utf8mb4 COMMENT='';

-- ----------------------------
-- Records of tb_user_role
-- ----------------------------
INSERT INTO `tb_user_role` VALUES ('20', '1', '1133215383529066496', null, null, null, null);
INSERT INTO `tb_user_role` VALUES ('21', '1133293016937795584', '1133293155316273152', null, null, null, null);
INSERT INTO `tb_user_role` VALUES ('22', '1133293016937795584', '1133215383529066496', null, null, null, null);
INSERT INTO `tb_user_role` VALUES ('23', '1134393203030626304', '1138264907154853888', '1', '2019-06-11 10:01:30', '1', '2019-06-11 10:01:30');
